time_ps,temperature_K,potential_kJ_per_mol,kinetic_kJ_per_mol,total_kJ_per_mol,graphene_z_min_nm,graphene_z_max_nm,graphene_z_mean_nm,ligand_z_min_nm,ligand_z_max_nm,pyrene_z_mean_nm,pyrene_height_above_graphene_nm,pyrene_tilt_from_graphene_plane_deg,pyrene_plane_rms_nm,terminal_C36_height_above_graphene_nm,pyrene_center_to_terminal_C36_nm,ligand_vertical_span_nm,water_z_min_nm,water_z_max_nm,water_below_graphene
0.0,311.21903268198196,-302889.8850680082,61652.610610698786,-241237.27445730942,0.4640765171818171,0.5346593683332124,0.49998185903734904,2.962392471635411,4.150515794502155,2.9997894929483877,2.499807633911039,2.201224809594099,0.0009001598502205671,3.483534646189205,1.833392719544026,1.188123322866744,0.7759605651027109,6.61939158335754,0
0.10000000000000007,305.02535163805095,-301590.4455223661,60425.64000302857,-241164.80551933753,0.44933959090852227,0.5445398922313522,0.5009196898983972,2.9349122274776676,4.151188659172078,3.0069903969427383,2.506070707044341,7.261276028880276,0.0068002100612262915,3.473073330035169,1.8360983336435577,1.2162764316944106,0.7726545140696164,6.576863432253674,0
0.20000000000000015,301.91802951592643,-301631.3092889297,59810.07829015251,-241821.23099877717,0.45824053727650527,0.5436916096329405,0.5010735791631714,2.9164897332844717,4.119095095597302,3.007665759916219,2.5065921807530476,9.233813994417398,0.0076521437882127565,3.4338609200377705,1.8298608302545782,1.2026053623128306,0.7690256436967733,6.598993049677034,0
0.3000000000000002,304.32868116811375,-302367.113322387,60287.629313782265,-242079.48400860472,0.4547072786288249,0.5434167149434099,0.5010377731381932,2.9473548822324886,4.0980586627604225,3.002105030348843,2.5010672572106496,7.671796252045277,0.005920811100132927,3.382785880208616,1.7913986295772697,1.1507037805279339,0.7657948547126558,6.599322415365336,0
0.4000000000000003,305.33395274596006,-302904.95756558795,60486.77400173036,-242418.18356385757,0.46179999702200814,0.5470660120049384,0.5009880291609345,2.914288802782732,4.081127476519953,2.997570175535433,2.4965821463744984,11.801454299164478,0.0058349251763907765,3.3413993461414666,1.7306007474063974,1.166838673737221,0.7645776145880596,6.589971961561975,0
0.5000000000000003,303.4113509755958,-302621.283073477,60105.905848243005,-242515.37722523397,0.45759406963920957,0.5400755729847599,0.500195893967015,2.8577295102076263,4.0570807645983145,2.9950121334444866,2.4948162394774718,15.340809727178359,0.010577702703467839,3.313735728362377,1.6496143075131349,1.1993512543906881,0.7629763219994388,6.60241343274906,0
0.6000000000000004,301.2537932632288,-302662.2237826013,59678.492831872,-242983.7309507293,0.46267445144724384,0.5372409033965848,0.4988529248951829,2.886670590198436,4.025561395344184,2.9892107772154377,2.4903578523202548,14.412777834396268,0.004346179984105391,3.2931526676923886,1.6010272059162218,1.1388908051457478,0.7685313041923028,6.573891227546454,0
0.7000000000000005,301.92306724834685,-302862.03840864357,59811.07626689128,-243050.9621417523,0.4538806238529052,0.5434745013826285,0.49889741827576173,2.851047496951228,4.00814648260274,2.9747509510064427,2.4758535327306808,13.85030598029016,0.007201088753127359,3.2816757303635384,1.6009226923493016,1.157098985651512,0.7687740897201307,6.565304267270258,0
0.8000000000000006,302.1869771114563,-302552.65721006086,59863.356912732226,-242689.30029732862,0.45080537870864745,0.5419871458395313,0.4987855304297528,2.8668389255731164,4.013948870258705,2.9644803475734367,2.465694817143684,16.46815513703094,0.004933366993184861,3.224553946903239,1.5995715946970597,1.1471099446855888,0.7608655165698348,6.577479445752061,0
0.9000000000000007,302.88871087111545,-302715.13966108207,60002.37064162861,-242712.76901945347,0.4560235995389581,0.5440003282125566,0.4988172610058783,2.8238031502581755,4.023419773413721,2.9695230535464985,2.4707057925406204,22.70529636826892,0.005479223665085155,3.185229694102369,1.631274492861784,1.1996166231555456,0.7705430216562537,6.542543864110879,0
1.0000000000000007,304.8406004221843,-303178.0244672061,60389.04071578859,-242788.9837514175,0.4532068150131643,0.539750612904875,0.5005540271294812,2.789297919639097,4.051582261422695,2.972721123714196,2.472167096584715,29.738639868335728,0.005721272330447736,3.20473015991037,1.6589557612573795,1.262284341783598,0.7622703498099987,6.572584937492067,0
1.0999999999999897,304.47697313825506,-303154.52591060195,60317.0060103584,-242837.51990024355,0.4632994231322919,0.5495444671407839,0.501648566242407,2.7760005602775237,4.065579190995749,2.9529664860807054,2.4513179198382984,34.53410369332836,0.008588666635276325,3.1661744199871382,1.6331031321548761,1.2895786307182249,0.7702658661836885,6.613085365766317,0
1.1999999999999786,302.9461344561018,-302303.5191839165,60013.74627599944,-242289.77290791707,0.4666552016965402,0.549698989735198,0.5021803185007492,2.7328810374992756,4.071611021986634,2.9265609611485037,2.4243806426477548,32.56377995611464,0.0033050799466836423,3.1529811925630957,1.5788952512659913,1.3387299844873581,0.7756997821327678,6.666792342626323,0
1.2999999999999676,303.37801521989803,-302655.0229986594,60099.30202216034,-242555.72097649908,0.4656005504906567,0.5378751603072871,0.5017275814646506,2.771975891528726,4.077439015206892,2.923389676728857,2.4216620952642067,24.402851620602394,0.012028410210970666,3.1621232379397126,1.5719787808650436,1.305463123678166,0.7645351117377466,6.657351365181611,0
1.3999999999999566,304.13865005900595,-302857.95540050464,60249.98407765137,-242607.97132285326,0.46228035617598273,0.537504811460753,0.5007099421111821,2.8056394438174124,4.110666699139266,2.92768549433986,2.426975552228678,18.616802758016682,0.00875918381245819,3.168792589058356,1.5906832350081659,1.3050272553218534,0.7620390725338266,6.599528262870333,0
1.4999999999999456,302.47998660544255,-302828.42268069834,59921.402206692226,-242907.0204740061,0.4523645152137412,0.5346732093978401,0.499031312328764,2.8354884951894945,4.10941375680207,2.945440493055028,2.446409180726264,17.109292153411783,0.005381369769890358,3.183660104822966,1.6004772131367757,1.2739252616125754,0.7752980511412746,6.630932339861503,0
1.5999999999999346,302.7749763768209,-302793.60238594096,59979.83979436866,-242813.7625915723,0.45053593344893894,0.5469916295589332,0.49825156569830126,2.870910316014026,4.101546816610792,2.964190938612928,2.465939372914627,16.56405056694231,0.0035728813890148325,3.2042044704399677,1.5913459186046783,1.2306365005967663,0.7664135953527538,6.653717052943029,0
1.6999999999999236,300.868974612435,-302389.71562689124,59602.26010847886,-242787.45551841237,0.45462376904632773,0.5393107115785547,0.5003499114823154,2.879133420729616,4.100353052302481,2.9768593841864845,2.476509472704169,14.00912564140054,0.005450386365325207,3.154943800207673,1.5897144357214947,1.2212196315728647,0.7673706947808876,6.627002401146001,0
1.7999999999999126,298.4784260219199,-301902.39500006987,59128.691509133,-242773.70349093687,0.46013355867988937,0.5417322514007482,0.5031764074253254,2.924417935478523,4.111088429288685,2.9790728467924352,2.47589643936711,9.28438148434378,0.0071887054889213,3.102764892816931,1.5899460853669225,1.186670493810162,0.7728204695003023,6.627382864383733,0
1.8999999999999015,302.15252840610174,-302335.0457007163,59856.53261089257,-242478.51308982374,0.4504691453919145,0.5478728483140078,0.503425710872716,2.9233241070538964,4.114897853839736,2.988546291613951,2.485120580741235,10.94098067545504,0.005328136926974782,3.062586286670199,1.5906484696058658,1.1915737467858394,0.7679394687905408,6.58778157730373,0
1.9999999999998905,303.3872531719159,-302156.8296365943,60101.132064024074,-242055.6975725702,0.4609230411442695,0.5426423838369576,0.5013934994505167,2.936876091802567,4.108302422373356,2.9926501270814887,2.491256627630972,8.90906644755469,0.007181814530585491,3.051768162093106,1.575315737689199,1.1714263305707888,0.7645349889120023,6.596530591191424,0
2.0999999999998797,302.50255036633314,-302103.8648913335,59925.87209644194,-242177.99279489156,0.44958671114072324,0.543018196977977,0.49931601274793885,2.9534815168153585,4.05229926649092,2.9956772754840593,2.4963612627361202,6.186874847643036,0.005783398782023696,3.036846425827684,1.5492531753014045,1.0988177496755611,0.7694480067727483,6.640489567599929,0
2.1999999999998687,303.18236150933205,-302325.57599464897,60060.54294650834,-242265.03304814064,0.45413587112795106,0.5454231312359745,0.4993009047191392,2.945299564923424,4.046320137456334,2.9966831965391605,2.4973822918200215,6.67292479189504,0.00558022017643193,3.0204363838074104,1.5187011661951668,1.10102057253291,0.7614936290200816,6.686303657586123,0
2.2999999999998577,300.9024833926318,-302412.3940029368,59608.898210781634,-242803.49579215515,0.46108741635217054,0.5437272423067991,0.49920384687421154,2.885077773899379,4.025646284635776,2.9903535516803434,2.4911497048061317,14.752722937299371,0.006156250422064756,2.9945022461816726,1.5311914277347125,1.1405685107363972,0.7668708864937521,6.661124146811872,0
2.3999999999998467,301.7344915360078,-302935.93402877776,59773.71934542255,-243162.2146833552,0.46004725190060425,0.5435005167673861,0.49995042485151026,2.8401805162930316,4.04292227752866,2.9739312382343095,2.4739808133827994,18.10445768053102,0.0057851731429039615,2.966594660920235,1.5300603011109422,1.2027417612356288,0.7728592249472639,6.701696789121776,0
2.4999999999998357,301.1706881170448,-302557.86270701885,59662.029670306096,-242895.83303671275,0.4577184962405072,0.5406288082416335,0.49944727120143906,2.8492866835475894,4.0446746867038,2.9660458458227277,2.4665985746212886,18.68266605302895,0.008308983284799185,2.9745139951061015,1.5768061139586436,1.1953880031562107,0.7650500470486352,6.71674692626295,0
2.5999999999998247,301.56660669940527,-302631.75479312474,59740.461294430934,-242891.2934986938,0.45079077116299615,0.5418827288014914,0.49847898523983575,2.834025794660654,4.023968247484014,2.967972146483268,2.469493161243432,17.065026059070597,0.008746495829972188,2.95841152648564,1.575964081407791,1.1899424528233595,0.7519097365124277,6.747715899212995,0
2.6999999999998137,302.3007090501238,-302773.7373789344,59885.88725372148,-242887.85012521292,0.45960263270351565,0.5359371168776921,0.49839026837087347,2.8459227107297185,4.009480531860142,2.964610114978205,2.4662198466073315,15.85394571862445,0.009551753621420328,2.943377797133233,1.5850603096590106,1.1635578211304232,0.7585136451699892,6.711015346834344,0
2.7999999999998026,299.0007655131965,-302282.0265246844,59232.16716415559,-243049.85936052882,0.45950652867080866,0.5371093932208026,0.5002409176287069,2.846202586435343,4.00057421935621,2.947234747466619,2.446993829837912,13.97064840045943,0.009870903392302111,2.937072100036618,1.5677444795452264,1.154371632920867,0.7712069099020322,6.659967390861404,0
2.8999999999997916,303.1626823041303,-303232.8124875962,60056.644488355014,-243176.16799924115,0.4637473699860548,0.5464803067598041,0.5027113648513523,2.7878176300906787,3.9817881910067783,2.9353393115641295,2.432627946712777,19.791936413423727,0.011746127812741008,2.956341374361058,1.5037023428887453,1.1939705609160995,0.7785056777028583,6.673704849914927,0
2.9999999999997806,301.69083840229376,-303322.0222914126,59765.07164276884,-243556.95064864375,0.4592209226945734,0.5447996796969403,0.5028803036009682,2.7848147781926897,3.963147029751873,2.92290968810103,2.420029384500062,22.199898890544052,0.008689814415087361,2.9826437101521814,1.475317762781412,1.1783322515591834,0.7801839821553891,6.661610078575407,0
3.0999999999997696,300.4632681364738,-302975.6403685515,59521.88949885026,-243453.7508697012,0.45843548833012004,0.5389987954687694,0.5015352164958483,2.7931615897592224,3.993546926162903,2.9200660672673386,2.41853085077149,23.14881086504326,0.009866277903662606,3.0344777350161083,1.5334857254231595,1.2003853364036807,0.7461228083344302,6.629397425978851,0
3.1999999999997586,299.1128879785678,-303074.9232940967,59254.37866786305,-243820.54462623366,0.4599290756118779,0.540702967528814,0.49947437861758426,2.785816813879862,4.002685644400906,2.9408611176750057,2.4413867390574215,27.710157769796844,0.00763336978744667,3.0731646902004504,1.5149678048765625,1.2168688305210438,0.7612548622242965,6.6388189914173665,0
3.2999999999997476,299.61941116137257,-302734.5642177751,59354.72110606691,-243379.84311170824,0.45564942564335187,0.533383444501176,0.49807446789524745,2.779732182444466,3.9890210826329433,2.9474235538244464,2.449349085929199,23.67200660497415,0.00782597299537366,3.115931192123863,1.5020467305696057,1.2092889001884775,0.7620101576367947,6.6348425735894665,0
3.3999999999997366,304.5959086229932,-303416.3033322734,60340.56717583457,-243075.73615643883,0.45553540856202446,0.5358099142802466,0.49799706978997693,2.8201940073494196,4.007431587082877,2.950969474490093,2.452972404700116,22.164450367204655,0.00914835388176955,3.144598957175597,1.542205298257896,1.1872375797334573,0.7688324288454069,6.597395691933187,0
3.4999999999997256,303.9202498936742,-303484.9825456254,60206.718920522406,-243278.26362510302,0.4599318821055971,0.5391773069735821,0.49945612620263163,2.8080430578493285,4.04092996473338,2.9491690225447273,2.4497128963420955,23.52646475308297,0.003828997284618365,3.1504369419680804,1.5968351037328692,1.2328869068840511,0.7636948131088737,6.628611803971097,0
3.5999999999997145,299.2078759990709,-302814.96299768984,59273.1958314224,-243541.76716626744,0.4617030286776751,0.539931284097106,0.5015216898505489,2.8164098252798997,4.053365970085679,2.943627458656632,2.442105768806083,22.180139532523473,0.007062328622247149,3.169535365767764,1.5837208735294177,1.236956144805779,0.7613900829746498,6.6218123808230125,0
3.6999999999997035,301.9080821127388,-303693.51762193255,59808.10770573796,-243885.4099161946,0.4606809092548394,0.5460496981765051,0.5024172678592879,2.828952195144403,4.040307547376482,2.9372561127640893,2.4348388449048013,20.70934615141132,0.005675457272930241,3.1269979545724578,1.5478248748960155,1.2113553522320792,0.7759311050155588,6.625372796865491,0
3.7999999999996925,299.2165090169431,-303670.9418617585,59274.906035598164,-244396.0358261603,0.4609756098148239,0.5384598670129375,0.5021780223228989,2.8058377938282035,4.056831973151077,2.9375499676467847,2.435371945323886,20.171086433293578,0.006283360788002204,3.116314457859498,1.5635630457870817,1.2509941793228734,0.7818680252031722,6.634694044454342,0
3.8999999999996815,298.96888738274504,-303465.6351817795,59225.852094197355,-244239.78308758215,0.45791121240919974,0.5330577318607048,0.500597701762199,2.8299191709004106,4.043423326665632,2.9505757592236246,2.4499780574614256,17.980179455875554,0.008037131746870665,3.1115150593798635,1.5180625421980842,1.2135041557652215,0.779034542103453,6.665286889030682,0
3.9999999999996705,298.6133644308605,-303276.637340148,59155.42286007624,-244121.21448007174,0.4571724346617554,0.545704447681997,0.5002058894504396,2.883889648587676,4.061317323376912,2.960349539352518,2.4601436499020783,13.424732135821124,0.00623084464326313,3.131871877241645,1.5252030646013535,1.1774276747892358,0.7732744338871678,6.667909304123455,0
4.099999999999704,298.83077963171576,-303519.62735962775,59198.492895361895,-244321.13446426584,0.4659580563639647,0.5397233182436469,0.5014991105601959,2.886237466077773,4.055409855353318,2.9590237839917273,2.4575246734315312,4.721289145051777,0.007962935132939438,3.163460116479819,1.5315554180022686,1.1691723892755448,0.7657723297133767,6.658329430134259,0
4.199999999999737,298.9760808736117,-303503.54175933776,59227.27712751717,-244276.2646318206,0.46398992586389376,0.5386548987728528,0.5018241609526569,2.9029759397192976,4.048974266004265,2.9547019400628107,2.4528777791101537,4.002462777120459,0.00927155802293776,3.168178132423223,1.5323558355089775,1.1459983262849676,0.7639452050222619,6.677131396088242,0
4.299999999999771,299.4744591311378,-303475.5664503742,59326.006052876604,-244149.5603974976,0.4557343059839196,0.5424450851262765,0.5004515441612957,2.8791827130365917,4.052038287990591,2.9472743312713243,2.4468227871100288,11.084535167755035,0.006780266151586827,3.169598454073684,1.5574715019159144,1.1728555749539993,0.7546126158118893,6.680975278321995,0
4.399999999999804,300.81545015366737,-303613.3314787098,59591.656892518346,-244021.67458619148,0.4597914447383027,0.5365123570357184,0.4989449686635951,2.8722472928305365,4.069348208634963,2.9393374998871753,2.4403925312235804,11.648514565309057,0.006392968299887357,3.184894873128004,1.5985899409900617,1.1971009158044268,0.7615298343592123,6.693158520707115,0
4.4999999999998375,299.0998801228445,-303039.55475499853,59251.80180661881,-243787.75294837973,0.4479616303855454,0.5393547731010724,0.49903357965678585,2.8625529618735612,4.080873919369342,2.945443129430533,2.446409549773747,13.263010343306465,0.008611936328484558,3.1957710420370904,1.6177801364859774,1.2183209574957807,0.7688202045715613,6.721836962827389,0
4.599999999999871,300.31475570295044,-303255.71153636137,59492.46912839297,-243763.24240796838,0.4498018896381688,0.5450452301923345,0.49985882744923277,2.8733168713674075,4.085850042911602,2.940141139247195,2.440282311797962,11.213491514976125,0.004987129411352482,3.1954841367290547,1.607320449731367,1.2125331715441945,0.7629110841840225,6.7213220424829,0
4.699999999999904,299.0597518314221,-303074.9030168364,59243.852376584866,-243831.05064025152,0.4577009707836035,0.5428412934625797,0.5005544368059504,2.8400914248516997,4.092162132556139,2.939637736628275,2.439083299822325,14.494234363749216,0.009086521509931432,3.2121567951848875,1.5863561196253135,1.2520707077044388,0.7682501830358142,6.722322723055058,0
4.799999999999938,303.88077955417634,-303919.98568782024,60198.8998310189,-243721.08585680134,0.4555202681879189,0.5355773625836191,0.5002328026456583,2.7966144291161523,4.0629571167769,2.93901346082754,2.4387806581818814,18.821669714747088,0.00934571917484244,3.2136254023384763,1.5360284340059718,1.2663426876607478,0.7606937656846746,6.694352218200471,0
4.899999999999971,302.36571964680206,-303359.46332564484,59898.76587803964,-243460.6974476052,0.4554204121210197,0.5552895610219619,0.4984919752593948,2.802466793267321,4.04065636414316,2.9358991748455585,2.437407199586164,21.898890894811235,0.004048698412342019,3.210488963700474,1.4921564433660015,1.2381895708758393,0.756285598298513,6.66350381131592,0
5.000000000000004,300.0967480793773,-303045.6201971946,59449.28173393804,-243596.3384632566,0.45565626363025347,0.5390445643129276,0.49702489396405053,2.8057112310936603,4.037841819581082,2.948803562612895,2.4517786686488443,22.54863945536307,0.004613621962584633,3.191551816881892,1.4581478133493508,1.232130588487422,0.7625310945887156,6.675282094716081,0
5.100000000000038,304.4688326695577,-303808.31473624427,60315.39338036446,-243492.9213558798,0.4429480208314085,0.5534594730775897,0.4984973595404018,2.802002407589562,4.011816150075759,2.9480133221177933,2.4495159625773915,20.340376380361143,0.00956401844071609,3.1954115593389107,1.4725686027663871,1.2098137424861974,0.764574943068866,6.698509052322038,0
5.200000000000071,301.01768039912264,-303968.397810312,59631.7187822727,-244336.67902803927,0.4656019954523263,0.5441840147748369,0.5022024469096057,2.795539785848767,4.0336726290602485,2.9455614960062255,2.4433590490966197,20.31178405436707,0.007266757383862042,3.204238048774674,1.4236565797435041,1.2381328432114813,0.7754434948145768,6.736854142065646,0
5.300000000000105,300.87174209087186,-303717.7084463062,59602.80834702639,-244114.9000992798,0.45780392452538266,0.5525846403155619,0.5036598977165231,2.807463184535184,4.034399835752936,2.9383941305227657,2.4347342328062425,19.555475747149064,0.004676352910853997,3.215346781421588,1.4060981519365996,1.226936651217752,0.7755955503893288,6.678755156080612,0
5.400000000000138,301.35975579502434,-303724.56597260386,59699.48405035827,-244025.0819222456,0.46035715926623183,0.5420257773245325,0.5013236549842872,2.8240089463214955,4.033848512621475,2.9420911050418757,2.4407674500575887,21.005082033140898,0.008496394983777196,3.2351661494669015,1.419411462122139,1.2098395662999795,0.7731394880838183,6.663859723571434,0
5.500000000000171,299.66598115724054,-303599.35642729094,59363.9466402402,-244235.40978705074,0.45794764348739214,0.5461249507760613,0.4982885914553508,2.765606708794884,4.027447144148368,2.9465664219329755,2.4482778304776245,29.751148480793628,0.006324642240943595,3.2658389599382627,1.4450152224557344,1.2618404353534842,0.756387432354483,6.635741175361389,0
5.600000000000205,300.1731899810583,-304033.48530797847,59464.42490419361,-244569.06040378485,0.45083870054329545,0.5349373468261209,0.49634067086681005,2.796580981766663,4.030494727377516,2.945261297516308,2.448920626649498,26.410452792969217,0.006337915869568917,3.2646029629835214,1.4459294741012385,1.2339137456108524,0.7717285342965106,6.640088428891687,0
5.700000000000238,299.7236625430479,-303944.6756448569,59375.373345053275,-244569.3022998036,0.4566940116297449,0.5410114617991093,0.4972358272340371,2.7948227840517745,4.025194139273738,2.93350967750738,2.4362738502733428,23.528971624749797,0.006184752008358209,3.234142147927399,1.4448315251585897,1.2303713552219637,0.7537647874325124,6.63755484365268,0
5.800000000000272,301.09805270503546,-304074.45981243625,59647.64056712507,-244426.8192453112,0.4629193727542775,0.5388922679098134,0.4997880729781714,2.7651675257972315,4.0207872283268316,2.904704482795476,2.4049164098173046,23.377982815977667,0.00614604632338142,3.215544942262765,1.4454606330510924,1.2556197025296,0.7630959339171071,6.60823590447697,0
5.900000000000305,297.64970265389263,-303940.37401799625,58964.52108975771,-244975.85292823854,0.464072012967534,0.5561743047448431,0.5016571980033185,2.728459845543438,3.9934217467079307,2.878405409876355,2.3767482118730365,24.039086406468662,0.006330841080458978,3.2189295647431813,1.4606099924906761,1.2649619011644928,0.7802659605157718,6.601072626750664,0
6.000000000000338,300.74754759598596,-304660.52343773795,59578.205369608186,-245082.31806812977,0.4654006941807731,0.5441881678433944,0.5021481461849908,2.712136811492911,3.9552337160034554,2.8687282298098995,2.3665800836249087,27.915551800806067,0.009611203118580575,3.2298834966458956,1.4331173484377318,1.2430969045105442,0.7636371377166089,6.621997608638978,0
6.100000000000372,300.5287240926492,-304355.1876632222,59534.85634905688,-244820.33131416532,0.46198457446728775,0.5466425982318424,0.5013547595424965,2.7319142504276215,3.9370018003142704,2.8695523969900503,2.3681976374475537,21.249608711613273,0.00732630912787221,3.2123936551620895,1.4295281680814345,1.205087549886649,0.7670084835155093,6.620910394710663,0
6.200000000000405,300.25164398369475,-304572.5885600718,59479.96667242583,-245092.62188764595,0.45923490803408207,0.5389637137535548,0.5007725375612819,2.7915858015127526,3.9292718179784885,2.8831271629824937,2.382354625421212,15.7460845837513,0.005161546015237261,3.192815079317384,1.4688406417962885,1.1376860164657359,0.7745835407424977,6.641675581378053,0
6.300000000000439,297.70886057453544,-304151.9415540993,58976.24029669213,-245175.7012574072,0.4571457779344108,0.5525848238542164,0.5001397882535814,2.7853112066453107,3.9321609323010733,2.878404318684268,2.3782645304306866,13.17155064489953,0.01020150044613747,3.2234741541256815,1.53371148082074,1.1468497256557626,0.7577509845174302,6.643830123481095,0
6.400000000000472,299.5718650917021,-304565.0334135224,59345.30221129622,-245219.7312022262,0.45726292451909245,0.541749705373892,0.4991753455934024,2.7422308598140397,3.952284531346173,2.8742002426040125,2.37502489701061,19.648988625492432,0.008990866296890963,3.291655114950499,1.5777927013599817,1.2100536715321333,0.764959560606222,6.660784393288139,0
6.500000000000505,301.5331553991768,-304478.8434261186,59733.834578932096,-244745.00884718652,0.4552874805692708,0.5617191653178155,0.50045683983777,2.798419539316697,3.9703090776240835,2.880634912211164,2.3801780723733943,15.479564414634929,0.005411269453406526,3.3192140825478518,1.5719505705476315,1.1718895383073864,0.7631840430896162,6.690749018792971,0
6.600000000000539,300.9188598252175,-304355.0589781632,59612.14238840374,-244742.91658975944,0.46323895723979125,0.5444234293727757,0.5022289060252527,2.846812039969379,4.0062967633515,2.900587734060469,2.3983588280352164,6.822601002863137,0.006377963789182216,3.3035161509449855,1.5096978959963443,1.1594847233821213,0.7685784937615132,6.721408085893231,0
6.700000000000572,299.03944977834254,-303470.0423275656,59239.8305320263,-244230.2117955393,0.4523436684460789,0.5447500229285049,0.5030249361151474,2.822462108062524,4.02739007217383,2.8925871653431634,2.389562229228016,6.851702405269624,0.012920517694814511,3.31741119011093,1.516527714697259,1.204927964111306,0.7762152178174357,6.7292979479982336,0
6.800000000000606,298.8598366480206,-303657.5513790506,59204.249101517766,-244453.3022775328,0.4631081164392632,0.5445325085669008,0.5021053839044182,2.790767806881874,4.04064363184429,2.8904619389394153,2.388356555034997,15.030185982116159,0.006814085550813595,3.3489118170394465,1.6041238938110345,1.249875824962416,0.7517332778042576,6.738585880644003,0
6.900000000000639,302.8706311798492,-304493.6331232297,59998.78904780386,-244494.84407542588,0.4636889116112821,0.5461310914384523,0.5003106902216685,2.755515078946747,4.049401187564868,2.8835306369282843,2.3832199467066157,23.585622372055163,0.005879109630168061,3.3302322530027113,1.6341676584072495,1.2938861086181213,0.7597281974145687,6.6757134013626,0
7.000000000000672,299.8877773988199,-303975.51639191573,59407.88456138586,-244567.6318305299,0.46027219416633014,0.5497611124728028,0.49914656615539826,2.7295342817898103,4.03991162749675,2.879581967733129,2.380435401577731,26.35876972976385,0.00593533665789816,3.323989089424708,1.6198302462159269,1.3103773457069394,0.774225170005181,6.6631506206192626,0
7.100000000000706,300.83731170470077,-304316.87646236876,59595.98767422406,-244720.8887881447,0.45521876546644124,0.5358578452938252,0.49954473335929067,2.749912304404191,4.017673362070383,2.869072874429122,2.3695281410698312,20.601935709507025,0.005989825786295734,3.317083362412485,1.635140716237062,1.267761057666192,0.7726405124324218,6.667924325285469,0
7.200000000000739,300.1256670416895,-304026.19378706766,59455.01059154464,-244571.18319552302,0.46426304651234984,0.5496636345750066,0.5004988240766406,2.7606976507660654,4.031315376940913,2.871036063722352,2.3705372396457114,19.893588386322218,0.00415640714653442,3.3355591901979937,1.6587605587932996,1.270617726174848,0.7664045113654064,6.668011272234963,0
7.3000000000007725,301.53469360155583,-304408.3093443583,59734.139297417656,-244674.17004694062,0.4608476710653604,0.540726794047715,0.501328756789176,2.7392735739291663,4.040039213149896,2.8725511196131954,2.371222362824019,23.845719983526127,0.00821791373450548,3.3792630558536434,1.6770445987091829,1.3007656392207299,0.763771005448536,6.689580137233207,0
7.400000000000806,300.82971790570457,-304219.8404386123,59594.48333970913,-244625.35709890316,0.4604250828937255,0.5370341218106933,0.5010228755288461,2.7519968899674723,4.0138834920809785,2.8648888390578287,2.3638659635289825,20.908432503920164,0.006350240950201411,3.371897530227884,1.6644223211092,1.2618866021135062,0.7817509682369748,6.717255641549382,0
7.500000000000839,300.6740364348919,-304353.7423744728,59563.642780195136,-244790.09959427765,0.46440460874076495,0.5381196139470963,0.5003657314071841,2.708110052797746,4.014727859270394,2.8436594560907618,2.3432937246835777,19.858590001172853,0.0035855172368240863,3.340035992378711,1.6987245164907787,1.306617806472648,0.7717451589094191,6.664831135341306,0
7.600000000000873,300.1815354199863,-304143.68532202253,59466.07813886944,-244677.6071831531,0.4583046029290747,0.5375548491324471,0.499552452501668,2.7110620241367442,4.006780996623448,2.840203556614598,2.3406511041129296,22.71567282603294,0.0033280842291587005,3.3528361666342836,1.698771997288139,1.2957189724867035,0.7684647122327064,6.610629092450879,0
7.700000000000906,302.2156634901865,-304361.9856071635,59869.03969544137,-244492.94591172214,0.4569066102055004,0.5405369592021518,0.49981090782641313,2.76448767319836,3.9854827818422933,2.8516929616332947,2.3518820538068814,16.665786799550947,0.0072923465615446804,3.321216030274913,1.6351285560872062,1.2209951086439332,0.7760034026259675,6.59500931754204,0
7.8000000000009395,298.8286438694517,-303889.54821471265,59198.069800032245,-244691.4784146804,0.4592937090357987,0.54375173844066,0.5007440303763786,2.7339543054555833,3.99988251634192,2.855464047332548,2.3547200169561693,21.311556609019668,0.004575924332102532,3.3125410967525104,1.5852967808228164,1.2659282108863366,0.7676908889648404,6.587503130971115,0
7.900000000000973,300.01586117688066,-304271.86215589754,59433.25800730361,-244838.60414859393,0.4624134485571014,0.5442895933656455,0.5013866223828958,2.6848657534581406,4.022953978220472,2.8459299001953937,2.344543277812498,27.29588907972851,0.005335774324825105,3.331909312903079,1.5885622271170239,1.3380882247623314,0.7780237522269751,6.583155549008765,0
8.000000000001005,299.1190252663959,-304435.6711596744,59255.594466952876,-245180.07669272154,0.4581805596008133,0.5372418191987864,0.5011803008905136,2.681525770149136,4.021835175979987,2.8270153399779874,2.325835039087474,25.96045516501582,0.00307635252509972,3.334655012440902,1.5833287001187386,1.3403094058308511,0.7752256949469412,6.61805856646486,0
8.10000000000095,298.99306824400134,-304217.45911712106,59230.64233215427,-244986.8167849668,0.4526007036472848,0.536729039520725,0.4988179117458512,2.692630680367948,3.9968570204059404,2.8250485024857253,2.326230590739874,22.21978649665228,0.0061049634436655086,3.282551436448367,1.545504006440563,1.3042263400379923,0.7671882884632417,6.63711503532274,0
8.200000000000895,301.09983996013,-304598.27282408345,59647.99462304979,-244950.27820103365,0.4618808240589205,0.5415807204296197,0.49882839621271324,2.7188296287729714,3.9692280703476825,2.832341552528827,2.333513156316114,20.380810653693132,0.004902304810768919,3.251349505901777,1.5491444459302106,1.2503984415747111,0.7726215950393591,6.634349767892999,0
8.30000000000084,299.28657721331496,-304414.4780778033,59288.78657236959,-245125.6915054337,0.4648187691304475,0.5351782375619503,0.5002722511006849,2.6980952726546263,3.9368297329887127,2.8382022904137134,2.3379300393130285,23.981355445200954,0.005844641888394984,3.243147167515125,1.599021527125055,1.2387344603340864,0.7762519328015536,6.609783429215952,0
8.400000000000784,302.02261042477255,-304520.9493046128,59830.79580859873,-244690.1534960141,0.4664959745641246,0.5376948190613939,0.5010311730345027,2.677226329545194,3.9219253017102043,2.8318236529686933,2.330792479934191,25.57507180264979,0.004324217730585059,3.214537520854793,1.6290344831864758,1.2446989721650104,0.765314454611866,6.608320451979978,0
8.500000000000728,300.9753381952409,-303958.7772173947,59623.33077532523,-244335.44644206943,0.46207173869450546,0.5437607121242509,0.4998947726367514,2.668537360441686,3.9558565168504742,2.829057439249416,2.329162666612665,27.200064261999188,0.004424263239449575,3.204060679628106,1.590286219909871,1.2873191564087882,0.7766793801428502,6.649547940471763,0
8.600000000000673,303.566148062575,-305091.1655912078,60136.571210977905,-244954.5943802299,0.4599094167373501,0.5412020591850295,0.4984654593361276,2.659050104675103,3.9569074787233163,2.8193182001454207,2.320852740809293,29.262048459459546,0.0067144436577268405,3.2146127996147853,1.5481128170606442,1.2978573740482133,0.7624556141040735,6.650581888470107,0
8.700000000000617,302.8286636121125,-304782.9311934165,59990.47525642146,-244792.45593699501,0.45461653025304116,0.5388214939791709,0.4993377444033508,2.6471198829677505,3.9673387701554717,2.833907738794271,2.3345699943909204,35.48672000718652,0.006148676419886443,3.237921299094642,1.5080586454559561,1.3202188871877212,0.7704816910031234,6.6438421304230815,0
8.800000000000562,299.1563957293087,-304259.2086021397,59262.99757009362,-244996.21103204612,0.4433466758723681,0.5377853134492092,0.5020030850764936,2.633252806359163,3.9691644913914317,2.849906479085229,2.3479033940087355,36.974664911279206,0.010779565799572476,3.2744082284269247,1.5325631673136064,1.3359116850322685,0.7725679047670297,6.596408887312265,0
8.900000000000507,299.39889693406093,-304196.7815576182,59311.03715244297,-244885.7444051752,0.46221990550615555,0.53960393557439,0.5017381792776945,2.656939618147959,3.94001442002984,2.8637875692204515,2.362049389942757,35.684273489774505,0.0038535769835761047,3.2983391798088206,1.5398417342797817,1.283074801881881,0.7588622609325792,6.579871922688454,0
9.000000000000451,300.2628303066243,-304347.3908006898,59482.1826873199,-244865.2081133699,0.46070361380512903,0.5405118912834466,0.5003864039010121,2.6655214070393782,3.945948365723674,2.8655811181775235,2.3651947142765115,33.14014747946185,0.006098293679330606,3.2802887431299395,1.5166433727082897,1.2804269586842958,0.7707296457552921,6.588350512657385,0
9.100000000000396,298.98520891417263,-304306.0112708332,59229.08539587882,-245076.92587495438,0.4555550263053272,0.5405855383315874,0.49914536862930264,2.6636599853081364,3.9576859749732023,2.8742666795449345,2.375121310915632,35.606546994357515,0.00616008439363636,3.3198722700901966,1.532918140786952,1.2940259896650659,0.7690155732624664,6.581549279531515,0
9.20000000000034,297.8648907925076,-304311.89856516756,59007.14994315314,-245304.74862201442,0.4638523364388005,0.5443465011610389,0.49852300481715284,2.6725483897950824,3.9639668504982755,2.886739193734737,2.388216188917584,37.97426204892592,0.007974555059887823,3.3269899876054496,1.5326576717969822,1.291418460703193,0.7659589955014372,6.59502064554583,0
9.300000000000285,300.0682936113476,-304628.0968768713,59443.644892828255,-245184.45198404306,0.46057312281314555,0.5329647959408224,0.4977258309184737,2.681318197138239,3.96086482822885,2.8866901161321685,2.388964285213695,33.89401815976694,0.0030202590068308705,3.288611335334223,1.5519388470929467,1.2795466310906107,0.7732011092083347,6.5669655809491525,0
9.40000000000023,300.48315476722655,-304738.9345876104,59525.82904808539,-245213.10553952504,0.45352530665274604,0.5376259125388174,0.498810986151377,2.6830217685048403,3.968324846781613,2.8817181405938284,2.382907154442451,31.53120422574792,0.009757472687699064,3.291977855248052,1.5547680340513226,1.2853030782767725,0.7688669856022017,6.554429296839018,0
9.500000000000174,299.1160935056421,-304232.611334634,59255.01368401489,-244977.5976506191,0.46517818544421896,0.5448857573171533,0.5007870578469681,2.6513297194886647,3.9975192062108924,2.8838019558405126,2.3830148979935446,36.94156001609025,0.0036827404833074903,3.337333733337114,1.5629175122844967,1.3461894867222277,0.7752900207198383,6.54748545532108,0
9.600000000000119,302.25813724546066,-304665.9084475064,59877.45376277051,-244788.45468473586,0.4611982758370474,0.5398049802443214,0.5009577178366664,2.6857259408957397,4.02622918172618,2.883544270418855,2.3825865525821888,32.07056812653685,0.009235529371218068,3.368968156644545,1.5948086877876475,1.34050324083044,0.7775269189707181,6.573700773747632,0
9.700000000000063,298.9900530207262,-304077.9593384024,59230.045015258554,-244847.91432314384,0.46593210712311084,0.5416350297894441,0.5009004959018326,2.722095628627507,4.037803273402531,2.8764517519902824,2.3755512560884497,29.06616956491773,0.0049169500947437795,3.3689414050376727,1.6061959506746553,1.3157076447750242,0.7679748086807132,6.563115895460669,0
9.800000000000008,299.81111529081215,-304139.8952878476,59392.697768171885,-244747.1975196757,0.45451430464230036,0.5371464057549851,0.501195549901081,2.657589747213251,4.043816696877428,2.867499585697354,2.366304035796273,33.95946650560512,0.009985806077835372,3.331979192374088,1.600545435752243,1.3862269496641773,0.7690846227407739,6.591089581791977,0
9.899999999999952,300.0738171712815,-304196.80167763634,59444.73911218514,-244752.0625654512,0.46600501631454616,0.532314304223001,0.501329326480631,2.653446234491959,4.000918679547539,2.874938215742892,2.373608889262261,34.56589940609513,0.006307156235502988,3.3665484054634414,1.582562905810056,1.3474724450555797,0.776764234036964,6.591194873329584,0
9.999999999999897,299.28033204229723,-304128.2507814141,59287.54940157822,-244840.7013798359,0.45834487303087634,0.53931582979921,0.5010443766012246,2.670765331970401,4.003720303705851,2.881871223050757,2.380826846449532,34.12370763698206,0.01255673559634654,3.3750168824111317,1.5903966579781323,1.3329549717354503,0.7718500259249108,6.604719362439511,0
10.099999999999842,297.5277556839453,-303913.95446606865,58940.363347898136,-244973.59111817053,0.45913361071657643,0.5417582677478254,0.5012015267819665,2.6826818317284093,4.002665982106855,2.8815326244955406,2.380331097713574,32.981140013331135,0.0021824238389226273,3.372952788059435,1.5920323191388572,1.3199841503784455,0.7687698341598264,6.587182652621252,0
10.199999999999786,300.74205121234957,-304415.37121938635,59577.116533886336,-244838.2546855,0.45715154094505195,0.5421373247450926,0.5026488282967823,2.6765019284345257,4.000509253226874,2.89616644173889,2.393517613442108,37.57021612860038,0.004821667316158507,3.3662699678804797,1.5808014017235252,1.3240073247923485,0.7775219330683854,6.583443486964214,0
10.29999999999973,299.3593952460607,-304130.0830711215,59303.21185278905,-244826.87121833244,0.4635719042760367,0.5537087159159757,0.5035359867585026,2.678212999962483,3.989972476760741,2.9129029973813974,2.4093670106228946,37.57753192735184,0.00524293935436995,3.3736428256454305,1.5663428349192288,1.311759476798258,0.7818923875309025,6.581693487039473,0
10.399999999999675,299.65442656900785,-304053.0552559518,59361.65767184731,-244691.3975841045,0.45940507370489936,0.5500729936030755,0.5018203669082227,2.6895701553141045,3.97591008426312,2.921827522016091,2.4200071551078683,41.2394828482176,0.008558168876812128,3.3535226891610788,1.5648842535372447,1.2863399289490154,0.777343582202521,6.563193368927202,0
10.49999999999962,301.4913452221902,-304329.039013539,59725.55196671811,-244603.48704682087,0.45632247795445036,0.5417569730090372,0.4987499789298024,2.7004978025315935,3.9954387091104877,2.9227154723989486,2.4239654934691464,40.15277131214393,0.003782395467018682,3.3242709730460094,1.579209462822718,1.2949409065788942,0.7722392450386533,6.581056753762425,0
10.599999999999564,300.9723474092186,-303915.7087968462,59622.73829945875,-244292.97049738746,0.44857244503195837,0.5368202264833828,0.4975682986164553,2.723047941041173,4.0038815020317315,2.9230546375620525,2.425486338945597,38.87831887449298,0.004232677399019489,3.335972041633271,1.5949841241526372,1.2808335609905583,0.7668280820495372,6.571273625400821,0
10.699999999999509,300.6871621426859,-303886.4905661233,59566.24298798012,-244320.24757814314,0.4574416784994568,0.5442695384032437,0.49942693242279046,2.6921022904421434,3.9838013930735485,2.9195143203302294,2.420087387907439,36.75828739060966,0.004868973926906289,3.3339675329387104,1.612960793653788,1.291699102631405,0.7593491653794797,6.589329171468073,0
10.799999999999454,301.7131308619933,-303875.28239498474,59769.48778764779,-244105.79460733695,0.4644415764720895,0.5403933477434055,0.5012053312899881,2.7252610038505836,3.985123454200469,2.917939630470497,2.416734299180509,32.344408013596954,0.008900477691819597,3.301508983849505,1.621519004498766,1.2598624503498854,0.7519865316632046,6.591781693962979,0
10.899999999999398,299.58102815162465,-303243.47197922785,59347.11741700694,-243896.35456222092,0.4605077996447138,0.5431612982590899,0.5004671290895155,2.725792361282682,3.9919531993210384,2.9029142857061374,2.402447156616622,29.54869972561359,0.005542224805168529,3.3594472851303356,1.6683830335386693,1.2661608380383562,0.7705953479722538,6.586281848076688,0
10.999999999999343,302.13036829152225,-303970.03845127905,59852.142683633036,-244117.89576764603,0.46410517597966283,0.5373803951319358,0.49924688711100645,2.703683587485024,4.010939618443409,2.8887570617480147,2.3895101746370084,32.35466835195323,0.004128372771873668,3.385207049841,1.6516982687478778,1.307256030958385,0.7671461150175989,6.563371475303882,0
11.099999999999287,302.4333599221344,-304288.07347196294,59912.16544271512,-244375.90802924783,0.46229120640237964,0.5550025895583701,0.498918251123697,2.708207471187869,4.036233327596044,2.8596745285821803,2.360756277458483,29.516559407289392,0.008783597589708123,3.3801446770171606,1.6522562351289976,1.3280258564081748,0.7756712843231099,6.553403592519871,0
11.199999999999232,302.58398064857795,-304016.1640028609,59942.00346681442,-244074.1605360465,0.46163110813409336,0.536293664581514,0.4993838534759683,2.6690658867449812,4.0406502697279905,2.859734684042638,2.3603508305666696,32.63543172791017,0.005989005569861302,3.3659129037510103,1.6239661272526384,1.3715843829830092,0.7590704905477921,6.565155703269468,0
11.299999999999176,297.9790905141406,-303887.8601513668,59029.77295212857,-244858.08719923822,0.4651289251035615,0.5368670215267757,0.500481129739793,2.6718213049073825,4.044565139189217,2.877090266145049,2.376609136405256,32.58853369560176,0.006381009812229524,3.3382110157290477,1.5631693437953857,1.3727438342818346,0.7652394367880877,6.5817155348191605,0
11.399999999999121,301.6352960421279,-304524.37709902367,59754.06867976174,-244770.30841926194,0.462825243296642,0.5443342174623922,0.5016704943062955,2.7321940002504803,4.040422086524401,2.897102117625644,2.3954316233193484,27.271796081708437,0.007505262155538633,3.3349652677533905,1.5423271666725389,1.308228086273921,0.7745150105870025,6.669883180438482,0
11.499999999999066,301.7391945238483,-304576.41748740803,59774.6510091307,-244801.76647827734,0.45323163280741163,0.5425001746148208,0.5015077395029545,2.7279040857959775,4.023952944894294,2.9106800670130424,2.409172327510088,28.483388308028616,0.010317748726766792,3.3418160971228024,1.5202699144933927,1.2960488590983164,0.7351003763662787,6.675778418116977,0
11.59999999999901,300.16605852221403,-304131.7971547246,59463.01215944141,-244668.78499528317,0.45752996521823563,0.5360702329051867,0.500585090505395,2.7581812535233325,4.009587704340184,2.9267480759489177,2.426162985443523,28.995939241758478,0.007208225787975456,3.304201526702678,1.4653311178906678,1.2514064508168516,0.7655837374340919,6.605922440991478,0
11.699999999998955,301.1750818022352,-304388.0698111481,59662.90006103976,-244725.16975010833,0.45917122441709246,0.5392692752232957,0.4990256025638374,2.7953036640805777,3.9898397889637525,2.934290109108238,2.4352645065444003,23.950477831974467,0.005521646064648106,3.2697122124579883,1.413173281886213,1.1945361248831747,0.7816810381800412,6.588353829293794,0
11.7999999999989,300.7662263502171,-304509.5517268488,59581.905638037715,-244927.6460888111,0.4604061215006783,0.5440497156777795,0.4993485315560496,2.7684686671942913,3.963854824812799,2.9246866185009393,2.4253380869448895,24.217317575829885,0.0050837078190284525,3.2865209168882097,1.4089198947744064,1.1953861576185076,0.765692174183456,6.620469176111371,0
11.899999999998844,303.0851182351778,-304539.61079451116,60041.2790163294,-244498.33177818178,0.46243909072926886,0.5466218658615571,0.5003262239327856,2.740486043811785,3.9334337044288574,2.90805410638472,2.4077278824519346,26.770231198613185,0.00708929053170343,3.271534546040665,1.3425613748655691,1.1929476606170724,0.7775308733019237,6.660886872687016,0
11.999999999998789,300.6665779003488,-303801.8221833864,59562.16524162062,-244239.6569417658,0.44910500749118754,0.542067292272884,0.5004880265401893,2.7092556304449573,3.899323267449187,2.8765537040640767,2.3760656775238873,27.46913393580459,0.00825533762308426,3.19736115039521,1.295853101827282,1.1900676370042298,0.774623892468485,6.639886751010316,0
12.099999999998733,303.97161294927815,-304410.17170335865,60216.89396168116,-244193.27774167748,0.45878549629492227,0.5402119276579462,0.4995923917792765,2.66358777640178,3.8973456406011238,2.8677706409599475,2.368178249180671,30.48745520839032,0.014599147159309345,3.166978771592082,1.274914418022318,1.2337578641993439,0.7687739582572988,6.611688945178869,0
12.199999999998678,302.68873904013606,-304134.0948158656,59962.75614465445,-244171.33867121118,0.45448979146766577,0.5362131659498308,0.4988987437905444,2.6680205197499696,3.9107438432937514,2.862370286910507,2.363471543119963,33.082423955898975,0.008105339486807884,3.197891689368481,1.2980056676574676,1.2427233235437818,0.7544581906445927,6.604021738594639,0
12.299999999998622,303.62754648797727,-304463.69511279976,60148.73426277077,-244314.960850029,0.45552960767109685,0.5379452764764823,0.5003839425119724,2.6725908613197262,3.907916541442608,2.859382145531914,2.358998203019942,29.716797849959388,0.009616798787415691,3.218008857016842,1.3194711698434578,1.2353256801228816,0.7712928271267625,6.642873346681334,0
12.399999999998567,301.4041334055765,-304011.0222532782,59708.2752721535,-244302.74698112468,0.4671506671205288,0.5472519123642083,0.5017778593634087,2.7145565371399627,3.8971276515099635,2.8632387522755423,2.3614608929121337,22.70701763508884,0.005902965536826641,3.1823291065048585,1.2893179728083655,1.1825711143700008,0.7721547073164761,6.617478627269662,0
12.499999999998511,300.6181753397096,-303723.1615299578,59552.576675658136,-244170.58485429964,0.4624076742841603,0.5427077819270281,0.5009732815202439,2.75097185342387,3.91496632762291,2.8537026275501254,2.3527293460298813,15.533517606756805,0.005225047047376327,3.1354441671124764,1.2698114356641392,1.1639944741990398,0.7568114406318156,6.5686203723414,0
12.599999999998456,301.7788946814018,-304238.95426758425,59782.51562567982,-244456.43864190445,0.4591861330800633,0.5347122962347939,0.500273922294009,2.7282688261938723,3.9070533877653375,2.841007380371842,2.3407334580778327,19.62411225835672,0.004135335341440907,3.120087460785272,1.2733141940756674,1.1787845615714652,0.7657537591761674,6.580359792886014,0
12.6999999999984,299.662010600119,-303925.9486253322,59363.16007134045,-244562.78855399176,0.45790659028487646,0.5423976343397534,0.5004403271628822,2.6296996074065717,3.90796564416636,2.8270923393187184,2.326652012155836,29.54279318985546,0.007144447309647058,3.1367593230614212,1.2991235218402237,1.2782660367597884,0.7613535610332534,6.573870501242126,0
12.799999999998345,305.29014552050864,-305043.3881602837,60478.09577344394,-244565.29238683975,0.4596219505631307,0.5478052768469883,0.5004440301044362,2.605881223240223,3.924224385886445,2.8232921472051027,2.3228481171006665,36.356503663731296,0.003240587537172912,3.121146530564527,1.3149500107533862,1.3183431626462223,0.7643954045525909,6.590025934863721,0
12.89999999999829,301.58877801806426,-304409.5643755435,59744.85344122295,-244664.71093432055,0.45548396529435475,0.5381143240767496,0.5001407090032733,2.640412062756191,3.9565027395579406,2.8373423968112514,2.337201687807978,34.40197208643,0.005997464053443299,3.1409369550820068,1.3387577010461145,1.3160906768017497,0.7732538213396047,6.6140697476185295,0
12.999999999998234,298.8459475021297,-303766.1428655172,59201.49765635085,-244564.64520916634,0.46069338042419883,0.5310814138805355,0.4998676734688337,2.7262847778479014,3.9363533777562907,2.8599025817678423,2.3600349082990086,27.873830441419848,0.008957473626589385,3.148287538203802,1.3442676638485218,1.2100685999083893,0.7615028283385588,6.613517380526503,0
13.099999999998179,303.65534647517353,-304917.5816647224,60154.2414509746,-244763.3402137478,0.46735543804225355,0.5438159231503867,0.49952422621360265,2.730714709711741,3.897388363221445,2.880145358301312,2.3806211320877093,25.36740986960522,0.006352825920972027,3.1647979979374616,1.3626319829976665,1.1666736535097044,0.7748491047352717,6.628116002947323,0
13.199999999998123,301.11997048685697,-304495.18164259987,59651.982488171634,-244843.19915442824,0.4559532376886519,0.5386084126650186,0.5004728164282145,2.7436994148114024,3.9048743522824605,2.89194664409694,2.3914738276687255,26.787442798671815,0.008928351722239509,3.1968933936867887,1.3526456131052205,1.161174937471058,0.7789493797689773,6.637368331239159,0
13.299999999998068,299.8888640465694,-304374.3786057136,59408.09982672485,-244966.27877898875,0.4616822818147819,0.5457685527797929,0.5017372776485128,2.716874588683271,3.9036227883390495,2.900964308364205,2.399227030715692,29.5166320675589,0.005428084185229386,3.1576503119410564,1.3352055703401122,1.1867481996557787,0.7757718958818032,6.622883200019331,0
13.399999999998013,299.41922861822076,-304060.4670399553,59315.06486692998,-244745.40217302533,0.4609697148176297,0.5404127829316961,0.5020229061527659,2.708429169810273,3.918284164437236,2.895436918721236,2.39341401256847,30.863856173212334,0.0078447912361971,3.1250816145861173,1.3207720453638776,1.209854994626963,0.773740700023156,6.604758036125048,0
13.499999999997957,302.57561297381494,-304225.9759244914,59940.3458272111,-244285.63009728031,0.45883735945483195,0.5419705952355471,0.5017768460940014,2.7065789337343844,3.923623350281124,2.887895684403225,2.3861188383092236,32.191772872885494,0.007765151275579456,3.149453798388345,1.32386390329307,1.2170444165467398,0.7703347063210098,6.5920635108286305,0
13.599999999997902,302.23924858609064,-304531.7561407238,59873.711912051855,-244658.04422867196,0.46036526148309465,0.5381537115038348,0.5002886559721794,2.670741647089642,3.9020554184146974,2.8741321887732,2.3738435328010206,32.64209886221535,0.005695257150820366,3.174811787864767,1.336185084604454,1.2313137713250555,0.7681738193998484,6.566666678048406,0
13.699999999997846,301.40165141749037,-304255.14986902475,59707.78358935475,-244547.36627967,0.4581499211224873,0.539057641529979,0.4984584367458418,2.6845105434348753,3.9360668948259985,2.8740468646276884,2.375588427881847,28.813386895333707,0.011100480787976815,3.1993427111804253,1.334929937000007,1.2515563513911232,0.7420484827666236,6.596920287540016,0
13.799999999997791,299.74615545517355,-303917.17955395626,59379.82919963528,-244537.35035432098,0.4469623466474628,0.5391702303306367,0.4983752250646561,2.7297368601639604,3.9403480841731877,2.879490975778787,2.381115750714131,26.765257253238392,0.004876457981821555,3.1794773113320787,1.317500626883126,1.2106112240092273,0.7487181567044274,6.58464900821307,0
13.899999999997736,302.49218030623973,-304232.73883628286,59923.81778353106,-244308.9210527518,0.4661378237507998,0.5413566883720211,0.5004975885052201,2.7183681225540752,3.9471109566727023,2.895296285225765,2.394798696720545,25.3390744557803,0.010743460493845553,3.159180686024281,1.3071968146037822,1.228742834118627,0.7732977102059202,6.557003908016249,0
13.99999999999768,302.45429307265164,-304319.8572380082,59916.3123079199,-244403.54493008828,0.4637634163480254,0.5368931328329678,0.5032538467059301,2.7726652344953564,3.952973783252915,2.9158177694963037,2.4125639227903735,26.212110087434862,0.007496025894631823,3.1223817532916067,1.2671212050805312,1.1803085487575586,0.7609776195813129,6.5451482573818325,0
14.099999999997625,301.84105307433003,-304359.5120392465,59794.82922733318,-244564.6828119133,0.46541083264751615,0.5526079674236914,0.5037131709244662,2.736225393626931,3.9320052883290586,2.918366356568699,2.414653185644233,29.183797160627567,0.005037312445701207,3.1386800694723975,1.275686102110925,1.1957798947021274,0.7681108251503161,6.530783546152762,0
14.19999999999757,300.0019946006746,-304085.9926572577,59430.51103319997,-244655.48162405775,0.4647391592754433,0.5509796796771922,0.50197197556488,2.7290173394639083,3.9336726737405625,2.9082619100070106,2.4062899344421305,30.696275071793035,0.009616451534274727,3.1364823333505334,1.2833678842396385,1.2046553342766542,0.7748048743529168,6.5497362732725435,0
14.299999999997514,300.44065784664656,-303643.43073992943,59517.41039170022,-244126.0203482292,0.45986447781850526,0.5416676650281893,0.49953867077143366,2.76072240169697,3.9450463867441314,2.891144449091075,2.3916057783196414,23.365723936466114,0.010987525185082765,3.141390077100913,1.2814118255636173,1.1843239850471616,0.7479842141692039,6.540920196355643,0
14.399999999997458,304.4968423853715,-304626.74386984855,60320.94211588845,-244305.80175396008,0.4464717629230721,0.5449667956857382,0.49824095128367424,2.7750912109086734,3.9445363096822774,2.889423063619744,2.39118211233607,21.527853676971688,0.01184706507968298,3.1375094163044137,1.264884169023685,1.169445098773604,0.7664948237659139,6.4951429712617035,0
14.499999999997403,302.14879036513696,-304156.3756605508,59855.79210353329,-244300.5835570175,0.4604681293934503,0.5435507375476707,0.49952831689488675,2.7135650226567734,3.9312346333940766,2.8705907794513825,2.3710624625564956,24.391827929278872,0.00990235352418292,3.165800906727994,1.2828957123759674,1.2176696107373033,0.772285450984115,6.484438676430699,0
14.599999999997348,301.5494534345824,-303938.75146004884,59737.063226042534,-244201.6882340063,0.4692982636380858,0.5403036667640464,0.5017155742975346,2.7169821267032157,3.923178937934729,2.8675082988710807,2.365792724573546,22.655176707878113,0.0042678552376681,3.1941596441156186,1.3153523827898672,1.2061968112315133,0.7845939052293112,6.482118160244738,0
14.699999999997292,304.68573163734874,-304497.6873367252,60358.36114968064,-244139.32618704456,0.4565764171650013,0.5427730702679407,0.502697363777682,2.72622613088188,3.8818381340968315,2.867356640665535,2.3646592768878527,24.528323398605266,0.008645361946664026,3.192242755858522,1.3660099729387591,1.1556120032149515,0.781116685151451,6.533857223608464,0
14.799999999997237,303.6552371304809,-303886.9749199152,60154.21978974875,-243732.75513016645,0.4584820729530037,0.5584538076505074,0.5022548625058555,2.71537556558728,3.8472750232566733,2.8711083405650695,2.368853478059214,25.428597930842457,0.003124502968810281,3.2264149696620685,1.4179056401925336,1.1318994576693933,0.764366281646554,6.566562219538735,0
14.899999999997181,302.2709724708528,-303791.51202465966,59879.99642587946,-243911.5155987802,0.46077586540030957,0.5434069882093873,0.5009875373386614,2.743082210786767,3.839282211045578,2.8714089221489214,2.37042138481026,21.16206092769976,0.008244441104463063,3.264003066588683,1.4378530201168982,1.0962000002588113,0.767179456040628,6.5668586051282745,0
14.999999999997126,305.31129415276223,-304291.73558386136,60482.28532566394,-243809.4502581974,0.46415526275576857,0.5413001313699048,0.49967414791581405,2.7558939664654183,3.820619188848582,2.8731606850121825,2.3734865370963685,19.820370387902333,0.0042555406153985675,3.246175893971843,1.4148720723323942,1.0647252223831636,0.7693232787843378,6.551721833912353,0
15.09999999999707,300.7638254594544,-303833.7413058318,59581.43002065007,-244252.31128518176,0.45805167782259826,0.5446054525404875,0.4983818954757122,2.7182504493435005,3.8711036317931047,2.8589111110469,2.360529215571188,21.17546705855212,0.003254462449454661,3.1918222869687627,1.3605506486758714,1.1528531824496042,0.7725764463929239,6.588546487178903,0
15.199999999997015,302.0885149242306,-304164.47564674634,59843.851515402916,-244320.62413134344,0.45461949810941094,0.5361782134257584,0.4971432031956094,2.717102579701681,3.900852047652414,2.8587503416677373,2.3616071384721278,25.077586263834593,0.009024975778213758,3.1653616711601162,1.3147714180206123,1.183749467950733,0.7671638565779304,6.577546924108404,0
15.29999999999696,301.4427271055228,-304297.0874951319,59715.92069902316,-244581.1667961087,0.4516596106160691,0.5303694619505613,0.49753404426986436,2.7360407334904835,3.8994577566235833,2.8632960012145348,2.36576195694467,23.14770206892899,0.004722882626888668,3.1569194777157223,1.2797098927158899,1.1634170231330998,0.7592924375407923,6.551491602753515,0
15.399999999996904,300.90133384370887,-303982.6558114756,59608.67048469589,-244373.98532677972,0.4517859941298541,0.5436012041608844,0.49933226546033604,2.7029359346682837,3.8735513271477373,2.8575151117077167,2.358182846247381,25.279719961679863,0.006329225296566612,3.1396967445253265,1.257264584568384,1.1706153924794536,0.770934296921677,6.530955286324259,0
15.499999999996849,298.42100500886494,-303422.57834315207,59117.31638426277,-244305.2619588893,0.45752429994537247,0.5408479373798478,0.5011432058374988,2.6941159529964267,3.8797804181653106,2.8620775369792053,2.3609343311417064,27.95596798258316,0.005665342001027135,3.131428756382494,1.2490629607403965,1.185664465168884,0.7703798626594924,6.560307627884356,0
15.599999999996793,299.5961298188609,-303480.2865813519,59350.10906312083,-244130.17751823107,0.45686948809348316,0.541205505910435,0.5010626104658314,2.6970564821285166,3.8645750927055005,2.8611771037649794,2.360114493299148,28.05327371579632,0.005256248529788206,3.1760986902032458,1.2512064729744146,1.167518610576984,0.7772608833351811,6.5771512767067595,0
15.699999999996738,301.9152802437655,-303773.5754578905,59809.53365827527,-243964.04179961525,0.45701976738545724,0.5348376767537539,0.4987701948972818,2.682731321670971,3.8665075652642464,2.8512668701314428,2.352496675234161,28.206002018879065,0.004340441134290901,3.2671141440542835,1.3175405216108649,1.1837762435932753,0.7717136447199788,6.590332558205709,0
15.799999999996682,302.93143872348867,-303866.06719409674,60010.83504569122,-243855.2321484055,0.455937159757144,0.5320190819097816,0.4972289331642799,2.659426923408266,3.875764341500684,2.8538552798727554,2.3566263467084756,30.92911567421357,0.00336881110036745,3.2884074200068056,1.403477065557312,1.2163374180924178,0.7715467615837834,6.557487638062554,0
15.899999999996627,303.385941446844,-304048.74904113775,60100.87221078055,-243947.87683035719,0.45864686080224004,0.5518051442213445,0.4993154157953479,2.716974328589025,3.8565262818569934,2.862702214763927,2.3633867989685795,25.05045118648809,0.003568964909085258,3.300247881423335,1.4567645593314635,1.1395519532679685,0.7633915758791492,6.5126656993796495,0
15.999999999996572,302.24839933309056,-303823.7805706663,59875.52467856785,-243948.25589209847,0.45101580025197774,0.5478439527893038,0.5016174680299602,2.7111069559872547,3.8575112700596863,2.8654836791822325,2.3638662111522724,23.74002273634614,0.0050508881496832275,3.2650899012032992,1.444628874452827,1.1464043140724316,0.7565603069421503,6.520949066546066,0
16.099999999996694,304.1775267471038,-304480.9777104994,60257.68556458318,-244223.29214591626,0.46002267546375464,0.5365187826778062,0.5029286699389727,2.6800940583407353,3.8445610932681236,2.863636193643326,2.3607075237043533,31.689257490930373,0.008780799010147304,3.250657849500646,1.4362455594189092,1.1644670349273882,0.7567693835451834,6.564387481739402,0
16.199999999996816,302.3043422977425,-304458.54238308594,59886.6070014784,-244571.93538160753,0.4589485053124296,0.5429232402155257,0.5021678823258244,2.6946807189370414,3.850633782584154,2.8692249422381346,2.36705705991231,29.213373162093507,0.007031578411571932,3.2231036702473017,1.442188181970312,1.1559530636471127,0.7672369812568274,6.557397214042211,0
16.29999999999694,305.38442767163053,-305055.70788696315,60496.77310400617,-244558.934782957,0.4577103464301908,0.5421045254108332,0.5001944695218379,2.6567526106164046,3.880854866874241,2.8602231854613467,2.360028715939509,31.742698547614175,0.011545496909057935,3.2238726238062645,1.4689139657662844,1.2241022562578365,0.7507509155591272,6.546314851219492,0
16.39999999999706,300.38842864712694,-303604.40552358376,59507.06376709715,-244097.34175648662,0.4596753989746829,0.5371737573996356,0.4983120466678595,2.676234090072832,3.8681473452868467,2.8632925934559212,2.3649805467880616,32.68011804147876,0.009154315475420548,3.2594335331008284,1.472487108212468,1.1919132552140148,0.7721319147026047,6.577610503034734,0
16.499999999997183,297.8993219692883,-303244.4953193208,59013.97077257554,-244230.5245467453,0.4523233736854593,0.5420283453895838,0.4986223167628592,2.645148036639675,3.8347348801952705,2.8657829726536868,2.3671606558908276,36.07806807565424,0.010169239365906614,3.2556546891796443,1.4723242530141847,1.1895868435555954,0.763551190583609,6.6085768863826715,0
16.599999999997305,302.8039293618551,-303880.45021568006,59985.57539188964,-243894.87482379042,0.4599555125923594,0.5431024913159392,0.4995572515686223,2.6493632037016397,3.8405325445518916,2.842025470407032,2.34246821883841,36.09399740335976,0.005621055514364141,3.2759280740986787,1.522657195368665,1.191169340850252,0.7660214161419461,6.640876865558965,0
16.699999999997427,303.66076611628887,-304043.67191194464,60155.31508397337,-243888.35682797126,0.46001223853725026,0.5393024680433192,0.5009565624977084,2.600746066377532,3.8385451675882507,2.8449229730576713,2.343966410559963,38.8869615926035,0.010337986160091064,3.265327685995934,1.4877128910560475,1.2377991012107188,0.76584488055599,6.574339467480996,0
16.79999999999755,299.8146478470613,-303621.83288797876,59393.397568929606,-244228.43531904917,0.4586288114201338,0.5372723774145474,0.5011983986573432,2.6325367711030694,3.835999755227096,2.8398615102406124,2.3386631115832692,39.31338271071398,0.006734962481528474,3.2609949984523086,1.478105190211629,1.2034629841240267,0.768560126844406,6.549422336658019,0
16.89999999999767,301.4485526239396,-303641.5188822476,59717.07473647216,-243924.44414577546,0.45061001193918654,0.5450995557313881,0.49963508016673897,2.595134390679277,3.806926515944202,2.8232781478012843,2.323643067634545,35.16604627615907,0.009825475396931366,3.2445015249788773,1.475223014376162,1.2117921252649246,0.7659522286743775,6.527531656712551,0
16.999999999997794,304.8816606692197,-304307.76034180634,60397.174766589524,-243910.5855752168,0.461425247504327,0.5524381159560257,0.4983625774575423,2.605536029836127,3.7839792526711733,2.801556700425705,2.3031941229681627,32.42471452337675,0.007462280081780928,3.1684146910130826,1.4369141064941244,1.178443222835046,0.7666034731817488,6.530473337828987,0
17.099999999997916,299.1088385292042,-303226.2409148449,59253.57647037966,-243972.66444446525,0.4581957892790305,0.5461177059621996,0.4992788407040136,2.6208478499430825,3.766896121053037,2.7993396701464315,2.300060829442418,30.310327809472398,0.00388055262767281,3.14331172214907,1.4266465103531216,1.1460482711099544,0.762952454440061,6.532893301528603,0
17.199999999998038,304.18738892561123,-303977.22978420835,60259.63926595566,-243717.5905182527,0.46059628738074343,0.536085647019231,0.4994629158493913,2.6163449328469546,3.802185250979935,2.7992721499651676,2.2998092341157763,28.205925498768664,0.0037043102205489473,3.1736990807099614,1.4506307215493381,1.1858403181329806,0.7751884150580377,6.573514476846185,0
17.29999999999816,302.3922961337477,-304007.9283048385,59904.03069037113,-244103.89761446737,0.45436953187652396,0.5448239880918813,0.4995135914974947,2.6614636903365785,3.801699548925008,2.805865761711787,2.306352170214292,23.90065564570228,0.008443130698352754,3.2223619887644777,1.4769788527196268,1.1402358585884294,0.753330010272073,6.538861377285777,0
17.399999999998283,300.7355544413179,-303419.6911319969,59575.829521035004,-243843.8616109619,0.46558321074016495,0.5456779883603566,0.4990318416179197,2.6772479434393937,3.815382917972137,2.808639032954498,2.3096071913365783,22.23823812596091,0.006891207922087179,3.2389404494701752,1.4655641861868673,1.1381349745327434,0.7717904584277528,6.568243487113094,0
17.499999999998405,302.553651264352,-303940.6620590072,59935.99520408181,-244004.6668549254,0.46107302330810995,0.5344332365446309,0.49968708705655873,2.6424697513628317,3.8102406787312546,2.8071002240525402,2.3074131369959816,23.375505095989592,0.01376848610200654,3.2210660577556376,1.4096895390676143,1.167770927368423,0.7629947052748718,6.556726482389541,0
17.599999999998527,303.0217341786556,-303942.1294025411,60028.72261024456,-243913.40679229653,0.4562354016238155,0.5420246821518528,0.5017203641958412,2.6471353284399655,3.813462252034335,2.79479802352659,2.293077659330749,24.73382646571278,0.004090341190154921,3.2165678186182323,1.3878755768969555,1.1663269235943696,0.763497965222129,6.529320391626683,0
17.69999999999865,301.3430494976144,-303722.5876858039,59696.174526387054,-244026.4131594168,0.4677477550680629,0.536878601966567,0.5025664344178092,2.6626514966375012,3.83308532590336,2.7973481556365423,2.294781721218733,22.523026981220735,0.007249753623020925,3.2225260493564667,1.41453595546821,1.1704338292658587,0.7648143798319804,6.507620627853214,0
17.79999999999877,306.87632025436636,-305029.31601208774,60792.3176010241,-244236.99841106363,0.4650904501108537,0.5384181202467042,0.5015636532638554,2.708440011164427,3.8585113548600347,2.8170722124430374,2.315508559179182,16.846249162175095,0.008664630455635338,3.2673033360014854,1.4475965951962695,1.1500713436956076,0.7691598916863569,6.5145023350529385,0
17.899999999998894,302.35874019205824,-303899.4641851699,59897.38324535843,-244002.08093981148,0.46167440728748055,0.5355924794785043,0.5000475149046848,2.7186007195974753,3.847053818696182,2.8374439896492714,2.337396474744587,17.088943664464757,0.005922410619224762,3.276421859799088,1.4527824335995083,1.1284530990987065,0.7664955678098551,6.531344946870391,0
17.999999999999016,301.6818908972776,-303933.11496099597,59763.29913856835,-244169.81582242763,0.45458485180478103,0.5369020156674207,0.498483638866036,2.693253744442379,3.8475652599902617,2.8292106686909566,2.3307270298249207,20.935391417218387,0.005372830903775258,3.2544219054808092,1.4398378165266708,1.1543115155478825,0.7566535727710519,6.525504985267133,0
18.099999999999138,298.5271835301735,-303553.2787952614,59138.350390355015,-244414.9284049064,0.4581735284106516,0.5395378026304609,0.49788573850245393,2.7204236553279273,3.850573016421155,2.828513001780318,2.330627263277864,15.813450479141386,0.010464169278132386,3.2257172395723614,1.4202597834031934,1.1301493610932276,0.7536369207684661,6.501660339073075,0
18.19999999999926,300.51289669247865,-303701.4930392667,59531.720934968325,-244169.77210429835,0.45959980214763796,0.5365123701682171,0.4991536304737996,2.712446411019915,3.881730844362572,2.8148492304891204,2.315695600015321,16.917970314985045,0.006273432002456142,3.1958462138037045,1.4370512324010432,1.169284433342657,0.7689164597732834,6.546699864432924,0
18.299999999999383,303.0907106365391,-304076.5794362114,60042.38687319965,-244034.19256301172,0.4497144722577051,0.5601572354781936,0.5007757786417979,2.680930131140067,3.8764947313721763,2.808981803846315,2.308206025204517,21.400622409268703,0.004073130048562242,3.1968498856516385,1.4878669020654183,1.1955646002321094,0.7648896563575717,6.553486561398614,0
18.399999999999505,302.5211339437989,-304038.6771578868,59929.553510317484,-244109.1236475693,0.4571528660693156,0.5448968804956458,0.5025402707992095,2.6524940290873786,3.895867885434832,2.801454800783919,2.2989145299847094,24.59891289775599,0.005500185435991177,3.249417395156824,1.506974501151443,1.2433738563474535,0.7759424837902387,6.545021920794525,0
18.499999999999627,301.60264341887705,-304126.04472578224,59747.60018248073,-244378.4445433015,0.46754135275533937,0.5494782588089855,0.5031545991834748,2.6494258147401624,3.9028571051911527,2.790526004535113,2.2873714053516383,23.977466722547977,0.006657348185841878,3.2525427908882847,1.4949759747501201,1.2534312904509903,0.7681693459982066,6.569020164278797,0
18.59999999999975,301.4477958054017,-304287.9792938903,59716.924810427416,-244571.05448346288,0.4492258929086592,0.5439844942713847,0.502491242257309,2.6495495649277103,3.92413933306171,2.777084396847983,2.274593154590674,24.42978918514608,0.0057741039606593455,3.254679892416902,1.5208181095962274,1.2745897681339997,0.7530624495798293,6.548996082026058,0
18.69999999999987,301.12193572495266,-304226.5812971853,59652.37180259764,-244574.20949458762,0.4428822556050438,0.5557022623673498,0.5004014555231042,2.6010037696903225,3.927242827657963,2.769283754397114,2.2688822988740096,29.346540414366743,0.006660020982896391,3.2974124695117477,1.5688416482754408,1.3262390579676406,0.7595865039636767,6.524607812783088,0
18.799999999999994,301.8736550000732,-304278.29812063975,59801.28768141833,-244477.01043922143,0.45422856528403077,0.5386398989256875,0.4980268331078487,2.5982493711587793,3.9178856197524468,2.7779894496142683,2.2799626165064195,29.361566139336905,0.010574623591055883,3.319213651363583,1.6143279231276413,1.3196362485936675,0.765924293953498,6.4981613474164845,0
18.900000000000116,301.0736215941873,-303871.8246824853,59642.80075462733,-244229.02392785798,0.4603281845156384,0.535563818796021,0.49773579107841054,2.646797245836609,3.9131743951755857,2.7758084838549495,2.278072692776539,21.424871156123995,0.00892002196913733,3.251562886103331,1.5760468904173994,1.2663771493389766,0.7693263349674853,6.500996383042548,0
19.000000000000238,301.97922869867483,-304422.6787648336,59822.201871898666,-244600.47689293494,0.4590230264179671,0.5365150170319541,0.4998285840983277,2.63960349300811,3.8649520328378912,2.789647247103034,2.289818663004706,24.137414039591555,0.01095858306405743,3.199813568697664,1.5291007647082275,1.2253485398297812,0.7592957723869578,6.515456746344441,0
19.10000000000036,301.8815126615011,-304265.0882217968,59802.84428718293,-244462.24393461386,0.46284951207392133,0.5470809413245084,0.501675839925225,2.6257806006121793,3.841042862447459,2.786057771843459,2.284381931918234,25.096344325029396,0.008360588316192658,3.1584074290430078,1.512177966763994,1.2152622618352797,0.7521267268824818,6.470203986817879,0
19.200000000000482,298.99122676538224,-304243.3870958099,59230.27753452839,-245013.1095612815,0.4610911208108268,0.5475388091737079,0.5013023414233201,2.6568156194449983,3.8202285760085513,2.7873662690757914,2.2860639276524712,21.01154277331496,0.008038901904115757,3.1784375612872275,1.4853785022001822,1.163412956563553,0.7681280481931543,6.509067005517274,0
19.300000000000605,299.7351045608905,-303948.16991598345,59377.6400132084,-244570.52990277504,0.4592869115443632,0.5443650537711537,0.5012805654730967,2.6432122913342475,3.816347683757236,2.789419846306216,2.288139280833119,24.024128847280792,0.005121448952778678,3.1989886569664985,1.4742335523262684,1.1731353924229886,0.7734957469059349,6.542911925474478,0
19.400000000000727,302.2220408132615,-304706.4456547699,59870.30304560636,-244836.14260916354,0.46339273085465216,0.556741799804394,0.5007920848264698,2.677069253626996,3.857619386075349,2.814888773435868,2.314096688609398,23.49873414932035,0.004755608813593464,3.18934491269861,1.4581450954774882,1.180550132448353,0.7651696292444239,6.5387218478523295,0
19.50000000000085,302.3421321812829,-304615.79760784796,59894.09319200751,-244721.70441584045,0.4585148322847532,0.5480512784415339,0.4994032682401491,2.6730365635193323,3.8475386120023103,2.835919186485456,2.336515918245307,26.428318405781162,0.0050298208042661345,3.164829810974206,1.4268886317521317,1.174502048482978,0.7492547728383867,6.533452505327472,0
19.60000000000097,300.99772047879105,-304094.0212722593,59627.76471434369,-244466.2565579156,0.45570351900144246,0.5365455930780385,0.49903391642051365,2.664715396310555,3.828791827603208,2.8302794560885967,2.331245539668083,26.73407171519622,0.006907855353105462,3.1421299505717304,1.4649093556432868,1.1640764312926528,0.77391853149188,6.535077535945501,0
19.700000000001094,303.4164126498762,-304897.92297816696,60106.90856787348,-244791.0144102935,0.4552841162998711,0.5418021948395868,0.5005870575516679,2.7062328143393906,3.862535032319613,2.837559272786991,2.336972215235323,23.521917351375773,0.006104939189542167,3.1574311774190935,1.4693444430007623,1.1563022179802225,0.7683563361811263,6.561875129165159,0
19.800000000001216,301.7103402778874,-304388.5618577874,59768.934971858296,-244619.62688592914,0.4622845332436276,0.5425770571262483,0.5010760595997255,2.7025142580917816,3.8798493233990285,2.8554251912637296,2.354349131664004,28.053284891615768,0.009339622492335895,3.1474316824336626,1.4654789562415946,1.177335065307247,0.767650963011777,6.5600851371330435,0
19.900000000001338,304.41507396048024,-304667.998756371,60304.743759327066,-244363.2549970439,0.45604708776126274,0.5410436905686034,0.5005914286666284,2.691668444385165,3.8670811361532387,2.8531364710504707,2.3525450423838423,26.816291179393172,0.003699035423523559,3.1720097812656105,1.4820613497570745,1.1754126917680736,0.772565027437258,6.585510062525671,0
20.00000000000146,300.1314861268049,-304271.9972827011,59456.16335455415,-244815.83392814692,0.4587515230394392,0.5383943663993929,0.5002631948935636,2.726712657159865,3.8738446997046836,2.8381763479863142,2.3379131530927504,21.906359691034364,0.007006191585264611,3.1771823469575002,1.4649975963498147,1.1471320425448184,0.784642530403441,6.581753931923814,0
