distance_A,delta_LJ_kJmol,delta_Coulomb_kJmol,delta_total_kJmol
2.5,596.651471456638,-0.33945920976308797,596.3120122468749
2.55,436.5800826749865,-0.29956547459516036,436.28051720039133
2.5999999999999996,311.4442626384967,-0.2650132830381877,311.1792493554585
2.6499999999999995,213.63482077741045,-0.23507065286864792,213.3997501245418
2.6999999999999993,137.26214558616283,-0.20893208209414516,137.05321350406868
2.749999999999999,77.74979674360219,-0.18634041257988931,77.5634563310223
2.799999999999999,31.527949804799082,-0.16670739185293781,31.361242412946144
2.8499999999999988,-4.1973427183558325,-0.14973936785852748,-4.34708208621436
2.8999999999999986,-31.62122564265864,-0.13499847490651495,-31.756224117565154
2.9499999999999984,-52.471963612652964,-0.12219827343514522,-52.59416188608811
2.9999999999999982,-68.11613471467119,-0.11116861376844467,-68.22730332843963
3.049999999999998,-79.63519982772041,-0.10158163574314605,-79.73678146346356
3.099999999999998,-87.88857761839196,-0.09318335782069687,-87.98176097621266
3.1499999999999977,-93.55935702024628,-0.0859479199477895,-93.64530494019407
3.1999999999999975,-97.19252060388634,-0.07977884039165906,-97.27229944427799
3.2499999999999973,-99.22272967159515,-0.07436579705034374,-99.2970954686455
3.299999999999997,-99.99760753570847,-0.06960089214306953,-100.06720842785154
3.349999999999997,-99.79513694206389,-0.06553352501344056,-99.86067046707733
3.399999999999997,-98.83783465879588,-0.06196187581784107,-98.89979653461373
3.4499999999999966,-97.30385093229829,-0.05898616528876088,-97.36283709758705
3.4999999999999964,-95.3357015473291,-0.05620028248487108,-95.39190182981396
3.5499999999999963,-93.04740477740782,-0.05391081871120518,-93.10131559611902
3.599999999999996,-90.52995355005586,-0.05188973038004141,-90.5818432804359
3.649999999999996,-87.85588979170493,-0.05004703784372877,-87.90593682954865
3.6999999999999957,-85.0828073138454,-0.04854454139667075,-85.13135185524206
3.7499999999999956,-82.25633464343848,-0.04717775169263794,-82.30351239513112
3.7999999999999954,-79.41234990348131,-0.04599149636898714,-79.4583413998503
3.849999999999995,-76.57891111513854,-0.04496322025289201,-76.62387433539143
3.899999999999995,-73.77778249020376,-0.0440505215213185,-73.82183301172508
3.949999999999995,-71.0255853045701,-0.04320987038602331,-71.06879517495612
3.9999999999999947,-68.33486598348232,-0.04243554641927494,-68.37730152990159
4.0499999999999945,-65.71483160698635,-0.04191398586438444,-65.75674559285073
4.099999999999994,-63.17207982576627,-0.04127905702109613,-63.21335888278736
4.149999999999994,-60.711002995609995,-0.04075149316987803,-60.75175448877987
4.199999999999994,-58.33440984996879,-0.04027715456840886,-58.3746870045372
4.249999999999994,-56.04362219232234,-0.03994080923043297,-56.08356300155277
4.299999999999994,-53.839042189766225,-0.039551269948999046,-53.878593459715226
4.349999999999993,-51.72008469350339,-0.039153423361999895,-51.75923811686539
4.399999999999993,-49.685683268931825,-0.038811639863954195,-49.724494908795776
4.449999999999993,-47.73409963814751,-0.03850345839749236,-47.772603096545005
4.499999999999993,-45.863392452659696,-0.03816820756569994,-45.90156066022539
4.549999999999993,-44.07120187857278,-0.037924457565338354,-44.10912633613812
4.5999999999999925,-42.355100960840936,-0.037779245573263065,-42.3928802064142
4.649999999999992,-40.71242123127748,-0.037577613904786755,-40.74999884518227
4.699999999999992,-39.14052072033141,-0.03722601759797106,-39.17774673792938
4.749999999999992,-37.636639719249054,-0.03702740696268014,-37.67366712621173
4.799999999999992,-36.19807080935868,-0.03680924127278251,-36.23488005063147
4.849999999999992,-34.822096210022075,-0.03664043753348478,-34.85873664755556
4.8999999999999915,-33.50605937185201,-0.03639360690084237,-33.542452978752856
4.949999999999991,-32.24734512151632,-0.036171548758486605,-32.28351667027481
4.999999999999991,-31.043428390609805,-0.03597330671211152,-31.079401697321916
5.049999999999991,-29.89184444367197,-0.03586880966086836,-29.92771325333284
5.099999999999991,-28.790210252695385,-0.03572381092009236,-28.825934063615477
5.149999999999991,-27.736245488964787,-0.03556080048194188,-27.77180628944673
5.19999999999999,-26.727740469497967,-0.03537012129940953,-26.763110590797375
5.24999999999999,-25.76258757679164,-0.035092122741990917,-25.797679699533628
5.29999999999999,-24.83875282432912,-0.034875994774583585,-24.873628819103704
5.34999999999999,-23.954316460239852,-0.03478855478383336,-23.989105015023686
5.39999999999999,-23.1074095337729,-0.03462622163951812,-23.142035755412415
5.4499999999999895,-22.29629146620939,-0.03436544292577315,-22.33065690913516
5.499999999999989,-21.51925620100476,-0.03423598717945131,-21.55349218818421
5.549999999999989,-20.774726338052126,-0.03410501960588297,-20.808831357658008
5.599999999999989,-20.06114922863689,-0.033948914043406386,-20.095098142680296
5.649999999999989,-19.377101176524313,-0.033738904637656386,-19.410840081161968
5.699999999999989,-18.721171242338087,-0.03350772106047861,-18.754678963398565
5.7499999999999885,-18.092073376047512,-0.03338566422678246,-18.125459040274293
5.799999999999988,-17.488536640113647,-0.0330955480701447,-17.52163218818379
5.849999999999988,-16.909393870613886,-0.033046195064533546,-16.94244006567842
5.899999999999988,-16.35349923820607,-0.03286380012268664,-16.386363038328756
5.949999999999988,-15.819796559005411,-0.032636229937407446,-15.852432788942819
5.999999999999988,-15.307257958641705,-0.03243764387681969,-15.339695602518525
6.049999999999987,-14.814921458072403,-0.0323406289552195,-14.847262087027623
6.099999999999987,-14.34186482436965,-0.03212193545004949,-14.373986759819699
6.149999999999987,-13.887217378545055,-0.0319539547389307,-13.919171333283986
6.199999999999987,-13.450146400663218,-0.03173878481241621,-13.481885185475635
6.249999999999987,-13.029866184559722,-0.031522114439379134,-13.061388298999102
6.2999999999999865,-12.625626973579346,-0.0313982516441782,-12.657025225223524
6.349999999999986,-12.23671461882701,-0.031211610485470498,-12.267926229312481
6.399999999999986,-11.862455662900512,-0.031017212004365913,-11.893472874904878
6.449999999999986,-11.502203735744311,-0.0309408807816296,-11.533144616525941
6.499999999999986,-11.155348457657313,-0.03063304492371044,-11.185981502581024
6.549999999999986,-10.821304851144978,-0.030467328379305325,-10.851772179524284
6.599999999999985,-10.499524153242243,-0.030305962511492535,-10.529830115753736
6.649999999999985,-10.189472475083464,-0.03010727057029383,-10.219579745653759
6.699999999999985,-9.890657223959217,-0.029890905062945006,-9.920548129022162
6.749999999999985,-9.602592317890009,-0.029713912975171564,-9.632306230865181
6.799999999999985,-9.324832548498089,-0.02961299559118613,-9.354445544089275
6.8499999999999845,-9.05693559182901,-0.029384791347630834,-9.086320383176641
6.899999999999984,-8.798500018964553,-0.029281700597820315,-8.827781719562374
6.949999999999984,-8.549121858501543,-0.02897434093917317,-8.578096199440717
6.999999999999984,-8.308437701501608,-0.028820857850419213,-8.337258559352028
7.049999999999984,-8.076082241752223,-0.02863169352710271,-8.104713935279326
7.099999999999984,-7.851723123041158,-0.02838047247326747,-7.880103595514425
7.1499999999999835,-7.635029307840523,-0.028214125952753744,-7.663243433793276
7.199999999999983,-7.425697761195381,-0.028072760212370707,-7.453770521407751
7.249999999999983,-7.223429171474439,-0.027911246634658493,-7.251340418109098
7.299999999999983,-7.027944613523082,-0.027731306861299654,-7.055675920384381
7.349999999999983,-6.838974299336557,-0.027528305862872582,-6.866502605199429
7.399999999999983,-6.656262461274198,-0.02732086850726345,-6.683583329781461
7.449999999999982,-6.479562577297855,-0.0270333517286665,-6.506595929026522
7.499999999999982,-6.308642638824478,-0.02691443441082475,-6.335557073235302
7.549999999999982,-6.143278036232129,-0.026672292992109714,-6.169950329224239
7.599999999999982,-5.983254844973789,-0.02655347854575174,-6.009808323519541
7.649999999999982,-5.828369941170718,-0.026302789218149325,-5.854672730388867
7.6999999999999815,-5.678427009242354,-0.026149583786947428,-5.7045765930293015
7.749999999999981,-5.5332400481631625,-0.02606455173740896,-5.559304599900571
7.799999999999981,-5.392629255528212,-0.025809829264886286,-5.418439084793098
7.849999999999981,-5.256425299507842,-0.025534475145911895,-5.281959774653753
7.899999999999981,-5.124461939468095,-0.025376142434113458,-5.1498380819022085
7.949999999999981,-4.996586336661296,-0.025222940652989134,-5.021809277314285
7.9999999999999805,-4.872644335569904,-0.0249749561214041,-4.897619291691308
