u_fraction,v_fraction,rotation_deg,best_height_A,best_LJ_kJmol,best_Coulomb_kJmol,best_total_kJmol
0.0,0.0,0.0,3.2999999999999994,-99.99760753570847,-0.06960089214306953,-100.06720842785154
0.0,0.0,15.0,3.2999999999999994,-100.19921185671299,-0.09541135993561722,-100.2946232166486
0.0,0.0,30.0,3.2999999999999994,-100.4290583199205,-0.035602736716515704,-100.46466105663701
0.0,0.0,45.0,3.2999999999999994,-100.05407628293113,-0.04859034806330298,-100.10266663099443
0.0,0.0,60.0,3.2999999999999994,-99.94014457422371,-0.0501606134278485,-99.99030518765156
0.0,0.2,0.0,3.2999999999999994,-99.92059287315908,-0.04245849957450032,-99.96305137273357
0.0,0.2,15.0,3.2999999999999994,-100.10313512736677,-0.08729833029098755,-100.19043345765776
0.0,0.2,30.0,3.2999999999999994,-100.40594169109632,-0.044600644884519536,-100.45054233598084
0.0,0.2,45.0,3.2999999999999994,-100.00918752551848,-0.05663134428571537,-100.0658188698042
0.0,0.2,60.0,3.2999999999999994,-99.88222868002599,-0.029676094144412968,-99.9119047741704
0.0,0.4,0.0,3.2999999999999994,-99.80368601496488,0.0008619048802533946,-99.80282411008463
0.0,0.4,15.0,3.2999999999999994,-99.9425546173298,-0.07391793859646745,-100.01647255592627
0.0,0.4,30.0,3.2999999999999994,-100.41597449669577,-0.05948260292776508,-100.47545709962353
0.0,0.4,45.0,3.2999999999999994,-99.92653877289052,-0.06913791554176063,-99.99567668843228
0.0,0.4,60.0,3.2999999999999994,-99.79793911190919,0.0027331366976484084,-99.79520597521154
0.0,0.6000000000000001,0.0,3.2999999999999994,-99.80446507578267,0.0006901690924974169,-99.80377490669018
0.0,0.6000000000000001,15.0,3.2999999999999994,-99.94223100038482,-0.07404773167490175,-100.01627873205972
0.0,0.6000000000000001,30.0,3.2999999999999994,-100.41409452759278,-0.059541966324864415,-100.47363649391764
0.0,0.6000000000000001,45.0,3.2999999999999994,-99.92644849418978,-0.06931841544955963,-99.99576690963934
0.0,0.6000000000000001,60.0,3.2999999999999994,-99.79860291659541,0.0026071804232228324,-99.79599573617219
0.0,0.8,0.0,3.2999999999999994,-99.9215451114145,-0.04291512622483884,-99.96446023763934
0.0,0.8,15.0,3.2999999999999994,-100.10229673965546,-0.08770752103238832,-100.19000426068784
0.0,0.8,30.0,3.2999999999999994,-100.40263538767788,-0.044880057957424224,-100.4475154456353
0.0,0.8,45.0,3.2999999999999994,-100.00879929434015,-0.057101545854503666,-100.06590084019466
0.0,0.8,60.0,3.2999999999999994,-99.88302925126787,-0.030079139714519254,-99.91310839098239
0.2,0.0,0.0,3.2999999999999994,-99.98062863714257,-0.06325374534491912,-100.0438823824875
0.2,0.0,15.0,3.2999999999999994,-99.9494332135759,-0.04374506105355058,-99.99317827462946
0.2,0.0,30.0,3.2999999999999994,-99.74446506441585,-0.03315536848363321,-99.77762043289948
0.2,0.0,45.0,3.2999999999999994,-99.85952132484245,-0.01318924064819127,-99.87271056549064
0.2,0.0,60.0,3.2999999999999994,-99.94483990664506,-0.050639939987019655,-99.99547984663208
0.2,0.2,0.0,3.2999999999999994,-99.97951967227904,-0.06354231446883984,-100.04306198674787
0.2,0.2,15.0,3.2999999999999994,-100.15089379749055,-0.07923725656035385,-100.2301310540509
0.2,0.2,30.0,3.2999999999999994,-100.40888528769685,-0.035611050446682224,-100.44449633814352
0.2,0.2,45.0,3.2999999999999994,-100.1041804562094,-0.0650225704022307,-100.16920302661164
0.2,0.2,60.0,3.2999999999999994,-99.96258452100308,-0.05718414604092947,-100.019768667044
0.2,0.4,0.0,3.2999999999999994,-99.87681302025867,-0.027836524100219417,-99.90464954435889
0.2,0.4,15.0,3.2999999999999994,-100.08843739837641,-0.07962243883958697,-100.168059837216
0.2,0.4,30.0,3.2999999999999994,-100.59681108579905,-0.04823748471319922,-100.64504857051224
0.2,0.4,45.0,3.2999999999999994,-100.1191266513351,-0.09140917373634094,-100.21053582507143
0.2,0.4,60.0,3.2999999999999994,-99.89204707384329,-0.03227613970915888,-99.92432321355244
0.2,0.6000000000000001,0.0,3.2999999999999994,-99.81896509865862,-0.005976804866374419,-99.824941903525
0.2,0.6000000000000001,15.0,3.2999999999999994,-99.8448583062116,-0.044345758402133395,-99.88920406461374
0.2,0.6000000000000001,30.0,3.2999999999999994,-100.08077045402851,-0.05403548291989457,-100.13480593694841
0.2,0.6000000000000001,45.0,3.2999999999999994,-99.87754173929672,-0.05568067568225166,-99.93322241497897
0.2,0.6000000000000001,60.0,3.2999999999999994,-99.8328221188615,-0.01090506300817351,-99.84372718186967
0.2,0.8,0.0,3.2999999999999994,-99.87813590004612,-0.02779234568318989,-99.90592824572931
0.2,0.8,15.0,3.2999999999999994,-99.76207520654879,-0.022573516089497314,-99.78464872263828
0.2,0.8,30.0,3.2999999999999994,-99.52120930672221,-0.04466699805610075,-99.56587630477831
0.2,0.8,45.0,3.2999999999999994,-99.72340166785352,-0.007927641624742687,-99.73132930947827
0.2,0.8,60.0,3.2999999999999994,-99.859970025472,-0.022067241855722397,-99.88203726732772
0.4,0.0,0.0,3.2999999999999994,-99.94663228978337,-0.052256084275903,-99.99888837405926
0.4,0.0,15.0,3.2999999999999994,-99.5576442725542,0.03921063070457409,-99.51843364184963
0.4,0.0,30.0,3.349999999999999,-98.70379503623602,-0.030094467484694132,-98.7338895037207
0.4,0.0,45.0,3.2999999999999994,-99.55248396023869,0.04382125774070156,-99.50866270249799
0.4,0.0,60.0,3.2999999999999994,-99.94134459511278,-0.05101921135074816,-99.99236380646353
0.4,0.2,0.0,3.2999999999999994,-99.9753845773732,-0.06144424825371564,-100.03682882562693
0.4,0.2,15.0,3.2999999999999994,-99.83975901794034,-0.009137679802333931,-99.84889669774267
0.4,0.2,30.0,3.2999999999999994,-99.52740111657315,-0.029742707582666394,-99.55714382415582
0.4,0.2,45.0,3.2999999999999994,-99.87704454979422,-0.02108375331443524,-99.89812830310865
0.4,0.2,60.0,3.2999999999999994,-99.98986460052612,-0.0662721647977782,-100.0561367653239
0.4,0.4,0.0,3.2999999999999994,-99.94533922740594,-0.053068426052698126,-99.99840765345864
0.4,0.4,15.0,3.2999999999999994,-100.07065266095792,-0.052884994039997135,-100.12353765499792
0.4,0.4,30.0,3.2999999999999994,-100.4230327287547,-0.036100482587593685,-100.4591332113423
0.4,0.4,45.0,3.2999999999999994,-100.1831876074409,-0.09130620216352758,-100.27449380960442
0.4,0.4,60.0,3.2999999999999994,-99.99282570221018,-0.06804488050884627,-100.06087058271903
0.4,0.6000000000000001,0.0,3.2999999999999994,-99.90746208940595,-0.039281283975964865,-99.94674337338192
0.4,0.6000000000000001,15.0,3.2999999999999994,-99.92417450189325,-0.031364061754586725,-99.95553856364783
0.4,0.6000000000000001,30.0,3.2999999999999994,-100.08514594717218,-0.039593314964960324,-100.12473926213714
0.4,0.6000000000000001,45.0,3.2999999999999994,-100.03633680510876,-0.06934065712052861,-100.1056774622293
0.4,0.6000000000000001,60.0,3.2999999999999994,-99.95283952479068,-0.0546448451376107,-100.00748436992829
0.4,0.8,0.0,3.2999999999999994,-99.90793836023823,-0.03904616392093763,-99.94698452415918
0.4,0.8,15.0,3.2999999999999994,-99.60682962203812,0.025300805984290964,-99.58152881605383
0.4,0.8,30.0,3.349999999999999,-98.98420696813355,-0.03583184493819003,-99.02003881307174
0.4,0.8,45.0,3.2999999999999994,-99.64645052894943,0.013887585107849265,-99.63256294384158
0.4,0.8,60.0,3.2999999999999994,-99.91959740118364,-0.04438384853612609,-99.96398124971977
0.6000000000000001,0.0,0.0,3.2999999999999994,-99.94627627913245,-0.052359362943645404,-99.9986356420761
0.6000000000000001,0.0,15.0,3.2999999999999994,-99.55816663986057,0.03901795854076484,-99.5191486813198
0.6000000000000001,0.0,30.0,3.349999999999999,-98.70362804380059,-0.030276806301155812,-98.73390485010175
0.6000000000000001,0.0,45.0,3.2999999999999994,-99.55261099347955,0.04370838168953606,-99.50890261179
0.6000000000000001,0.0,60.0,3.2999999999999994,-99.9405077707681,-0.051225904269422085,-99.99173367503751
0.6000000000000001,0.2,0.0,3.2999999999999994,-99.90711794571494,-0.038774046108165816,-99.9458919918231
0.6000000000000001,0.2,15.0,3.2999999999999994,-99.60677588133986,0.02568792492812877,-99.58108795641172
0.6000000000000001,0.2,30.0,3.349999999999999,-98.98435837668632,-0.03555018383102526,-99.01990856051734
0.6000000000000001,0.2,45.0,3.2999999999999994,-99.64562952716972,0.01416092753287268,-99.63146859963685
0.6000000000000001,0.2,60.0,3.2999999999999994,-99.92087531675112,-0.04415656010701019,-99.96503187685813
0.6000000000000001,0.4,0.0,3.2999999999999994,-99.90691056088156,-0.03927579895742239,-99.94618635983898
0.6000000000000001,0.4,15.0,3.2999999999999994,-99.92368970725643,-0.031243625769572514,-99.954933333026
0.6000000000000001,0.4,30.0,3.2999999999999994,-100.08382902944324,-0.0395000841142088,-100.12332911355745
0.6000000000000001,0.4,45.0,3.2999999999999994,-100.03522145597933,-0.06933405003992155,-100.10455550601925
0.6000000000000001,0.4,60.0,3.2999999999999994,-99.95427038090205,-0.05466834778531071,-100.00893872868735
0.6000000000000001,0.6000000000000001,0.0,3.2999999999999994,-99.94576844062581,-0.05327837539331126,-99.99904681601912
0.6000000000000001,0.6000000000000001,15.0,3.2999999999999994,-100.07081123953272,-0.05320015931333222,-100.12401139884605
0.6000000000000001,0.6000000000000001,30.0,3.2999999999999994,-100.42101498067363,-0.03628322509842219,-100.45729820577205
0.6000000000000001,0.6000000000000001,45.0,3.2999999999999994,-100.18328292900003,-0.09153483362562431,-100.27481776262566
0.6000000000000001,0.6000000000000001,60.0,3.2999999999999994,-99.99261711557897,-0.0683312868705026,-100.06094840244947
0.6000000000000001,0.8,0.0,3.2999999999999994,-99.97570345079374,-0.06190025557039602,-100.03760370636414
0.6000000000000001,0.8,15.0,3.2999999999999994,-99.8403164512148,-0.009780581028072444,-99.85009703224287
0.6000000000000001,0.8,30.0,3.2999999999999994,-99.52587009573273,-0.030206244212832356,-99.55607633994556
0.6000000000000001,0.8,45.0,3.2999999999999994,-99.87766925285419,-0.021538038428228656,-99.89920729128242
0.6000000000000001,0.8,60.0,3.2999999999999994,-99.98803075930634,-0.06685229976982354,-100.05488305907616
0.8,0.0,0.0,3.2999999999999994,-99.9798106467002,-0.06361406395946956,-100.04342471065966
0.8,0.0,15.0,3.2999999999999994,-99.95000368865465,-0.04420687690111924,-99.99421056555576
0.8,0.0,30.0,3.2999999999999994,-99.74393624808165,-0.033555097817834945,-99.77749134589949
0.8,0.0,45.0,3.2999999999999994,-99.85943801219132,-0.013566704270018715,-99.87300471646134
0.8,0.0,60.0,3.2999999999999994,-99.94317375877465,-0.05113620870705082,-99.9943099674817
0.8,0.2,0.0,3.2999999999999994,-99.87664543482629,-0.02772506688409626,-99.90437050171039
0.8,0.2,15.0,3.2999999999999994,-99.76261126328615,-0.022537382576005793,-99.78514864586215
0.8,0.2,30.0,3.2999999999999994,-99.52210900613363,-0.044663760651898254,-99.56677276678553
0.8,0.2,45.0,3.2999999999999994,-99.72293502917012,-0.007879203980354799,-99.73081423315047
0.8,0.2,60.0,3.2999999999999994,-99.85934582740379,-0.022133839201355254,-99.88147966660514
0.8,0.4,0.0,3.2999999999999994,-99.81791780986285,-0.006243518130502945,-99.82416132799335
0.8,0.4,15.0,3.2999999999999994,-99.84442365105592,-0.04451475642538183,-99.8889384074813
0.8,0.4,30.0,3.2999999999999994,-100.0791168001604,-0.054168033906163426,-100.13328483406657
0.8,0.4,45.0,3.2999999999999994,-99.87630079091096,-0.05591772580836851,-99.93221851671933
0.8,0.4,60.0,3.2999999999999994,-99.83348975319048,-0.011200009613344886,-99.84468976280382
0.8,0.6000000000000001,0.0,3.2999999999999994,-99.87713995578288,-0.028391481322926904,-99.90553143710581
0.8,0.6000000000000001,15.0,3.2999999999999994,-100.08786529426584,-0.08013584486264369,-100.16800113912848
0.8,0.6000000000000001,30.0,3.2999999999999994,-100.59257479133264,-0.048519868847509695,-100.64109466018014
0.8,0.6000000000000001,45.0,3.2999999999999994,-100.11824557923629,-0.09192252362838671,-100.21016810286467
0.8,0.6000000000000001,60.0,3.2999999999999994,-99.89289998514346,-0.032842940378118524,-99.92574292552158
0.8,0.8,0.0,3.2999999999999994,-99.97972780648024,-0.06423537234428833,-100.04396317882453
0.8,0.8,15.0,3.2999999999999994,-100.1506768561695,-0.08008934716171501,-100.23076620333121
0.8,0.8,30.0,3.2999999999999994,-100.40513732612837,-0.0361869217577655,-100.44132424788613
0.8,0.8,45.0,3.2999999999999994,-100.1038226226789,-0.06578204048078495,-100.16960466315969
0.8,0.8,60.0,3.2999999999999994,-99.9617734837967,-0.05803004297313441,-100.01980352676983
