z_nm,rho_mean_e_per_nm3,rho_2ns_block_sd_e_per_nm3,phi_mean_mV_relative_to_bulk,phi_2ns_block_sd_mV,E_mean_V_per_m,exponential_fit_mV
5.000000000000000278e-02,0.000000000000000000e+00,0.000000000000000000e+00,1.354972707565960661e+02,1.668142434805254766e+02,1.088359737396240234e+01,-1.658031523382889816e+01
1.500000000000000222e-01,2.394825444074680121e+00,5.438010722641562628e-02,2.716058622172390358e+01,1.684809924666845689e+02,2.166733679813845158e+09,-1.794156478169495017e+01
2.500000000000000000e-01,-2.242401801738739930e+00,1.586545752762162087e-01,-1.964080951238852322e+02,1.718404810853835443e+02,2.304639947098336220e+09,-1.927585978255269694e+01
3.500000000000000333e-01,-4.767784117633730112e+00,2.383979185449262850e-01,-1.097465578967987625e+02,1.752303243135069692e+02,-4.037870691640066147e+09,-2.058373397219327572e+01
4.500000000000000111e-01,1.005316507646413271e+01,1.628106061738490151e-01,5.494139644538559253e+01,1.722877228777079210e+02,7.441116047963790894e+08,-2.186571051773113084e+01
5.500000000000000444e-01,-8.078997492276391412e+00,3.652644280132591459e-01,-1.087768027446043817e+02,1.735469223469667099e+02,2.530252379003419876e+09,-2.312230222687770720e+01
6.500000000000001332e-01,2.537657537708839506e+00,3.446504481847491586e-01,-1.111238987315787909e+02,1.873562970474490612e+02,-2.483310459263932228e+09,-2.435401175307144683e+01
7.500000000000000000e-01,3.731395947021581283e-01,1.856860592810645194e-01,5.529029154411446711e+00,1.952209504886769480e+02,1.502519015441277027e+08,-2.556133179654585064e+01
8.500000000000000888e-01,1.230968645713564069e-01,1.787167901919590740e-01,-3.194481684502270724e+01,2.014266806677917998e+02,5.992250184445544481e+08,-2.674474530141610629e+01
9.499999999999999556e-01,-9.983627955745209004e-01,1.926320891487771358e-01,-5.227219565735047269e+01,2.119137381936487827e+02,-1.926774421979993582e+08,-2.790472564886323781e+01
1.050000000000000044e+00,8.082572199189044237e-01,1.247451569185593495e-01,-2.440448953962726009e+01,2.162439636027841345e+02,-3.646766801564655304e+08,-2.904173684649281739e+01
1.150000000000000133e+00,-8.275297641172874030e-02,2.038771066239840613e-01,-2.075705222697776975e+01,2.089335523543513489e+02,2.917279339034754634e+08,-3.015623371394426400e+01
1.250000000000000000e+00,-2.450069103109979440e-01,3.015808311414908682e-01,-3.510270271127324548e+01,2.005799904124853015e+02,-4.814924217565208673e+06,-3.124866206482469622e+01
1.350000000000000089e+00,2.113423731746544854e-01,2.193203536774115670e-01,-3.309830000303337272e+01,2.041602912383509931e+02,-3.527312994723233581e+07,-3.231945888504039033e+01
1.450000000000000178e+00,-9.209183971262008273e-02,2.457095437562568097e-01,-3.496562122955116081e+01,2.108752818203691106e+02,7.261955447758942842e+07,-3.336905250759691199e+01
1.550000000000000044e+00,-1.482700695314863835e-02,2.465691577447005622e-01,-3.739080108919573320e+01,2.189808659831083446e+02,-2.411595728469812125e+07,-3.439786278393803087e+01
1.650000000000000133e+00,-9.641222507714183876e-02,1.638554505714503451e-01,-2.994698495521941339e+01,2.291851010468020320e+02,-1.247603653948277235e+08,-3.540630125189196065e+01
1.750000000000000000e+00,1.536996069882866633e-01,1.835320349130407369e-01,-2.006250471264464608e+01,2.360887040684836791e+02,-7.292923945666837692e+07,-3.639477130029189311e+01
1.850000000000000089e+00,-4.681820694809858685e-02,1.618258996793023874e-01,-1.760466235136770763e+01,2.388111297302380365e+02,2.377239223113015294e+07,-3.736366833033697787e+01
1.950000000000000178e+00,1.137852188928362984e-01,2.202329653022104816e-01,-2.301134323686426697e+01,2.410243669804726210e+02,8.436122547879981995e+07,-3.831337991375802687e+01
2.049999999999999822e+00,-8.090521814640157239e-02,2.342279506746112183e-01,-3.293488535488498314e+01,2.421074915031083492e+02,1.141096168816139549e+08,-3.924428594785138813e+01
2.150000000000000355e+00,2.105068980283422361e-02,1.519182281354258257e-01,-4.163815863676134654e+01,2.377545986167938281e+02,5.995584875591376424e+07,-4.015675880744296222e+01
2.250000000000000000e+00,-4.260222197052306731e-02,9.338126969376998876e-02,-4.665879916974308372e+01,2.303392916144598814e+02,4.045696190372090042e+07,-4.105116349384303476e+01
2.350000000000000533e+00,8.880476101161828908e-03,1.022970802778940397e-01,-4.917899707523942965e+01,2.254670941669265574e+02,9.946996206205938011e+06,-4.192785778085174542e+01
2.450000000000000178e+00,-2.762515646431014382e-02,1.547416777556532008e-01,-4.932572821121205919e+01,2.257769327496767460e+02,-7.012373486753858626e+06,-4.278719235787328756e+01
2.549999999999999822e+00,4.200352124607749371e-02,2.435694719654658003e-01,-4.927493674688909664e+01,2.212862652435283906e+02,5.996544200294367969e+06,-4.362951097019642788e+01
2.650000000000000355e+00,-6.040576536334282126e-02,1.892443320057400902e-01,-4.904211375167710685e+01,2.074065557013297223e+02,-1.065300410453356057e+07,-4.445515055649714498e+01
2.750000000000000000e+00,8.709452134612807872e-02,9.780543088971181687e-02,-4.918415449238877812e+01,1.981365449264216352e+02,1.349381891876530647e+07,-4.526444138361866010e+01
2.850000000000000533e+00,-1.228338461413176069e-01,7.220820899145130589e-02,-4.891676722620058371e+01,1.964636010542456290e+02,-1.884156424252867699e+07,-4.605770717868249164e+01
2.950000000000000178e+00,1.299364486887691350e-01,1.704018287667085352e-01,-4.735391706071223439e+01,1.924690242977852961e+02,-1.241543906723883748e+07,-4.683526525858368217e+01
3.049999999999999822e+00,-6.765856248922899607e-02,2.462050095297150520e-01,-4.892968898784627640e+01,1.815232568432306834e+02,4.393087760992025584e+07,-4.759742665692177610e+01
3.150000000000000355e+00,-5.528942906738281565e-02,2.701875053084243361e-01,-4.776087758219582469e+01,1.755485595222081656e+02,-6.730710572292903066e+07,-4.834449624841840887e+01
3.250000000000000000e+00,5.622221847180345483e-02,1.890213376103020426e-01,-4.107236436949713010e+01,1.799011909882394775e+02,-6.646315853104482591e+07,-4.907677287087121698e+01
3.350000000000000533e+00,2.641494301144945225e-02,1.717846664791878586e-01,-3.816437359001345442e+01,1.864393118090352175e+02,8.303342941371627152e+06,-4.979454944469302546e+01
3.450000000000000178e+00,-4.332147411224758493e-02,8.890932309729863980e-02,-3.822989326579184421e+01,1.925765338581764752e+02,-6.992949425803244114e+06,-5.049811309008381954e+01
3.549999999999999822e+00,-1.869401365748604021e-02,1.106174360313063043e-01,-3.472515282240740220e+01,1.973037877301584615e+02,-6.310185944188693166e+07,-5.118774524188273745e+01
3.650000000000000355e+00,1.813246274272262148e-01,1.416613991933244332e-01,-3.577202138349683480e+01,1.984290190576020905e+02,8.403923066367599368e+07,-5.186372176214572960e+01
3.750000000000000000e+00,-2.472804816646477777e-01,1.787971751556528266e-01,-4.119224535829047085e+01,1.969823185952395761e+02,2.436524883219656348e+07,-5.252631305049402499e+01
3.850000000000000533e+00,1.101302159633837097e-01,1.771812569272311899e-01,-3.742439114713985759e+01,1.970532460334569294e+02,-9.972233305520859361e+07,-5.317578415227763600e+01
3.950000000000000178e+00,8.251006803861935315e-03,1.504483047789927919e-01,-3.280746634173453913e+01,1.992072166593460452e+02,7.383836947102631442e+06,-5.381239486459701027e+01
4.050000000000000711e+00,-9.970196267765202291e-02,1.244914516192911491e-01,-2.940880811470758616e+01,2.017892378269694689e+02,-7.535700148764063418e+07,-5.443639984022533440e+01
4.150000000000000355e+00,6.926174286826469739e-02,2.007089496070995072e-01,-2.049605876776860924e+01,2.089863879690705346e+02,-1.028979854511383325e+08,-5.504804868947302054e+01
4.250000000000000000e+00,1.123433755830237080e-01,2.424500720528188769e-01,-1.842167996383159334e+01,2.204965857913888954e+02,6.141040937239761651e+07,-5.564758608003521090e+01
4.349999999999999645e+00,-9.119649693378004129e-02,8.058445575152956009e-02,-2.551935960046936103e+01,2.236633043340107179e+02,8.054318336035831273e+07,-5.623525183486206913e+01
4.450000000000000178e+00,-2.143725072702399800e-02,6.927347931157834537e-02,-2.847837268329178784e+01,2.229177100447590192e+02,-2.136292170391010121e+07,-5.681128102809116598e+01
4.550000000000000711e+00,-6.355992592794010299e-02,2.105710965371944410e-01,-2.249699349668443560e+01,2.238553806446732608e+02,-9.826466202823737264e+07,-5.737590407908029277e+01
4.650000000000000355e+00,4.163505291614342380e-02,1.285730344647675327e-01,-1.167869382517888788e+01,2.192252535740809947e+02,-1.181013314018732011e+08,-5.792934684457824090e+01
4.750000000000000000e+00,2.658462764658001132e-02,1.676100656104509978e-01,-2.954670345397980569e+00,2.076168280001797655e+02,-5.637913819374480844e+07,-5.847183070907053803e+01
4.850000000000000533e+00,4.634854123221059108e-02,2.756940659673131067e-01,-6.160941245620943363e-01,1.979976664566242164e+02,9.607613777027830482e+06,-5.900357267333623668e+01
4.950000000000000178e+00,-7.806231717872105791e-02,2.360626831202225218e-01,-1.421934002266977970e-01,1.941818566491008653e+02,-1.908562826373597980e+07,-5.952478544125098381e+01
5.050000000000000711e+00,7.831037011674596426e-02,2.045497738631130991e-01,1.755148051874599879e+00,1.901234618480664551e+02,-1.886120077829005197e+07,-6.003567750487157184e+01
5.150000000000000355e+00,-3.902783816736296162e-03,2.242532395599905748e-01,2.752311005964624968e-01,1.935680560116122138e+02,4.845953980385170877e+07,-6.053645322783540905e+01
5.250000000000000000e+00,-5.129018435349576299e-02,2.115243971450188332e-01,-2.073913295638718512e+00,2.001938991535429295e+02,-1.476651879147656262e+06,-6.102731292710880950e+01
5.350000000000000533e+00,-1.272131469607729742e-02,1.278396523421497788e-01,9.694925929724096392e-01,2.025062986869792496e+02,-5.939146589307519794e+07,-6.150845295311633976e+01
5.450000000000000178e+00,9.520794245184499571e-02,1.387956042260755363e-01,3.177123926394631592e+00,2.074808050591373103e+02,1.523883922463040054e+07,-6.198006576828369418e+01
5.550000000000000711e+00,4.578202728218624257e-02,2.324208443679829372e-01,-4.724838932051556029e+00,2.112237306736116409e+02,1.428004179442925453e+08,-6.244234002402521355e+01
5.650000000000000355e+00,-1.329484093698222735e-01,2.280400646857166647e-01,-1.506166358438354536e+01,2.137338737614054764e+02,6.393607510234722495e+07,-6.289546063620690575e+01
5.750000000000000000e+00,-5.764855855183754346e-02,1.938918478416320201e-01,-1.283307968159347290e+01,2.164751555396149740e+02,-1.085077531581481695e+08,-6.333960885911533722e+01
5.850000000000000533e+00,2.064827872018007437e-01,1.693099294487886985e-01,-8.715240478158637671e+00,2.154392513697591482e+02,2.615096908945205808e+07,-6.377496235796176194e+01
5.950000000000000178e+00,-7.916306162670229407e-02,1.756292306954075899e-01,-1.709000427232676600e+01,2.128946206967797252e+02,1.413443067939109802e+08,-6.420169527995045655e+01
6.050000000000000711e+00,5.451832773260484929e-04,2.015761651863901827e-01,-2.766793348684237941e+01,2.057502433662018575e+02,7.021427749640034139e+07,-6.461997832394010288e+01
6.150000000000000355e+00,-6.493544192886632760e-02,2.189684817948169548e-01,-3.177648627691876015e+01,1.980793729596419439e+02,1.195677830512782186e+07,-6.502997880872545977e+01
6.250000000000000000e+00,-4.312351267768505664e-02,1.130266646829173743e-01,-2.808381252099923131e+01,1.960846471379953755e+02,-8.581025342351910472e+07,-6.543186073996720609e+01
6.350000000000000533e+00,-6.207785579363199295e-03,2.029797575193742210e-01,-1.727114676556312745e+01,2.014235480394764863e+02,-1.304430616852027178e+08,-6.582578487579630178e+01
6.450000000000000178e+00,2.188473512628394402e-01,1.410663834907764369e-01,-1.384619108985324409e+01,2.143109005003111918e+02,6.194394817100515962e+07,-6.621190879111949812e+01
6.550000000000000711e+00,-2.764853745748411251e-01,2.014160701738672565e-01,-1.743316735731170652e+01,2.245826145538956098e+02,9.795577178164541721e+06,-6.659038694065132802e+01
6.650000000000000355e+00,2.568267171604584620e-01,2.831745371980135539e-01,-1.752341026074161334e+01,2.240591870729093955e+02,-7.990719109566062689e+06,-6.696137072069799956e+01
6.750000000000000000e+00,-1.004948393297821901e-01,1.421630546322869004e-01,-2.379645176959410691e+01,2.172675575910691350e+02,1.334515492866158634e+08,-6.732500852971806182e+01
6.850000000000000533e+00,-6.409262386045608273e-02,1.599163541184668025e-01,-2.969602859024666941e+01,2.121630441276309682e+02,-1.546001287356401980e+07,-6.768144582768373141e+01
6.950000000000000178e+00,1.007545291190288655e-01,2.830141552045195019e-01,-2.980853199030752876e+01,2.117584765761922938e+02,1.771008087478157878e+07,-6.803082519426669705e+01
7.050000000000000711e+00,-5.905079043310737519e-02,2.268121533661470179e-01,-3.346612632052481473e+01,2.213732606440410962e+02,5.544180572956275195e+07,-6.837328638587210605e+01
7.150000000000000355e+00,1.419158851092187923e-02,1.553722285528524594e-01,-3.698097437142544663e+01,2.406197303814289228e+02,1.485515528845077008e+07,-6.870896639154275931e+01
7.250000000000000000e+00,-6.852197805189054469e-02,2.856979848344823880e-01,-3.600870149327462144e+01,2.525084818095624826e+02,-3.430061285146785527e+07,-6.903799948775673556e+01
7.350000000000000533e+00,9.442021372180070538e-02,1.998798303400153575e-01,-3.375021994331739705e+01,2.515756286412362215e+02,-1.086901814767667651e+07,-6.936051729213970418e+01
7.450000000000000178e+00,-9.026677177070091540e-02,1.887203828992352894e-01,-3.285121078978026077e+01,2.455211572555514294e+02,-7.111164923066183925e+06,-6.967664881611366923e+01
7.550000000000000711e+00,-5.812731571285244953e-02,1.389075143075141905e-01,-2.542706921215204119e+01,2.338836465826817630e+02,-1.413716666294983327e+08,-6.998652051650341832e+01
7.650000000000000355e+00,1.272102818767744115e-01,1.269537742350318743e-01,-1.441506536863212951e+01,2.229096339185077227e+02,-7.886841024089993536e+07,-7.029025634612074214e+01
7.750000000000000000e+00,-1.371463118282218174e-01,2.259387316656582823e-01,-6.078740005619476250e+00,2.230864934791830194e+02,-8.785809701935276389e+07,-7.058797780334738547e+01
7.850000000000000533e+00,1.573540444550259876e-01,1.513221065820789246e-01,1.792915916056569969e+00,2.335561608119372750e+02,-6.957502141416829824e+07,-7.087980398073588617e+01
7.950000000000000178e+00,-4.188300644309833620e-02,2.226322119220618678e-01,3.526759972793225284e+00,2.431571724368527327e+02,3.489814027943450212e+07,-7.116585161264826809e+01
8.050000000000000711e+00,-1.471767855894418747e-02,2.161539265787897623e-01,2.597437570280636265e+00,2.495440264664070185e+02,-1.631169222918339632e+07,-7.144623512195133230e+01
8.150000000000000355e+00,-9.015681753200741055e-02,1.064728183961377167e-01,8.972900417074324508e+00,2.555181313591863841e+02,-1.111975647066901177e+08,-7.172106666578730483e+01
8.250000000000000000e+00,2.010891232176240384e-01,2.228127421789205254e-01,1.507432116110840603e+01,2.587922554117528762e+02,-1.083085017399096489e+07,-7.199045618043814443e+01
8.350000000000001421e+00,-9.979330434955191453e-02,1.288187680889231468e-01,1.157500411228690140e+01,2.630521503521904947e+02,8.081719115042193234e+07,-7.225451142530165782e+01
8.449999999999999289e+00,1.047001883604624234e-01,1.200343960653617870e-01,3.271308259393479467e+00,2.680554098005052310e+02,8.525672590744608641e+07,-7.251333802599657474e+01
8.550000000000000711e+00,-1.503707807227975535e-01,3.955316841404453165e-01,-3.188326274249697612e+00,2.645821141498630595e+02,4.393596476541844010e+07,-7.276703951661421854e+01
8.650000000000000355e+00,1.385373686451894445e-02,3.655071147916862939e-01,-1.406189232458887606e+00,2.627898779508605571e+02,-7.957870560123543441e+07,-7.301571738113358379e+01
8.750000000000000000e+00,9.272485949656289819e-03,2.221422602149770997e-01,5.505501412326029964e+00,2.704710063774073774e+02,-5.865510729446309060e+07,-7.325947109401622015e+01
8.850000000000001421e+00,-1.855505704964829222e-02,1.636260319653062567e-01,1.179093542650178073e+01,2.758736612095436840e+02,-6.705357298905271292e+07,-7.349839815999737880e+01
8.949999999999999289e+00,5.121771666708177517e-02,2.338371541902254103e-01,1.701870519423637163e+01,2.788618602991665512e+02,-3.750182236563877016e+07,-7.373259415308918108e+01
9.050000000000000711e+00,5.816429079767070770e-02,2.537862233609807783e-01,1.582068381672363522e+01,2.824988954811719282e+02,6.146224991589336842e+07,-7.396215275481152673e+01
9.150000000000000355e+00,-5.581151244339294104e-02,2.485162932879552422e-01,9.568024260386442492e+00,2.875328304424240855e+02,6.359094121085064858e+07,-7.418716579166593306e+01
9.250000000000000000e+00,-3.748997711619908579e-02,1.332097213934830549e-01,7.429686171652294391e+00,2.876747029533329396e+02,-2.082417943616712838e+07,-7.440772327186732582e+01
9.350000000000001421e+00,9.161037150527920336e-02,1.257914427588378292e-01,7.063815431249398813e+00,2.825252031006785955e+02,2.814159424422426522e+07,-7.462391342134863237e+01
9.449999999999999289e+00,-7.729145167461804605e-03,1.315115235328654653e-01,4.550521506880844669e-01,2.799022048114103427e+02,1.040336713670026660e+08,-7.483582271905217453e+01
9.550000000000000711e+00,-1.984400111734994920e-02,9.409150561720774908e-02,-8.700965945157069115e+00,2.786869278295948220e+02,7.908669054989992082e+07,-7.504353593152256963e+01
9.650000000000002132e+00,-1.822394273269127563e-01,1.781149797908514187e-01,-7.467821148402609133e+00,2.795521285863862886e+02,-1.037495864849896431e+08,-7.524713614681434137e+01
9.750000000000000000e+00,1.043783883462796741e-01,2.477555658756600832e-01,6.429401201499707064e+00,2.751276228760868889e+02,-1.741948605130566955e+08,-7.544670480772829535e+01
9.850000000000001421e+00,9.380797726068750009e-02,2.646761800780376706e-01,1.488336802997425323e+01,2.632674499563333370e+02,5.115523943566992879e+06,-7.564232174438976131e+01
9.949999999999999289e+00,-1.238647122855629779e-01,1.400990344805906895e-01,1.573151681796558421e+01,2.605706892062144107e+02,-2.207849970339484513e+07,-7.583406520618166269e+01
1.005000000000000071e+01,4.871792559648292775e-03,1.611403823657102108e-01,2.332234712560632417e+01,2.669146777317853889e+02,-1.297381064494193643e+08,-7.602201189304533102e+01
1.015000000000000213e+01,8.835237111606114579e-02,1.773489836756684535e-01,3.207889979264854929e+01,2.708524728622033422e+02,-4.539294689142489433e+07,-7.620623698616149966e+01
1.025000000000000000e+01,3.671781627038846196e-02,1.514587685333269873e-01,3.096029180124004654e+01,2.681652080854146902e+02,6.776510671959431469e+07,-7.638681417802375506e+01
1.035000000000000142e+01,-1.167564346316988209e-02,1.087846035770662634e-01,2.305092781216688991e+01,2.648000175003456320e+02,9.042217306187006831e+07,-7.656381570191662433e+01
1.044999999999999929e+01,-1.094773515358935800e-01,1.448752739789669064e-01,1.948940794064479931e+01,2.642597841542503261e+02,-1.919177563142886758e+07,-7.673731236080969609e+01
1.055000000000000071e+01,1.581618433178137717e-01,1.710223469432486099e-01,1.920620520589078239e+01,2.648905087560296465e+02,2.485583032650873065e+07,-7.690737355567982547e+01
1.065000000000000213e+01,-1.879418222350214829e-01,1.436362181822974649e-01,1.806780351248104921e+01,2.691776846050498193e+02,-2.087796458314567804e+06,-7.707406731327249361e+01
1.075000000000000000e+01,1.001384720438183440e-01,2.186342591681805780e-01,2.224861534911087801e+01,2.703720978497971714e+02,-8.152844027428212762e+07,-7.723746031331332063e+01
1.085000000000000142e+01,2.431506780738840190e-02,1.225698695720111031e-01,2.477145248646795039e+01,2.657845139720091652e+02,3.107169752714044601e+07,-7.739761791518098732e+01
1.094999999999999929e+01,7.099038315512566644e-02,1.523078574417508768e-01,1.735287185527029052e+01,2.596585367538982041e+02,1.172999150968133062e+08,-7.755460418405165512e+01
1.105000000000000071e+01,-7.829361552724109496e-02,3.025674228755456663e-01,5.953262660338354273e+00,2.585021008719660358e+02,1.106922688018249869e+08,-7.770848191652603987e+01
1.115000000000000213e+01,-2.577323754359423305e-02,3.093980617669381816e-01,-4.082066059000188929e-01,2.628731491336335466e+02,1.653711652294158190e+07,-7.785931266574890230e+01
1.125000000000000000e+01,4.386088652353240663e-03,2.933795788899038470e-01,-1.094410256729294595e+00,2.605401081479151912e+02,-2.813043506354902871e+06,-7.800715676603101656e+01
1.135000000000000142e+01,5.808172797042357449e-02,2.399209100028562858e-01,-3.639013778336031013e+00,2.578361406974445345e+02,5.370511393848906457e+07,-7.815207335698376312e+01
1.144999999999999929e+01,-5.198018679357447464e-02,1.393494759386167403e-01,-9.285545596407374092e+00,2.613666497967760165e+02,5.922552242293764651e+07,-7.829412040717578236e+01
1.155000000000000071e+01,-1.407909007812621800e-02,1.168633496790113802e-01,-1.221972013256722533e+01,2.644105043196952352e+02,-5.420316997400633991e+05,-7.843335473732115304e+01
1.165000000000000213e+01,1.525933053024484676e-01,1.149450961919220721e-01,-1.843159816058953382e+01,2.673351091806738395e+02,1.247795922601858974e+08,-7.856983204300840384e+01
1.175000000000000000e+01,-2.517830434521822203e-01,9.414480418485332569e-02,-2.642242982177545230e+01,2.713614939506344399e+02,3.503704096353226900e+07,-7.870360691697950983e+01
1.185000000000000142e+01,9.088482374797161867e-02,1.545327828381404256e-01,-2.264744914453442703e+01,2.712986556227611459e+02,-1.105366545083528161e+08,-7.883473287096776971e+01
1.194999999999999929e+01,-5.541479049451662753e-02,7.062348639724849719e-02,-1.319837068935031432e+01,2.670588463831787180e+02,-7.844491459532898664e+07,-7.896326235710316155e+01
1.205000000000000071e+01,9.084719810276438434e-02,7.176233239335946812e-02,-6.956764123286385271e+00,2.683981654645130561e+02,-4.638721672594864666e+07,-7.908924678889385973e+01
1.215000000000000213e+01,-5.148289602805303927e-02,1.501175255433242206e-01,-4.098797680060107140e+00,2.758918345154307303e+02,-1.077211213857723773e+07,-7.921273656179239708e+01
1.225000000000000000e+01,5.826231994907212636e-02,2.034440922498496063e-01,-3.328272828291289898e+00,2.787881739325807757e+02,-4.638384896799564362e+06,-7.933378107335451546e+01
1.235000000000000142e+01,2.845486026760651183e-02,1.559176293804653279e-01,-6.787330567124660874e+00,2.728079965681870931e+02,7.381953967346835136e+07,-7.945242874299874813e+01
1.244999999999999929e+01,-1.291260208481885829e-01,1.613306389586730283e-01,-9.615140647702524745e+00,2.584809193986067157e+02,-1.726333806191144884e+07,-7.956872703137497638e+01
1.255000000000000071e+01,1.585329531406943215e-01,3.380139365942712026e-01,-9.219112364525051007e+00,2.478155370565269209e+02,9.342772398362010717e+06,-7.968272245934919340e+01
1.265000000000000213e+01,-8.548492188458918506e-02,1.038308802817707183e-01,-1.345792332650119860e+01,2.581872934217100237e+02,7.543344684116140008e+07,-7.979446062661256178e+01
1.275000000000000000e+01,3.719786900190980017e-02,3.229408878261571525e-01,-1.881686698228390853e+01,2.674570784874494507e+02,3.174542627449240535e+07,-7.990398622992184130e+01
1.285000000000000142e+01,6.577249062445627951e-03,1.534749039464317899e-01,-2.397170054087627378e+01,2.576993634894582783e+02,7.135124489735394716e+07,-8.001134308097873316e+01
1.294999999999999929e+01,-6.484688405468331390e-03,1.315322160903206195e-01,-3.111101227299267791e+01,2.498048386518627524e+02,7.143498974497413635e+07,-8.011657412395507549e+01
1.305000000000000071e+01,-8.090953651004610669e-02,1.088688584532647302e-01,-3.430098699245459670e+01,2.494789271303869782e+02,-7.635495355735719204e+06,-8.021972145267116616e+01
1.315000000000000213e+01,-2.532365630784468719e-02,2.196066927133927538e-01,-2.873167935442733167e+01,2.491505623687423281e+02,-1.037506574048095047e+08,-8.032082632743383499e+01
1.325000000000000000e+01,4.545481092361316339e-02,1.625522114639900984e-01,-1.926730317189196029e+01,2.525141243573048087e+02,-8.553686624589699507e+07,-8.041992919154102992e+01
1.335000000000000142e+01,8.650189326614761420e-02,1.581821685133314448e-01,-1.668305023852267865e+01,2.596727516788978960e+02,3.385180757851049304e+07,-8.051706968745980930e+01
1.344999999999999929e+01,-1.042771735846155234e-01,1.251326568653965410e-01,-1.926411605689049011e+01,2.598123270921492463e+02,1.776950878884698451e+07,-8.061228667268376569e+01
1.355000000000000071e+01,9.239582987613373377e-02,1.116619830579323736e-01,-2.050358084239423206e+01,2.527691136225344053e+02,7.019786921227946877e+06,-8.070561823527654610e+01
1.365000000000000213e+01,-1.526484858888895457e-01,9.428565124084084537e-02,-1.847986070021739735e+01,2.464344215632876853e+02,-4.749418976476532221e+07,-8.079710170910763622e+01
1.375000000000000000e+01,9.123052553446835133e-02,1.104220663013943393e-01,-1.095202706086417876e+01,2.488492587780484939e+02,-1.030624830223000348e+08,-8.088677368878636287e+01
1.385000000000000142e+01,-1.237263644171939653e-01,1.891948771343783253e-01,8.242621660926041649e-01,2.544471536626047339e+02,-1.324633015168352425e+08,-8.097467004430023962e+01
1.394999999999999929e+01,8.204189340875753245e-02,1.190276957233707966e-01,1.595630693278060619e+01,2.457562966819180019e+02,-1.701775938169255257e+08,-8.106082593536343950e+01
1.405000000000000071e+01,1.346740564908388005e-01,2.512425490994254496e-01,2.317030908441153514e+01,2.254235655914463621e+02,2.589755078430797160e+07,-8.114527582548116413e+01
1.415000000000000213e+01,-1.388730919933689190e-01,2.727130371585574919e-01,2.077050922010448275e+01,2.147104082362589565e+02,2.209844650183244050e+07,-8.122805349573545186e+01
1.425000000000000000e+01,1.217290868082864796e-01,2.839037213422622163e-01,1.933622199826623245e+01,2.133359605380249207e+02,6.587297934933170676e+06,-8.130919205829812313e+01
1.435000000000000142e+01,-1.536681399971752127e-01,2.074157626330766224e-01,2.012234535825307802e+01,2.053075186105888577e+02,-2.230976513467115164e+07,-8.138872396967607870e+01
1.444999999999999929e+01,5.197126819145879428e-03,2.897562090850775429e-01,2.906982690779646816e+01,1.983924104504573052e+02,-1.566398658561961651e+08,-8.146668104369427965e+01
1.455000000000000071e+01,1.546671197591181768e-01,3.464199675674518586e-01,3.750190341044279307e+01,1.962533087147785409e+02,-1.200166419673097134e+07,-8.154309446422182361e+01
1.465000000000000213e+01,-1.102480856106657914e-01,2.030344879432226246e-01,3.669264953877604540e+01,1.942853861086098561e+02,2.818674163006669283e+07,-8.161799479764573562e+01
1.475000000000000000e+01,-3.255975127978814193e-02,1.953261368859971203e-01,4.033429065977544781e+01,1.949590302171648375e+02,-1.010195640500547439e+08,-8.169141200509808698e+01
1.485000000000000142e+01,5.259645062383008773e-02,1.024463915201207637e-01,4.952983045745818202e+01,1.941110147174176745e+02,-8.289123190359936655e+07,-8.176337545444079069e+01
1.494999999999999929e+01,2.120958813776249990e-03,8.001596880322019156e-02,5.534365730422774732e+01,1.916237364278271968e+02,-3.338530503179256245e+07,-8.183391393201307551e+01
1.505000000000000071e+01,1.322296345301832710e-01,1.293243544053249150e-01,5.260445978845346104e+01,1.907709205747824512e+02,8.816925534727923572e+07,-8.190305565414649891e+01
1.515000000000000213e+01,-1.074963533638358670e-01,2.187331207402784528e-01,4.266865452119977675e+01,1.929539690309983655e+02,1.105468499977944493e+08,-8.197082827845183317e+01
1.525000000000000000e+01,4.649244691100676979e-02,3.642590762176897701e-01,3.437365328824049016e+01,1.966845573601680428e+02,5.535317466139103472e+07,-8.203725891488242894e+01
1.535000000000000142e+01,-1.271978946230257167e-02,1.022940291227287801e-01,2.731053440834052637e+01,1.942213683397901889e+02,8.590920293660815060e+07,-8.210237413657863215e+01
1.544999999999999929e+01,-1.931186486551821901e-01,8.380907444731336420e-02,2.803129641980683928e+01,1.865217551912190572e+02,-1.003244431659349501e+08,-8.216619999049731859e+01
1.555000000000000071e+01,1.181318244863114458e-01,2.320504521962281352e-01,4.145598122421645115e+01,1.813464387378048173e+02,-1.681692529222564399e+08,-8.222876200783109368e+01
1.565000000000000213e+01,1.241329772025683530e-02,2.045685367939319432e-01,5.236732971752688570e+01,1.796682768345427235e+02,-5.005771694395209849e+07,-8.229008521422105105e+01
1.575000000000000000e+01,1.356377559705397064e-02,2.569596727780366074e-01,5.619795523339477228e+01,1.758424142157727772e+02,-2.655479337340576947e+07,-8.235019413976741021e+01
1.585000000000000142e+01,-4.194059246066048768e-02,1.933637619124042029e-01,6.013713991693436611e+01,1.718150102394081671e+02,-5.222890029738687724e+07,-8.240911282884184175e+01
1.594999999999999929e+01,3.281466096717934600e-02,9.248327806328665579e-02,6.577286719700798301e+01,1.737718452761338881e+02,-6.048564530408468843e+07,-8.246686484970555853e+01
1.605000000000000071e+01,5.541865106812075663e-03,1.687304548289037531e-01,7.008626608782158485e+01,1.787915009483883466e+02,-2.578233251218731701e+07,-8.252347330393696723e+01
1.614999999999999858e+01,1.206748843594149939e-01,1.210649664991187702e-01,6.695472868899044272e+01,1.793455762850088036e+02,8.841308048881132901e+07,-8.257896083567254664e+01
1.625000000000000000e+01,-7.708418073920321467e-02,1.178719201064318267e-01,5.614147221647863972e+01,1.785062028561620195e+02,1.278520489614242315e+08,-8.263334964066481803e+01
1.635000000000000142e+01,2.325645856171409259e-02,1.437137517058773850e-01,4.579131615139731082e+01,1.818887681320712204e+02,7.915107234020203352e+07,-8.268666147516098874e+01
1.645000000000000284e+01,-1.092536414214019362e-02,2.202923847923659029e-01,3.731837708208080073e+01,1.915935662175218681e+02,9.030770904612785578e+07,-8.273891766460567965e+01
1.655000000000000071e+01,-1.189693815464827782e-02,3.242677989074325140e-01,2.932003739101018880e+01,2.074429803890944299e+02,6.965908477528364956e+07,-8.279013911217144539e+01
1.664999999999999858e+01,-1.988622787194391922e-02,2.646021800281347369e-01,2.379193007150370676e+01,2.161964516289097560e+02,4.090306161484581977e+07,-8.284034630712025660e+01
1.675000000000000000e+01,1.607887616653529139e-02,1.707454351350777555e-01,1.987386020285586596e+01,2.179286917914436970e+02,3.745833575811209530e+07,-8.288955933299953927e+01
1.685000000000000142e+01,-2.626198494231215402e-02,1.343935966534772763e-01,1.658868827345910546e+01,2.253978200081505463e+02,2.824510282982241362e+07,-8.293779787567579831e+01
1.695000000000000284e+01,-1.550104580465113541e-03,1.894281216417668945e-01,1.502233630262866981e+01,2.341038265864724224e+02,3.081936586786409840e+06,-8.298508123120933533e+01
1.705000000000000071e+01,-3.919641388347988586e-02,1.624032440613567274e-01,1.655742633015688625e+01,2.304055427885191136e+02,-3.378373713735016435e+07,-8.303142831357280329e+01
1.714999999999999858e+01,9.422560776973155916e-02,1.636284030897349195e-01,1.744639925139479431e+01,2.159954452603557513e+02,1.600427871259079874e+07,-8.307685766221710821e+01
1.725000000000000000e+01,-9.916841904221503079e-02,3.193349837707021854e-01,1.606957338899522725e+01,2.107478710399413728e+02,1.153223853540121019e+07,-8.312138744948744318e+01
1.735000000000000142e+01,9.804620328994911871e-02,3.432664187211278417e-01,1.496711613016154985e+01,2.165355495741834204e+02,1.051690664127314091e+07,-8.316503548789246736e+01
1.745000000000000284e+01,-5.270078027381460556e-02,1.741636144438624689e-01,1.186409736143190230e+01,2.196187613496549602e+02,5.154346873331985623e+07,-8.320781923722950069e+01
1.755000000000000071e+01,8.851633932669958349e-02,1.552223808052833887e-01,5.089532658373475016e+00,2.214233342392305133e+02,8.394782532784812152e+07,-8.324975581156876103e+01
1.764999999999999858e+01,-1.040167725395468867e-01,1.943908344770677310e-01,-2.604044059841881253e+00,2.145917900827707285e+02,6.992370903645901382e+07,-8.329086198609913083e+01
1.775000000000000000e+01,-3.673421009888013650e-02,1.708020755165607085e-01,-3.229147282825306498e+00,2.017741577454162325e+02,-5.742164457679015398e+07,-8.333115420383850847e+01
1.785000000000000142e+01,1.812984049360417266e-02,1.819803259383646621e-01,3.354638306629964539e+00,1.986490646432851577e+02,-7.425406721231520176e+07,-8.337064858221124553e+01
1.795000000000000284e+01,5.207432821394843148e-02,1.574241821218647641e-01,7.604161449075497181e+00,1.930771803327727980e+02,-1.073639563659509271e+07,-8.340936091949527054e+01
1.805000000000000071e+01,-1.503199871586610899e-02,1.089180155195036276e-01,7.002086761876191723e+00,1.734744052175609568e+02,2.277788938058055192e+07,-8.344730670114167026e+01
1.814999999999999858e+01,5.237110294086500667e-02,2.744670329265815334e-01,3.035158131149184868e+00,1.554754549928228755e+02,5.656068323395915329e+07,-8.348450110596907336e+01
1.825000000000000000e+01,-5.981710764712031697e-02,2.952078412886178227e-01,-2.284069168280389306e+00,1.600629577806228667e+02,4.982386275463181734e+07,-8.352095901223530916e+01
1.835000000000000142e+01,1.112201438513004022e-02,4.014846979635537383e-01,-5.063595557994737817e+00,1.701612835076164743e+02,5.766665039656052366e+06,-8.355669500358902724e+01
1.845000000000000284e+01,3.056935941789840766e-02,2.546325112783243139e-01,-7.526288944347204080e+00,1.652006581983647493e+02,4.348720268739338219e+07,-8.359172337490325333e+01
1.855000000000000071e+01,7.807143208560847480e-02,1.087460508651341279e-01,-1.678968183259416236e+01,1.620619255280763582e+02,1.417806550775455236e+08,-8.362605813799353882e+01
1.864999999999999858e+01,-1.581010171354114147e-01,2.171352540709576284e-01,-2.734738334123221293e+01,1.639107227816196257e+02,6.937337509521484375e+07,-8.365971302722294922e+01
1.875000000000000000e+01,2.340386099070873582e-02,1.435867282419441282e-01,-2.819131508604566605e+01,1.571604153286449161e+02,-5.249474019894560426e+07,-8.369270150499588112e+01
1.885000000000000142e+01,1.793660719085915251e-03,1.578482309517185433e-01,-2.408172202902658654e+01,1.493190426144651326e+02,-2.969712094143515825e+07,-8.372503676714333665e+01
1.895000000000000284e+01,1.192420723308936989e-02,2.228315406208621619e-01,-2.173257638225101118e+01,1.442565569806412782e+02,-1.728579199407554418e+07,-8.375673174820130384e+01
1.905000000000000071e+01,-4.434136643143051643e-02,2.367613418230826439e-01,-1.853751555555194130e+01,1.373849835354313882e+02,-4.661542453990685195e+07,-8.378779912658480100e+01
1.915000000000000213e+01,4.026400073092446102e-02,2.296534112216577772e-01,-1.369152196409551081e+01,1.324640573322267301e+02,-5.030444728922098875e+07,-8.381825132965941805e+01
1.925000000000000000e+01,-4.699281688191252887e-02,2.022262748640777930e-01,-8.356680258298499808e+00,1.301334004412886429e+02,-5.639238682671858370e+07,-8.384810053871242985e+01
1.935000000000000142e+01,1.226112497545953778e-01,7.936351122033474814e-02,-6.138254664580012232e+00,1.229388212408322403e+02,1.202387495234844089e+07,-8.387735869382544251e+01
1.945000000000000284e+01,-1.568714298228745252e-01,1.767809031423244470e-01,-5.790786285324700522e+00,1.153986588991094635e+02,-1.897324253745496273e+07,-8.390603749865061900e+01
1.955000000000000071e+01,6.987577479555875937e-02,5.902407580091858369e-02,4.203179041750715328e-02,1.204719590287651698e+02,-9.768311897738809884e+07,-8.393414842509228890e+01
1.965000000000000213e+01,-1.295250690372434267e-02,2.085559982288025249e-01,7.235259115876968572e+00,1.290799703088744366e+02,-4.618142753180162609e+07,-8.396170271789583239e+01
1.975000000000000000e+01,1.529076422573638627e-01,2.584009295579711152e-01,5.522136584968972528e+00,1.298506382730082578e+02,8.044387814996165037e+07,-8.398871139914578521e+01
1.985000000000000142e+01,-1.380200366353432906e-01,2.623836093713603490e-01,-3.195734060076449445e+00,1.238775229528433357e+02,9.391353475094659626e+07,-8.401518527267474212e+01
1.995000000000000284e+01,9.443234743030454181e-02,1.604075547008417812e-01,-1.061527547711282793e+01,1.120442236716783100e+02,5.447729358978082240e+07,-8.404113492838511945e+01
2.005000000000000071e+01,-6.245408664361686707e-02,2.121706919344858444e-01,-1.750963165584062864e+01,1.024604356453584586e+02,8.340982998477469385e+07,-8.406657074648518346e+01
2.015000000000000213e+01,-2.179689464434788216e-03,3.101319281754046919e-01,-2.292672349578051083e+01,1.019305380017529217e+02,2.493200681402344629e+07,-8.409150290164136266e+01
2.025000000000000000e+01,-2.995002281710613251e-02,3.284939151921892342e-01,-2.396644602190223239e+01,1.021725661193302699e+02,-4.137556291589476168e+06,-8.411594136704810865e+01
2.035000000000000142e+01,-1.227805987212744580e-02,2.303273204993878664e-01,-2.164238397012868731e+01,9.363676577180730476e+01,-4.234368474388085306e+07,-8.413989591841747995e+01
2.045000000000000284e+01,2.550977864220748542e-02,2.002697868062384146e-01,-1.800658961369738620e+01,8.208882971483131996e+01,-3.037220238474540040e+07,-8.416337613788935812e+01
2.055000000000000071e+01,-1.183384952562324816e-01,1.913618754574773484e-01,-1.077000056049681831e+01,7.401601613365252774e+01,-1.143595786792660356e+08,-8.418639141786466951e+01
2.065000000000000213e+01,1.022658655330422883e-01,2.894695114596709806e-01,1.393048044995848223e+00,7.425008994015905728e+01,-1.289013934305875450e+08,-8.420895096476225206e+01
2.075000000000000000e+01,-3.092869546393225977e-02,2.970214392202996101e-01,1.105604929710568562e+01,7.955832888252616897e+01,-6.435863161160808057e+07,-8.423106380270166937e+01
2.085000000000000142e+01,9.885913056205115901e-02,2.909595042137395060e-01,1.441888763225362879e+01,7.300905199077369900e+01,-2.898135091350898147e+06,-8.425273877711290993e+01
2.095000000000000284e+01,1.024299739730710583e-02,3.742570148812280340e-01,9.773158666124547977e+00,6.287421356368874825e+01,9.581271441393187642e+07,-8.427398455827479040e+01
2.105000000000000071e+01,-1.050392054004383596e-01,2.159585619089355035e-01,4.480261061653334487e+00,7.062928790104359678e+01,1.004523767549180984e+07,-8.429480964478301530e+01
2.115000000000000213e+01,-7.070907116113663363e-03,2.248012128870659210e-01,8.547354434681020408e+00,7.934334613206115705e+01,-9.138710513604409993e+07,-8.431522236694988237e+01
2.125000000000000000e+01,-3.012162186250154014e-02,1.839058130947393288e-01,1.936857389627611070e+01,7.573889733246818423e+01,-1.250372840958582908e+08,-8.433523089013641538e+01
2.135000000000000142e+01,8.508132359021491897e-02,2.262198523693585706e-01,2.938604518715548508e+01,7.563852357499192181e+01,-7.531214172172914445e+07,-8.435484321801870067e+01
2.145000000000000284e+01,-3.259052077290215677e-02,1.542607136761550979e-01,3.454268984623820415e+01,8.414980158947852829e+01,-2.782075145992447063e+07,-8.437406719578935110e+01
2.155000000000000071e+01,-5.312710908955151079e-02,1.423161455188206026e-01,4.120244374128956366e+01,9.318245324158634446e+01,-1.053743264411027282e+08,-8.439291051329583127e+01
2.165000000000000213e+01,2.236770702106262165e-01,1.272487767451226104e-01,4.402456786656616572e+01,9.496442523406699365e+01,4.893184393556949496e+07,-8.441138070811639693e+01
2.175000000000000000e+01,-9.426956656004904789e-02,1.129556983862287783e-01,3.327727005806979577e+01,9.454843063713612139e+01,1.660141122343590260e+08,-8.442948516857522634e+01
2.185000000000000142e+01,-5.807481174895758047e-02,2.135899032129178754e-01,2.356758646703993776e+01,9.182244862957239206e+01,2.817955958623785526e+07,-8.444723113669788006e+01
2.195000000000000284e+01,1.317604125641286261e-01,2.709834287754117610e-01,1.741625452903922167e+01,8.617966671210113816e+01,9.484707917377673090e+07,-8.446462571110828321e+01
2.205000000000000071e+01,-8.555877053105573338e-02,2.879039656188377427e-01,5.841485024905668233e+00,8.405133790993698994e+01,1.366483109088944793e+08,-8.448167584986806844e+01
2.215000000000000213e+01,-7.059339832885647148e-02,1.619503672225758029e-01,-7.593622883272366231e-01,7.939083416128910642e+01,-4.631364644236311316e+06,-8.449838837326012708e+01
2.225000000000000000e+01,3.828390898969546291e-02,1.237581754156315272e-01,1.165385053630563217e+00,7.775016163453186380e+01,-3.386358219491972774e+07,-8.451476996651662432e+01
2.235000000000000142e+01,8.338475873519204939e-02,1.527809177521751993e-01,-9.522820717238200672e-01,7.742520242309485923e+01,7.621692470200797915e+07,-8.453082718249328309e+01
2.245000000000000284e+01,-1.055561567164811365e-01,7.864411853042121980e-02,-7.570988820936652708e+00,7.152383392642937565e+01,5.615721028224872798e+07,-8.454656644429061885e+01
2.255000000000000071e+01,8.318650480854208884e-02,8.150292873299611052e-02,-1.217475555263647280e+01,6.634273189784379099e+01,3.591812435174621642e+07,-8.456199404782319107e+01
2.265000000000000213e+01,-1.356106933601496645e-01,2.262849409806240997e-01,-1.339501195891218366e+01,6.906437458072932145e+01,-1.151299622623175383e+07,-8.457711616433812196e+01
2.275000000000000000e+01,5.160804055734014018e-02,2.632715756942613505e-01,-8.443615411528993420e+00,7.289025609009452467e+01,-8.751493472143234313e+07,-8.459193884288364984e+01
2.285000000000000142e+01,2.981261002121824918e-02,2.788389556866311958e-01,-3.375414711125346301e+00,7.616564196530342201e+01,-1.384907928664008714e+07,-8.460646801272881135e+01
2.295000000000000284e+01,1.589887283751015637e-02,2.756707747675562481e-01,-4.058394636496654329e+00,8.084221420947510239e+01,2.750867779406601191e+07,-8.462070948573530416e+01
2.305000000000000071e+01,-2.296572146513320770e-02,3.204939763494805138e-01,-6.489573586544339356e+00,8.596600037977276543e+01,2.111490120688737556e+07,-8.463466895868219808e+01
2.315000000000000213e+01,-4.172987937510212741e-02,1.767014466952916696e-01,-5.674375732561632191e+00,8.416224340211151400e+01,-3.741885828654091805e+07,-8.464835201554480193e+01
2.325000000000000000e+01,-3.994999898897035051e-02,1.903800613693230337e-01,1.762529767848630691e+00,8.594281328010499976e+01,-1.113192517216643840e+08,-8.466176412972831145e+01
2.335000000000000142e+01,1.663294757314011663e-01,2.254704525557284511e-01,7.177322862662038894e+00,9.290242073122117006e+01,3.023389825396507978e+06,-8.467491066625721885e+01
2.345000000000000284e+01,-1.467776955413831741e-01,1.220806775776781400e-01,5.990503958421711239e+00,8.726709163082496445e+01,2.071298825940844417e+07,-8.468779688392145033e+01
2.355000000000000071e+01,1.080051696749873558e-01,1.326513809633768914e-01,5.673189695991509574e+00,7.535229830473340940e+01,-1.436670301080381870e+07,-8.470042793737984255e+01
2.365000000000000213e+01,-1.317315986845131286e-02,1.997385670056327778e-01,2.819866564595652214e+00,6.604595265822084116e+01,7.143316563872000575e+07,-8.471280887922225133e+01
2.375000000000000000e+01,-1.638940168024019886e-02,3.641388997118524262e-01,-2.986104147914669937e+00,6.302045820956066535e+01,4.468624861148668826e+07,-8.472494466199046315e+01
2.385000000000000142e+01,-6.536747985153999047e-03,1.993544606669490904e-01,-6.417599966906051279e+00,7.066658270108813156e+01,2.394366776834007353e+07,-8.473684014015938715e+01
2.395000000000000284e+01,-1.026342384136457037e-01,1.860095096049285135e-01,-3.873309262756086113e+00,7.853725429422853210e+01,-7.482948185134012997e+07,-8.474850007207892588e+01
2.405000000000000071e+01,2.094293306611430538e-01,2.689985973872301983e-01,-1.221538285582857153e+00,7.466591907922911275e+01,2.179406230787599087e+07,-8.475992912187732031e+01
2.415000000000000213e+01,-1.536880564213863321e-01,2.431325621951019866e-01,-5.922558272044852856e+00,6.579317177125018645e+01,7.222633742136391997e+07,-8.477113186132683609e+01
2.425000000000000000e+01,1.653472374450108001e-02,2.652929419711943515e-01,-6.940674176518502492e+00,6.762983821134960749e+01,-5.186401933189068735e+07,-8.478211277167267212e+01
2.435000000000000142e+01,-2.004358845747038730e-03,3.713421320654248792e-01,-2.411594281682361007e+00,7.644469928477859355e+01,-3.871757856483206898e+07,-8.479287624542536150e+01
2.445000000000000284e+01,2.076699577778002084e-02,2.711717120077328791e-01,6.113827741137667360e-01,7.491827065242271999e+01,-2.174196255109046027e+07,-8.480342658811791523e+01
2.455000000000000071e+01,3.620759304863656325e-03,2.098419422772851706e-01,1.682330143632171371e+00,7.114131942835051348e+01,3.230151607218538411e+05,-8.481376802002809256e+01
2.465000000000000213e+01,-6.161584279083298643e-02,1.621215240623242737e-01,4.273599801241589446e+00,7.206954716824952811e+01,-5.214840831290972978e+07,-8.482390467786653687e+01
2.475000000000000000e+01,1.557105078613892357e-01,2.104216591541037684e-01,5.231803068831863968e+00,6.900827679625410838e+01,3.298434296110400558e+07,-8.483384061643154439e+01
2.485000000000000142e+01,-6.253902319227654105e-02,2.575828630710810807e-01,-2.281506121736387449e+00,6.428751858815016362e+01,1.172818408502610326e+08,-8.484357981023100592e+01
2.495000000000000284e+01,8.944090836164521330e-03,1.376250935881861703e-01,-1.158517227984323661e+01,6.548872855315877928e+01,6.879148231187653542e+07,-8.485312615507234568e+01
2.505000000000000071e+01,-6.522685706734876465e-02,4.872856658302052169e-02,-1.591821083787359115e+01,6.803036882866514645e+01,1.786928884872974455e+07,-8.486248346962072731e+01
2.515000000000000213e+01,3.276905833213269309e-02,1.629328617815852531e-01,-1.623681965138268168e+01,6.571327488434165787e+01,-1.149711257854738832e+07,-8.487165549692677757e+01
2.525000000000000000e+01,-6.716773720346382037e-02,3.110329991062735777e-01,-1.353098713505285211e+01,6.561272936492773056e+01,-4.261953774804899842e+07,-8.488064590592369996e+01
2.535000000000000142e+01,1.598971217285501956e-01,2.107567958958585230e-01,-1.346390860776974741e+01,7.095855408766604455e+01,4.127796720238640904e+07,-8.488945829289497169e+01
2.545000000000000284e+01,-1.091190582560680744e-01,7.543205887189467773e-02,-1.988879424614070501e+01,7.275556300646131547e+01,8.721974556503239274e+07,-8.489809618291288018e+01
2.555000000000000071e+01,3.738635780179032364e-02,1.310356235310327355e-01,-2.536573777914852457e+01,7.002938973024917857e+01,2.231912509512357414e+07,-8.490656303124860926e+01
2.565000000000000213e+01,-7.677721047469820981e-02,1.598631970122359192e-01,-2.581569396809829797e+01,6.442617730458002256e+01,-1.332000131612856686e+07,-8.491486222475435852e+01
2.575000000000000000e+01,5.354913816462381765e-02,6.339668441894082129e-02,-2.343290647193851939e+01,5.306752518233080451e+01,-3.433574860706770420e+07,-8.492299708321822038e+01
2.585000000000000142e+01,-1.640582476131405634e-02,1.937396608733327197e-01,-2.167961415386343660e+01,3.652189104338369674e+01,-7.300977544330600649e+05,-8.493097086069205659e+01
2.595000000000000284e+01,9.323843843047810442e-02,2.657144026736360520e-01,-2.508234436023770542e+01,2.207500608756153326e+01,6.878470188191853464e+07,-8.493878674679312724e+01
2.605000000000000071e+01,-1.324433194125520241e-01,1.551673540988404987e-01,-3.018727118182556879e+01,1.415904102819058075e+01,3.331383454983845353e+07,-8.494644786798012603e+01
2.615000000000000213e+01,-7.631146509538969287e-03,1.923136252575942673e-01,-2.718199109789154377e+01,1.243736493212922412e+01,-9.341943622851926088e+07,-8.495395728880366448e+01
2.625000000000000000e+01,1.311988623351030281e-01,1.246119671025005260e-01,-2.342998161688903025e+01,1.428780409333234580e+01,1.837924660846899450e+07,-8.496131801313218546e+01
2.635000000000000142e+01,-1.629894730966973682e-01,1.437190423833300257e-01,-2.382976833612870848e+01,2.112905342899938432e+01,-1.038351222367525101e+07,-8.496853298535359045e+01
2.645000000000000284e+01,6.577475506076151113e-02,3.253585559417476736e-01,-1.839363515422032336e+01,2.888150655000299238e+01,-9.833915141449318826e+07,-8.497560509155294994e+01
2.655000000000000071e+01,1.030175963368430980e-01,3.301961560642220350e-01,-1.619551809851427038e+01,3.453939425388471562e+01,5.437681030037268996e+07,-8.498253716066706431e+01
2.665000000000000213e+01,-1.931621499113635176e-01,2.224636711363734698e-01,-1.755525599946328086e+01,4.588429579442429684e+01,-2.718205228139179945e+07,-8.498933196561596048e+01
2.675000000000000000e+01,1.824663536309105438e-01,1.121277420953468440e-01,-1.435319625962650036e+01,5.448716849763727765e+01,-3.685914251534444839e+07,-8.499599222441227653e+01
2.685000000000000142e+01,-6.047592212570168137e-03,1.124583124154367869e-01,-1.864808226102621092e+01,5.556537623074851240e+01,1.227568625433401465e+08,-8.500252060124827835e+01
2.695000000000000284e+01,-1.109065408127556385e-01,1.191534115037641006e-01,-2.563301844475473956e+01,5.440405381429165743e+01,1.694186113122962415e+07,-8.500891970756178750e+01
2.705000000000000071e+01,3.243316411360557677e-02,1.831530135179478824e-01,-2.377724003270970243e+01,5.159116347701038308e+01,-5.405742937212976813e+07,-8.501519210308065055e+01
2.715000000000000213e+01,-8.601654590281658866e-03,2.469514737263586723e-01,-1.944958264434909623e+01,4.666379565070389646e+01,-3.249571839508222789e+07,-8.502134029684667382e+01
2.725000000000000000e+01,-3.332363437827114139e-02,1.769182571508551294e-01,-1.430340211019565189e+01,4.989812262157822431e+01,-7.042789228798682988e+07,-8.502736674821936447e+01
2.735000000000000142e+01,2.976982883477312380e-02,1.849999281867280021e-01,-7.099846464308390281e+00,5.423375842451083884e+01,-7.364322062975803018e+07,-8.503327386785963427e+01
2.745000000000000284e+01,2.582932634171493727e-02,1.483462984050474553e-01,-2.250709000340411770e+00,5.100150435995899301e+01,-2.333952864960154518e+07,-8.503906401869409137e+01
2.755000000000000071e+01,-1.226723730467241535e-01,5.744137775582518896e-02,4.464212223226016185e+00,5.290296116236603297e+01,-1.109588958217270970e+08,-8.504473951686027533e+01
2.765000000000000213e+01,9.690305036290712548e-02,2.217962303729330287e-01,1.672584979806984862e+01,5.578085969859677817e+01,-1.342738556751489639e+08,-8.505030263263310530e+01
2.775000000000000000e+01,1.428871796271323318e-02,3.139528456297689396e-01,2.512316211462795223e+01,5.852678974876518936e+01,-3.367239065601390600e+07,-8.505575559133311003e+01
2.785000000000000142e+01,4.048358168411130692e-02,2.357054619502532422e-01,2.601262172320994992e+01,6.681146080490867689e+01,1.588319848437366635e+07,-8.506110057421642523e+01
2.795000000000000284e+01,-6.279246209479923124e-02,2.733372418268776305e-01,2.543350700121666108e+01,7.246042938146264589e+01,-4.300904044507205486e+06,-8.506633971934751060e+01
2.805000000000000071e+01,1.761548032701727995e-01,2.923562496600933258e-01,2.073533216986134420e+01,7.856216454736508581e+01,9.826440067161393166e+07,-8.507147512245425958e+01
2.815000000000000213e+01,-1.052586057798061830e-01,1.704603955156742401e-01,7.701702650091235114e+00,7.972806011739726273e+01,1.624081897237880826e+08,-8.507650883776639716e+01
2.825000000000000000e+01,1.768746388334199726e-02,2.707726385901669253e-01,-4.577588728633452675e+00,7.381348034719998452e+01,8.317763785070540011e+07,-8.508144287883715151e+01
2.835000000000000142e+01,-1.845943400226746633e-01,2.747026323841805229e-01,-5.344849219156011522e+00,7.825950169222059571e+01,-6.783242804025366902e+07,-8.508627921934875360e+01
2.845000000000000284e+01,2.058525186808697893e-01,2.794844057447278263e-01,4.767199156503476587e-01,9.118234712866289726e+01,-4.859895465587392449e+07,-8.509101979390187864e+01
2.855000000000000071e+01,-2.354480293298832905e-01,2.545883759833005300e-01,6.675451778083707488e+00,9.328550163090272918e+01,-7.537568259279391170e+07,-8.509566649878956923e+01
2.865000000000000213e+01,1.504664876586165045e-01,2.267020055196024564e-01,1.805739976099424027e+01,8.957307924672791444e+01,-1.522632770654166341e+08,-8.510022119275571129e+01
2.875000000000000000e+01,-2.302023271227168419e-02,9.785040897963792617e-02,2.751833666933495337e+01,8.972077174884726958e+01,-3.695546110139752924e+07,-8.510468569773867387e+01
2.885000000000000142e+01,6.369527925126637624e-02,1.510692352161054075e-01,2.937383232737594696e+01,9.309145444882457809e+01,-1.544520594223365188e+05,-8.510906179959992812e+01
2.895000000000000284e+01,-5.402345238602171418e-02,6.916377440819400368e-02,2.895174516617132809e+01,9.845724338500473038e+01,8.596195283514536917e+06,-8.511335124883858327e+01
2.905000000000000071e+01,9.115513750125290443e-03,1.937471596507827354e-01,3.012366290257961765e+01,1.071389558254102639e+02,-3.203455001168033481e+07,-8.511755576129152701e+01
2.915000000000000213e+01,-3.259681576065018294e-02,1.481967498387070092e-01,3.438936082801602367e+01,1.194107586871972302e+02,-5.327940849704776704e+07,-8.512167701881980975e+01
2.925000000000000000e+01,3.915160263647315259e-02,1.083188976308382956e-01,3.942077740594874058e+01,1.332321903579388902e+02,-4.734892306160705537e+07,-8.512571666998140074e+01
2.935000000000000142e+01,1.485794230776595892e-01,2.256564247817206270e-01,3.566312727808696081e+01,1.434981791319154638e+02,1.225019256188436151e+08,-8.512967633069058593e+01
2.945000000000000284e+01,-4.169445500012433636e-02,2.169923862879204468e-01,1.857769172157974680e+01,1.379436042647218983e+02,2.192067855112994909e+08,-8.513355758486449076e+01
2.955000000000000071e+01,-1.539970083342937779e-01,1.807268188817003074e-01,5.509668452236827108e+00,1.259207263029601336e+02,4.215367987555926293e+07,-8.513736198505651487e+01
2.965000000000000213e+01,8.366995910191400709e-02,2.231999205846506018e-01,4.475742890585721057e+00,1.183757071040093933e+02,-2.147516864253781736e+07,-8.514109105307747427e+01
2.975000000000000000e+01,-1.374824495388725885e-02,2.388480910814814451e-01,3.460153804702437164e+00,1.091084148002465781e+02,4.178695036020383984e+07,-8.514474628060428074e+01
2.985000000000000142e+01,1.403992804664850602e-01,1.514557644980857321e-01,-6.447958035557199707e+00,1.095378624932128986e+02,1.563752864449898005e+08,-8.514832912977669821e+01
2.995000000000000284e+01,-1.174396737717888078e-01,1.748875116031971544e-01,-2.312412924529782998e+01,1.157007201652235864e+02,1.771481377498230934e+08,-8.515184103378214786e+01
3.005000000000000071e+01,6.372047312258110469e-03,1.739489438065785487e-01,-3.581448567677180961e+01,1.165470554596279698e+02,7.665899087965618074e+07,-8.515528339742907349e+01
3.015000000000000213e+01,3.289988848347162598e-02,1.735588144751345208e-01,-4.525696154496183965e+01,1.220811362591467883e+02,1.121905264841447473e+08,-8.515865759770883869e+01
3.025000000000000000e+01,-1.767893601365277123e-01,2.535546351376488650e-01,-4.996676811018790687e+01,1.288026995795469531e+02,-1.799439517962345481e+07,-8.516196498434652540e+01
3.035000000000000142e+01,1.469492323455205696e-01,5.118008808497952200e-02,-4.681742624903123584e+01,1.261175267964081144e+02,-4.499244204351009429e+07,-8.516520688034090369e+01
3.045000000000000284e+01,-7.848783307945511600e-02,1.572113099012527881e-01,-4.541522653238772023e+01,1.240547880586763796e+02,1.694844771063888073e+07,-8.516838458249360144e+01
3.055000000000000071e+01,7.724517020736566819e-02,1.377832849247526414e-01,-4.705385594356498302e+01,1.262990025176860485e+02,1.582414051290652156e+07,-8.517149936192781468e+01
3.065000000000000213e+01,-1.765889964922132127e-02,1.694581623985338681e-01,-5.133182300360955708e+01,1.277109963023521857e+02,6.973520068798474967e+07,-8.517455246459688567e+01
3.075000000000000000e+01,-5.643455913193016343e-02,1.838332466239841478e-01,-5.495351648759727681e+01,1.243961981106291148e+02,2.698668991768911481e+06,-8.517754511178259236e+01
3.085000000000000142e+01,1.517568814614798749e-02,1.200111090816080167e-01,-5.335692198917768536e+01,1.174703450359981929e+02,-3.463055896016019583e+07,-8.518047850058367487e+01
3.095000000000000284e+01,9.020198492834967385e-02,1.169356489185492121e-01,-5.466092234707286934e+01,1.159692464679168467e+02,6.071056611806425452e+07,-8.518335380439479820e+01
3.105000000000000071e+01,-2.830369574316793455e-03,2.494870020615242157e-01,-6.468448040663204779e+01,1.143782432993253195e+02,1.397605950731192827e+08,-8.518617217337583725e+01
3.115000000000000213e+01,-1.384337591922141508e-01,2.444698491299299725e-01,-7.227005862087409582e+01,1.064351974854254621e+02,1.195096921172156930e+07,-8.518893473491189638e+01
3.125000000000000000e+01,1.609375745743488462e-01,7.459494441979486190e-02,-7.448317910172785616e+01,1.047812568502709354e+02,3.231144040535449982e+07,-8.519164259406450412e+01
3.135000000000000142e+01,-1.581540766551210730e-01,1.670832021376665033e-01,-7.784024252135441202e+01,1.084315633874925169e+02,3.482982798717612028e+07,-8.519429683401338593e+01
3.145000000000000284e+01,1.715028487006076963e-01,1.593913189803620456e-01,-8.192709467308468163e+01,1.108114134768816257e+02,4.690721504742854834e+07,-8.519689851648990953e+01
3.155000000000000071e+01,-8.483782649005190690e-02,1.212322972763735518e-01,-9.053835289182494250e+01,1.145332627572356046e+02,1.253179493273768723e+08,-8.519944868220176204e+01
3.165000000000000213e+01,5.774987817727905010e-02,1.112200110273406234e-01,-1.018447480824489730e+02,1.157786857170741257e+02,1.008099544851035029e+08,-8.520194835124924282e+01
3.175000000000000000e+01,-1.297276257065514693e-01,2.611810163717065980e-01,-1.086696271118836563e+02,1.128153913956847276e+02,3.568762610358986259e+07,-8.520439852353328547e+01
3.185000000000000142e+01,3.135410148601340541e-02,1.884842675268228462e-01,-1.077881858965871231e+02,1.063493017840879986e+02,-5.331645040951997042e+07,-8.520680017915546500e+01
3.195000000000000284e+01,1.214968627988568944e-01,9.181602235322185168e-02,-1.093711853334594650e+02,1.026041402240938964e+02,8.497643914696647227e+07,-8.520915427881007531e+01
3.204999999999999716e+01,-8.421991370144200906e-02,9.592079319858989872e-02,-1.195551571783233271e+02,1.021894089201334737e+02,1.187029977503120750e+08,-8.521146176416837648e+01
3.215000000000000568e+01,6.208172950037983695e-02,1.448837181434488308e-01,-1.304239737513930208e+02,1.005699439588816091e+02,9.867333371107980609e+07,-8.521372355825522504e+01
3.225000000000000000e+01,-1.651869570440013812e-01,1.217286079805248999e-01,-1.356270513514963341e+02,9.834648267774515773e+01,5.388218290987998247e+06,-8.521594056581847099e+01
3.235000000000000142e+01,1.520470281695789905e-01,1.531117874441814963e-01,-1.355714514374573127e+02,9.949535318808305817e+01,-6.500216571770995855e+06,-8.521811367369065238e+01
3.245000000000000284e+01,-1.448293864910572826e-01,1.552998605732525961e-01,-1.352479401586006418e+02,1.019853872664335483e+02,2.999099463881552219e+04,-8.522024375114392569e+01
3.254999999999999716e+01,4.457779572395475370e-02,1.182041005836293734e-01,-1.307157757951836743e+02,1.007349115838457010e+02,-9.067327826297816634e+07,-8.522233165023766333e+01
3.265000000000000568e+01,2.673770177315314567e-03,3.091080526153736630e-01,-1.237860058230766356e+02,1.065492866629746089e+02,-4.792212117916122079e+07,-8.522437820615935777e+01
3.275000000000000000e+01,-3.744483926550007391e-02,2.809378219336628457e-01,-1.174208263249183517e+02,1.256996249159253694e+02,-7.938146878400498629e+07,-8.522638423755864778e+01
3.285000000000000142e+01,9.450112975955918260e-02,1.619036267710957100e-01,-1.120637816713923058e+02,1.394380734202640610e+02,-2.775942428651566803e+07,-8.522835054687483591e+01
3.295000000000000284e+01,4.101071586667883948e-03,1.460559719488858099e-01,-1.137483879231490107e+02,1.439818358359177637e+02,6.145154932164988667e+07,-8.523027792065788333e+01
3.304999999999999716e+01,-1.174011846899583461e-01,2.162547356146559685e-01,-1.147680926818597271e+02,1.480688740878228771e+02,-4.105745414743520319e+07,-8.523216712988298127e+01
3.315000000000000568e+01,9.787155358291699248e-02,1.624582245688043491e-01,-1.097788693216544260e+02,1.474521064452320900e+02,-5.872701305667088926e+07,-8.523401893025901188e+01
3.325000000000000000e+01,1.116118614746369059e-01,1.049563612072005880e-01,-1.133827411334712423e+02,1.443839981130762737e+02,1.308044492930073440e+08,-8.523583406253084149e+01
3.335000000000000142e+01,-1.478281348538711959e-01,1.923529788179780264e-01,-1.248248407902987651e+02,1.493912220932378716e+02,9.803754384354189038e+07,-8.523761325277557432e+01
3.345000000000000284e+01,7.477835179958937373e-02,2.050835166723399550e-01,-1.313239822049815473e+02,1.608475623401872951e+02,3.194528445011492074e+07,-8.523935721269300814e+01
3.354999999999999716e+01,4.322457432311491154e-02,1.774367126130364514e-01,-1.398567058344262080e+02,1.690312179124085787e+02,1.387091881387793124e+08,-8.524106663989036292e+01
3.365000000000000568e+01,-1.056820108310279199e-01,1.297468263386049592e-01,-1.509021863498343237e+02,1.725020712867017778e+02,8.220042216938440502e+07,-8.524274221816133945e+01
3.375000000000000000e+01,3.098979661174258368e-02,1.678691241587742522e-01,-1.557433155909586731e+02,1.742554175105291563e+02,1.462216265310152993e+07,-8.524438461775959297e+01
3.385000000000000142e+01,3.931596475351726433e-02,1.294481972510449774e-01,-1.603860112654631394e+02,1.784838752732178477e+02,7.823175083698821068e+07,-8.524599449566680676e+01
3.395000000000000284e+01,-1.104587003082759811e-01,1.581431602774141520e-01,-1.649908440518623820e+02,1.777419788236290970e+02,1.386490489099624753e+07,-8.524757249585564978e+01
3.404999999999999716e+01,1.157844505574050220e-01,2.353203949258916294e-01,-1.666182598744900929e+02,1.697742506789098513e+02,1.868341156155660748e+07,-8.524911924954724896e+01
3.415000000000000568e+01,-4.930811079428951138e-02,1.049163249935974734e-01,-1.714938457529774496e+02,1.730349639474116543e+02,7.882830600819224119e+07,-8.525063537546367343e+01
3.425000000000000000e+01,6.500176923775256854e-02,3.181927082583876354e-01,-1.800866232566549172e+02,1.777824893262130104e+02,9.302724406535881758e+07,-8.525212148007551605e+01
3.435000000000000142e+01,-2.564855734681781296e-01,2.568168587522385860e-01,-1.807270377084622055e+02,1.713217558011380390e+02,-8.021895502921423316e+07,-8.525357815784445847e+01
3.445000000000000284e+01,-5.588401413989609878e-01,1.130620138854242507e-01,-1.358215839086680603e+02,1.720365437180322488e+02,-8.178901209666695595e+08,-8.525500599146099034e+01
3.454999999999999716e+01,-2.079255421295095885e-01,1.220704268968952760e-01,-1.934576349384026273e+01,1.769063533675948747e+02,-1.511626287329884529e+09,-8.525640555207762361e+01
3.465000000000000568e+01,1.505844265370808455e-01,1.711676122705592107e-01,1.344108523306821610e+02,1.771593139495150808e+02,-1.563506029160563946e+09,-8.525777739953727519e+01
3.475000000000000000e+01,4.005918582155630348e-01,1.041860796451768434e-01,2.658274414411754947e+02,1.808030791404412696e+02,-1.064825753049301147e+09,-8.525912208259718739e+01
3.485000000000000142e+01,2.508359567213265806e-01,6.481707605757328072e-02,3.428408422182980075e+02,1.872434090779515543e+02,-4.754422624931492805e+08,-8.526044013914852826e+01
3.495000000000000284e+01,1.012871864878022721e-01,2.760301156940800013e-02,3.744557849390683373e+02,1.905728302283123980e+02,-1.568565919222570062e+08,-8.526173209643150130e+01
3.504999999999999716e+01,3.065542658526536693e-02,1.608742692591533241e-02,3.841726478914805512e+02,1.911583611297215555e+02,-3.748066712598738819e+07,-8.526299847124624876e+01
3.515000000000000568e+01,4.349756474936312262e-03,2.249645386468977250e-03,3.863371564180063160e+02,1.911298589867554369e+02,-5.809503404528055340e+06,-8.526423977015956268e+01
3.525000000000000000e+01,1.242787564267517448e-03,1.135876875163896287e-03,3.866651122553587356e+02,1.911401237714898400e+02,-7.496133425197489560e+05,-8.526545648970758862e+01
3.535000000000000142e+01,-2.071312607112528990e-04,4.613161580047846298e-04,3.866932227557032320e+02,1.911098371730751069e+02,1.874033356299373263e+05,-8.526664911659433699e+01
3.545000000000000284e+01,0.000000000000000000e+00,0.000000000000000000e+00,3.866838525889216953e+02,1.911061569440643382e+02,1.164153218269348145e-10,-8.526781812788645709e+01
3.554999999999999716e+01,0.000000000000000000e+00,0.000000000000000000e+00,3.866838525889216953e+02,1.911061569440643382e+02,1.164153218269348145e-10,-8.526896399120410308e+01
3.565000000000000568e+01,0.000000000000000000e+00,0.000000000000000000e+00,3.866838525889216953e+02,1.911061569440643382e+02,1.164153218269348145e-10,-8.527008716490784934e+01
3.575000000000000000e+01,-4.142625214225057980e-04,9.272454775896168781e-04,3.867025929224847118e+02,1.910953241733575396e+02,-3.748066712598743034e+05,-8.527118809828213841e+01
3.585000000000000142e+01,4.142625214225057980e-04,9.272454775896168781e-04,3.867400735896106880e+02,1.910736844151719538e+02,-3.748066712598743034e+05,-8.527226723171501988e+01
3.595000000000000284e+01,0.000000000000000000e+00,0.000000000000000000e+00,3.867588139231737046e+02,1.910628774306133550e+02,1.164153218269348145e-10,-8.527332499687426548e+01
3.604999999999999716e+01,0.000000000000000000e+00,0.000000000000000000e+00,3.867588139231737046e+02,1.910628774306133550e+02,1.164153218269348145e-10,-8.527436181688001682e+01
3.615000000000000568e+01,2.071312607112528990e-04,4.636227387948084391e-04,3.867494437563922247e+02,1.910682798481960845e+02,1.874033356299373263e+05,-8.527537810647410765e+01
3.625000000000000000e+01,-2.071312607112528990e-04,4.636227387948084391e-04,3.867307034228291514e+02,1.910790911313584388e+02,1.874033356299373263e+05,-8.527637427218593302e+01
3.635000000000000142e+01,0.000000000000000000e+00,0.000000000000000000e+00,3.867213332560476715e+02,1.910844999965732143e+02,1.164153218269348145e-10,-8.527735071249506404e+01
3.645000000000000284e+01,0.000000000000000000e+00,0.000000000000000000e+00,3.867213332560476715e+02,1.910844999965732143e+02,1.164153218269348145e-10,-8.527830781799063686e+01
3.654999999999999716e+01,0.000000000000000000e+00,0.000000000000000000e+00,3.867213332560476715e+02,1.910844999965732143e+02,1.164153218269348145e-10,-8.527924597152760100e+01
3.665000000000000568e+01,0.000000000000000000e+00,0.000000000000000000e+00,3.867213332560476715e+02,1.910844999965732143e+02,1.164153218269348145e-10,-8.528016554837989815e+01
3.675000000000000000e+01,0.000000000000000000e+00,0.000000000000000000e+00,3.867213332560476715e+02,1.910844999965732143e+02,1.164153218269348145e-10,-8.528106691639052883e+01
3.685000000000000142e+01,0.000000000000000000e+00,0.000000000000000000e+00,3.867213332560476715e+02,1.910844999965732143e+02,1.164153218269348145e-10,-8.528195043611870574e+01
3.695000000000000284e+01,0.000000000000000000e+00,0.000000000000000000e+00,3.867213332560476715e+02,1.910844999965732143e+02,1.164153218269348145e-10,-8.528281646098410818e+01
3.704999999999999716e+01,0.000000000000000000e+00,0.000000000000000000e+00,3.867213332560476715e+02,1.910844999965732143e+02,1.164153218269348145e-10,-8.528366533740822319e+01
3.715000000000000568e+01,2.071312607112528990e-04,4.636227387948084391e-04,3.867119630892661917e+02,1.910899110106337844e+02,1.874033356299373263e+05,-8.528449740495294407e+01
3.725000000000000000e+01,-2.071312607112528990e-04,4.636227387948084391e-04,3.866932227557032320e+02,1.911007394845619558e+02,1.874033356299373263e+05,-8.528531299645638342e+01
3.735000000000000142e+01,2.071312607112528990e-04,4.636227387948084391e-04,3.866744824221402155e+02,1.911115765516820488e+02,1.874033356299373263e+05,-8.528611243816600052e+01
3.745000000000000284e+01,2.071312607112528990e-04,4.636227387948084391e-04,3.866370017550141824e+02,1.911332764596501477e+02,5.622100068898117170e+05,-8.528689604986917061e+01
3.754999999999999716e+01,-4.142625214225057980e-04,9.272454775896168781e-04,3.865901509211067264e+02,1.911604496552597539e+02,3.748066712598745362e+05,-8.528766414502099735e+01
3.765000000000000568e+01,0.000000000000000000e+00,0.000000000000000000e+00,3.865714105875437667e+02,1.911713339587843450e+02,1.164153218269348145e-10,-8.528841703086979464e+01
3.775000000000000000e+01,0.000000000000000000e+00,0.000000000000000000e+00,3.865714105875437667e+02,1.911713339587843450e+02,1.164153218269348145e-10,-8.528915500857993948e+01
3.785000000000000142e+01,4.142625214225057980e-04,9.272454775896168781e-04,3.865526702539807502e+02,1.911822268459846441e+02,3.748066712598745362e+05,-8.528987837335235156e+01
3.795000000000000284e+01,-6.213937821337587241e-04,1.390868216384425751e-03,3.865245597536362538e+02,1.911985822679675664e+02,1.874033356299372681e+05,-8.529058741454258552e+01
3.804999999999999716e+01,2.071312607112528990e-04,4.636227387948084391e-04,3.865245597536362538e+02,1.911985822679675664e+02,-1.874033356299372099e+05,-8.529128241577656411e+01
3.815000000000000568e+01,0.000000000000000000e+00,0.000000000000000000e+00,3.865339299204177337e+02,1.911931283153936079e+02,0.000000000000000000e+00,-8.529196365506405186e+01
3.825000000000000000e+01,2.071312607112528990e-04,4.613161580047846298e-04,3.865245597536362538e+02,1.911894428103728103e+02,1.874033356299372099e+05,-8.529263140490988349e+01
3.835000000000000853e+01,-2.071312607112528990e-04,4.613161580047846298e-04,3.865058194200732942e+02,1.911820784211863611e+02,1.874033356299372099e+05,-8.529328593242284740e+01
3.845000000000000284e+01,-2.071312607112528990e-04,4.636227387948084391e-04,3.865058194200732942e+02,1.911729495993546095e+02,-1.874033356299372099e+05,-8.529392749942269347e+01
3.854999999999999716e+01,2.071312607112528990e-04,4.636227387948084391e-04,3.865245597536362538e+02,1.911620561606175102e+02,-1.874033356299372099e+05,-8.529455636254478179e+01
3.865000000000000568e+01,0.000000000000000000e+00,0.000000000000000000e+00,3.865339299204177337e+02,1.911566126601683777e+02,0.000000000000000000e+00,-8.529517277334275605e+01
3.875000000000000000e+01,0.000000000000000000e+00,0.000000000000000000e+00,3.865339299204177337e+02,1.911566126601683777e+02,0.000000000000000000e+00,-8.529577697838912798e+01
3.885000000000000853e+01,0.000000000000000000e+00,0.000000000000000000e+00,3.865339299204177337e+02,1.911566126601683777e+02,0.000000000000000000e+00,-8.529636921937398597e+01
3.895000000000000284e+01,0.000000000000000000e+00,0.000000000000000000e+00,3.865339299204177337e+02,1.911566126601683777e+02,0.000000000000000000e+00,-8.529694973320162887e+01
3.904999999999999716e+01,0.000000000000000000e+00,0.000000000000000000e+00,3.865339299204177337e+02,1.911566126601683777e+02,0.000000000000000000e+00,-8.529751875208532397e+01
3.915000000000000568e+01,0.000000000000000000e+00,0.000000000000000000e+00,3.865339299204177337e+02,1.911566126601683777e+02,0.000000000000000000e+00,-8.529807650364021754e+01
3.925000000000000000e+01,0.000000000000000000e+00,0.000000000000000000e+00,3.865339299204177337e+02,1.911566126601683777e+02,0.000000000000000000e+00,-8.529862321097434119e+01
3.935000000000000853e+01,0.000000000000000000e+00,0.000000000000000000e+00,3.865339299204177337e+02,1.911566126601683777e+02,0.000000000000000000e+00,-8.529915909277794128e+01
3.945000000000000284e+01,2.071312607112528990e-04,4.613161580047846298e-04,3.865245597536362538e+02,1.911529378542337554e+02,1.874033356299372099e+05,-8.529968436341087568e+01
3.954999999999999716e+01,-2.071312607112528990e-04,4.613161580047846298e-04,3.865058194200732942e+02,1.911455948657193176e+02,1.874033356299372099e+05,-8.530019923298841888e+01
3.965000000000000568e+01,0.000000000000000000e+00,0.000000000000000000e+00,3.864964492532917575e+02,1.911419266833939332e+02,0.000000000000000000e+00,-8.530070390746523401e+01
3.975000000000000000e+01,0.000000000000000000e+00,0.000000000000000000e+00,3.864964492532917575e+02,1.911419266833939332e+02,0.000000000000000000e+00,-8.530119858871788097e+01
3.985000000000000853e+01,0.000000000000000000e+00,0.000000000000000000e+00,3.864964492532917575e+02,1.911419266833939332e+02,0.000000000000000000e+00,-8.530168347462540623e+01
3.995000000000000284e+01,0.000000000000000000e+00,0.000000000000000000e+00,3.864964492532917575e+02,1.911419266833939332e+02,0.000000000000000000e+00,-8.530215875914869628e+01
4.004999999999999716e+01,0.000000000000000000e+00,0.000000000000000000e+00,3.864964492532917575e+02,1.911419266833939332e+02,0.000000000000000000e+00,-8.530262463240785564e+01
4.015000000000000568e+01,0.000000000000000000e+00,0.000000000000000000e+00,3.864964492532917575e+02,1.911419266833939332e+02,0.000000000000000000e+00,-8.530308128075840557e+01
4.025000000000000000e+01,0.000000000000000000e+00,0.000000000000000000e+00,3.864964492532917575e+02,1.911419266833939332e+02,0.000000000000000000e+00,-8.530352888686579149e+01
4.035000000000000853e+01,2.071312607112528990e-04,4.613161580047846298e-04,3.864870790865102776e+02,1.911382607091925649e+02,1.874033356299372099e+05,-8.530396762977841263e+01
4.045000000000000284e+01,-4.142625214225057980e-04,9.226323160095692595e-04,3.864777089197287410e+02,1.911345969432424283e+02,0.000000000000000000e+00,-8.530439768499930153e+01
4.054999999999999716e+01,2.071312607112528990e-04,4.613161580047846298e-04,3.864870790865102776e+02,1.911382607091925649e+02,-1.874033356299372099e+05,-8.530481922455624044e+01
4.065000000000000568e+01,-2.071312607112528990e-04,4.613161580047846298e-04,3.865058194200732942e+02,1.911455948657193176e+02,-1.874033356299372099e+05,-8.530523241707072657e+01
4.075000000000000000e+01,2.071312607112528990e-04,4.613161580047846298e-04,3.865245597536362538e+02,1.911529378542337554e+02,-1.874033356299372099e+05,-8.530563742782521786e+01
4.085000000000000853e+01,-2.071312607112528990e-04,4.636227387948084391e-04,3.865433000871992135e+02,1.911511713059099407e+02,-1.874033356299372099e+05,-8.530603441882945503e+01
4.095000000000000284e+01,2.071312607112528990e-04,4.636227387948084391e-04,3.865620404207622300e+02,1.911402950366983760e+02,-1.874033356299372099e+05,-8.530642354888512102e+01
4.104999999999999716e+01,0.000000000000000000e+00,0.000000000000000000e+00,3.865714105875437667e+02,1.911348601221116894e+02,0.000000000000000000e+00,-8.530680497364943449e+01
4.115000000000000568e+01,0.000000000000000000e+00,0.000000000000000000e+00,3.865714105875437667e+02,1.911348601221116894e+02,0.000000000000000000e+00,-8.530717884569737919e+01
4.125000000000000000e+01,0.000000000000000000e+00,0.000000000000000000e+00,3.865714105875437667e+02,1.911348601221116894e+02,0.000000000000000000e+00,-8.530754531458276801e+01
4.135000000000000853e+01,0.000000000000000000e+00,0.000000000000000000e+00,3.865714105875437667e+02,1.911348601221116894e+02,0.000000000000000000e+00,-8.530790452689802805e+01
4.145000000000000284e+01,0.000000000000000000e+00,0.000000000000000000e+00,3.865714105875437667e+02,1.911348601221116894e+02,0.000000000000000000e+00,-8.530825662633287720e+01
4.154999999999999716e+01,0.000000000000000000e+00,0.000000000000000000e+00,3.865714105875437667e+02,1.911348601221116894e+02,0.000000000000000000e+00,-8.530860175373177867e+01
4.165000000000000568e+01,0.000000000000000000e+00,0.000000000000000000e+00,3.865714105875437667e+02,1.911348601221116894e+02,0.000000000000000000e+00,-8.530894004715032963e+01
4.175000000000000000e+01,0.000000000000000000e+00,0.000000000000000000e+00,3.865714105875437667e+02,1.911348601221116894e+02,0.000000000000000000e+00,-8.530927164191037093e+01
4.185000000000000853e+01,0.000000000000000000e+00,0.000000000000000000e+00,3.865714105875437667e+02,1.911348601221116894e+02,0.000000000000000000e+00,-8.530959667065422991e+01
