branch,target_nm,radius_nm,environment_charge_e,effective_enclosed_charge_e,water_charge_e,ion_charge_e,ligand_charge_e
probe_0p5nm,0.500000,0.010000,0.000000000,1.000000000,0.000000000,0.000000000,0.000000000
probe_0p5nm,0.500000,0.030000,0.000000000,1.000000000,0.000000000,0.000000000,0.000000000
probe_0p5nm,0.500000,0.050000,0.000000000,1.000000000,0.000000000,0.000000000,0.000000000
probe_0p5nm,0.500000,0.070000,0.000000000,1.000000000,0.000000000,0.000000000,0.000000000
probe_0p5nm,0.500000,0.090000,0.000000000,1.000000000,0.000000000,0.000000000,0.000000000
probe_0p5nm,0.500000,0.110000,0.000000000,1.000000000,0.000000000,0.000000000,0.000000000
probe_0p5nm,0.500000,0.130000,0.000000000,1.000000000,0.000000000,0.000000000,0.000000000
probe_0p5nm,0.500000,0.150000,0.000000000,1.000000000,0.000000000,0.000000000,0.000000000
probe_0p5nm,0.500000,0.170000,0.000000000,1.000000000,0.000000000,0.000000000,0.000000000
probe_0p5nm,0.500000,0.190000,0.000000000,1.000000000,0.000000000,0.000000000,0.000000000
probe_0p5nm,0.500000,0.210000,0.000000000,1.000000000,0.000000000,0.000000000,0.000000000
probe_0p5nm,0.500000,0.230000,-0.685866178,0.314133822,-0.685866178,0.000000000,0.000000000
probe_0p5nm,0.500000,0.250000,-4.686752218,-3.686752218,-4.686752218,0.000000000,0.000000000
probe_0p5nm,0.500000,0.270000,-5.083478733,-4.083478733,-5.083478733,0.000000000,0.000000000
probe_0p5nm,0.500000,0.290000,-2.602256970,-1.602256970,-2.602256970,0.000000000,0.000000000
probe_0p5nm,0.500000,0.310000,-0.625348574,0.374651426,-0.625348574,0.000000000,0.000000000
probe_0p5nm,0.500000,0.330000,0.289139663,1.289139663,0.289139663,0.000000000,0.000000000
probe_0p5nm,0.500000,0.350000,0.672417822,1.672417822,0.672417822,0.000000000,0.000000000
probe_0p5nm,0.500000,0.370000,0.914117683,1.914117683,0.894315703,0.019801980,0.000000000
probe_0p5nm,0.500000,0.390000,0.648327366,1.648327366,0.618624396,0.029702970,0.000000000
probe_0p5nm,0.500000,0.410000,-0.044633545,0.955366455,-0.094138495,0.049504950,0.000000000
probe_0p5nm,0.500000,0.430000,-0.945673426,0.054326574,-0.995178376,0.049504950,0.000000000
probe_0p5nm,0.500000,0.450000,-1.735949644,-0.735949644,-1.795355584,0.059405941,0.000000000
probe_0p5nm,0.500000,0.470000,-2.374746574,-1.374746574,-2.434152515,0.059405941,0.000000000
probe_0p5nm,0.500000,0.490000,-2.653985248,-1.653985248,-2.723292178,0.069306931,0.000000000
probe_0p5nm,0.500000,0.510000,-2.136223525,-1.136223525,-2.205530455,0.069306931,0.000000000
probe_0p5nm,0.500000,0.530000,-1.215011109,-0.215011109,-1.284318040,0.069306931,0.000000000
probe_0p5nm,0.500000,0.550000,-0.711068297,0.288931703,-0.800177208,0.089108911,0.000000000
probe_0p5nm,0.500000,0.570000,-0.445648535,0.554351465,-0.544658436,0.099009901,0.000000000
probe_0p5nm,0.500000,0.590000,-0.402497208,0.597502792,-0.531210079,0.128712871,0.000000000
probe_0p5nm,0.500000,0.610000,-0.321807069,0.678192931,-0.450519941,0.128712871,0.000000000
probe_0p5nm,0.500000,0.630000,-0.597498376,0.402501624,-0.726211248,0.128712871,0.000000000
probe_0p5nm,0.500000,0.650000,-1.266739386,-0.266739386,-1.405353248,0.138613861,0.000000000
probe_0p5nm,0.500000,0.670000,-1.771052752,-0.771052752,-1.909666614,0.138613861,0.000000000
probe_0p5nm,0.500000,0.690000,-1.156346277,-0.156346277,-1.324663109,0.168316832,0.000000000
probe_0p5nm,0.500000,0.710000,-0.631860376,0.368139624,-0.800177208,0.168316832,0.000000000
probe_0p5nm,0.500000,0.730000,-1.052306792,-0.052306792,-1.230524614,0.178217822,0.000000000
probe_0p5nm,0.500000,0.750000,-0.763167129,0.236832871,-0.941384950,0.178217822,0.000000000
probe_0p5nm,0.500000,0.770000,-1.080315168,-0.080315168,-1.317938931,0.237623762,0.000000000
probe_0p5nm,0.500000,0.790000,-1.191449386,-0.191449386,-1.438974139,0.247524752,0.000000000
probe_0p5nm,0.500000,0.810000,-1.339381307,-0.339381307,-1.586906059,0.247524752,0.000000000
probe_0p5nm,0.500000,0.830000,-1.023715485,-0.023715485,-1.291042218,0.267326733,0.000000000
probe_0p5nm,0.500000,0.850000,-0.458884515,0.541115485,-0.726211248,0.267326733,0.000000000
probe_0p5nm,0.500000,0.870000,-0.754748356,0.245251644,-1.022075089,0.267326733,0.000000000
probe_0p5nm,0.500000,0.890000,-1.316773069,-0.316773069,-1.613802772,0.297029703,0.000000000
probe_0p5nm,0.500000,0.910000,-1.468252356,-0.468252356,-1.775183050,0.306930693,0.000000000
probe_0p5nm,0.500000,0.930000,-1.397833762,-0.397833762,-1.714665446,0.316831683,0.000000000
probe_0p5nm,0.500000,0.950000,-0.984482079,0.015517921,-1.311214752,0.326732673,0.000000000
probe_0p5nm,0.500000,0.970000,-0.628100634,0.371899366,-0.954833307,0.326732673,0.000000000
probe_0p5nm,0.500000,0.990000,-1.183030614,-0.183030614,-1.519664277,0.336633663,0.000000000
probe_0p5nm,0.500000,1.010000,-1.206750515,-0.206750515,-1.553285168,0.346534653,0.000000000
probe_0p5nm,0.500000,1.030000,-1.126060376,-0.126060376,-1.472595030,0.346534653,0.000000000
probe_0p5nm,0.500000,1.050000,-0.884360515,0.115639485,-1.250697149,0.366336634,0.000000000
probe_0p5nm,0.500000,1.070000,-0.816748178,0.183251822,-1.163282832,0.346534653,0.000000000
probe_0p5nm,0.500000,1.090000,-0.680616382,0.319383618,-1.028799267,0.346534653,0.001648232
probe_0p5nm,0.500000,1.110000,-0.490691160,0.509308840,-0.840522277,0.346534653,0.003296464
probe_0p5nm,0.500000,1.130000,-1.205184444,-0.205184444,-1.566733525,0.356435644,0.005113437
probe_0p5nm,0.500000,1.150000,-1.429722786,-0.429722786,-1.781907228,0.346534653,0.005649788
probe_0p5nm,0.500000,1.170000,-1.004386803,-0.004386803,-1.378456535,0.366336634,0.007733098
probe_0p5nm,0.500000,1.190000,-1.097569412,-0.097569412,-1.486043386,0.376237624,0.012236351
probe_0p5nm,0.500000,1.210000,-1.119851830,-0.119851830,-1.519664277,0.386138614,0.013673833
probe_0p5nm,0.500000,1.230000,-0.786850116,0.213149884,-1.196903723,0.386138614,0.023914993
probe_0p5nm,0.500000,1.250000,-1.037929743,-0.037929743,-1.425525782,0.376237624,0.011358416
probe_0p5nm,0.500000,1.270000,-0.883918639,0.116081361,-1.257421327,0.366336634,0.007166054
probe_0p5nm,0.500000,1.290000,-0.825253669,0.174746331,-1.183455366,0.356435644,0.001766054
probe_0p5nm,0.500000,1.310000,-0.918279052,0.081720948,-1.243972970,0.326732673,-0.001038755
probe_0p5nm,0.500000,1.330000,-1.109120000,-0.109120000,-1.412077426,0.306930693,-0.003973267
probe_0p5nm,0.500000,1.350000,-1.494202119,-0.494202119,-1.795355584,0.297029703,0.004123762
probe_0p5nm,0.500000,1.370000,-1.077742232,-0.077742232,-1.391904891,0.297029703,0.017132956
probe_0p5nm,0.500000,1.390000,-0.987066953,0.012933047,-1.304490574,0.287128713,0.030294908
probe_0p5nm,0.500000,1.410000,-1.211397092,-0.211397092,-1.519664277,0.277227723,0.031039462
probe_0p5nm,0.500000,1.430000,-1.083598809,-0.083598809,-1.391904891,0.277227723,0.031078359
probe_0p5nm,0.500000,1.450000,-1.149934801,-0.149934801,-1.452422495,0.267326733,0.035160962
probe_0p5nm,0.500000,1.470000,-0.444167932,0.555832068,-0.753107960,0.277227723,0.031712305
probe_0p5nm,0.500000,1.490000,-1.256468278,-0.256468278,-1.600354416,0.306930693,0.036955445
probe_0p5nm,0.500000,1.510000,-1.744094142,-0.744094142,-2.064322713,0.297029703,0.023198868
probe_0p5nm,0.500000,1.530000,-1.558716244,-0.558716244,-1.923114970,0.326732673,0.037666053
probe_0p5nm,0.500000,1.550000,-0.993914419,0.006085581,-1.351559822,0.316831683,0.040813720
probe_0p5nm,0.500000,1.570000,-1.168387350,-0.168387350,-1.506215921,0.306930693,0.030897878
probe_0p5nm,0.500000,1.590000,-0.272005984,0.727994016,-0.638796931,0.336633663,0.030157284
probe_0p5nm,0.500000,1.610000,-0.730983842,0.269016158,-1.035523446,0.277227723,0.027311881
probe_0p5nm,0.500000,1.630000,-1.117846159,-0.117846159,-1.418801604,0.247524752,0.053430692
probe_0p5nm,0.500000,1.650000,-1.235376026,-0.235376026,-1.512940099,0.217821782,0.059742291
probe_0p5nm,0.500000,1.670000,-1.452198951,-0.452198951,-1.728113802,0.227722772,0.048192078
probe_0p5nm,0.500000,1.690000,-1.774514236,-0.774514236,-2.057598535,0.237623762,0.045460537
probe_0p5nm,0.500000,1.710000,-1.633876134,-0.633876134,-1.876045723,0.168316832,0.073852757
probe_0p5nm,0.500000,1.730000,-0.396820595,0.603179405,-0.605176040,0.148514851,0.059840593
probe_0p5nm,0.500000,1.750000,-0.608768971,0.391231029,-0.827073921,0.168316832,0.049988118
probe_0p5nm,0.500000,1.770000,-1.066898230,-0.066898230,-1.291042218,0.158415842,0.065728146
probe_0p5nm,0.500000,1.790000,-0.473662827,0.526337173,-0.652245287,0.138613861,0.039968599
probe_0p5nm,0.500000,1.810000,-1.591589608,-0.591589608,-1.734837980,0.128712871,0.014535501
probe_0p5nm,0.500000,1.830000,-0.942855178,0.057144822,-1.109489406,0.128712871,0.037921356
probe_0p5nm,0.500000,1.850000,-0.911531158,0.088468842,-1.089316871,0.108910891,0.068874822
probe_0p5nm,0.500000,1.870000,-1.512700202,-0.512700202,-1.633975307,0.069306931,0.051968174
probe_0p5nm,0.500000,1.890000,-0.938438183,0.061561817,-1.015350911,0.009900990,0.067011738
probe_0p5nm,0.500000,1.910000,-1.078940152,-0.078940152,-1.136386119,0.000000000,0.057445967
probe_0p5nm,0.500000,1.930000,-0.716756044,0.283243956,-0.759832139,-0.029702970,0.072779065
probe_0p5nm,0.500000,1.950000,-0.455329235,0.544670765,-0.484140832,-0.039603960,0.068415557
probe_0p5nm,0.500000,1.970000,-1.313276947,-0.313276947,-1.344835644,-0.049504950,0.081063647
probe_0p5nm,0.500000,1.990000,-1.310652511,-0.310652511,-1.317938931,-0.029702970,0.036989390
probe_0p5nm,0.500000,2.010000,-0.794616073,0.205383927,-0.827073921,0.000000000,0.032457848
probe_0p5nm,0.500000,2.030000,-1.040896557,-0.040896557,-1.048971802,-0.009900990,0.017976236
probe_0p5nm,0.500000,2.050000,-0.849144229,0.150855771,-0.820349743,-0.029702970,0.000908484
probe_0p5nm,0.500000,2.070000,-0.428622540,0.571377460,-0.410174871,-0.019801980,0.001354312
probe_0p5nm,0.500000,2.090000,-1.092762062,-0.092762062,-1.035523446,-0.039603960,-0.017634656
probe_0p5nm,0.500000,2.110000,-1.101171564,-0.101171564,-1.015350911,-0.069306931,-0.016513723
probe_0p5nm,0.500000,2.130000,-1.085095909,-0.085095909,-1.001902554,-0.039603960,-0.043589395
probe_0p5nm,0.500000,2.150000,-0.764343310,0.235656690,-0.652245287,-0.059405941,-0.052692082
probe_0p5nm,0.500000,2.170000,-0.804169825,0.195830175,-0.712762891,-0.059405941,-0.032000993
probe_0p5nm,0.500000,2.190000,-1.054528569,-0.054528569,-0.901039881,-0.118811881,-0.034676806
probe_0p5nm,0.500000,2.210000,-0.820139126,0.179860874,-0.605176040,-0.188118812,-0.026844275
probe_0p5nm,0.500000,2.230000,-1.447017378,-0.447017378,-1.250697149,-0.178217822,-0.018102408
probe_0p5nm,0.500000,2.250000,-1.717362909,-0.717362909,-1.486043386,-0.198019802,-0.033299720
probe_0p5nm,0.500000,2.270000,-1.027666629,-0.027666629,-0.780004673,-0.207920792,-0.039741163
probe_0p5nm,0.500000,2.290000,-1.227481426,-0.227481426,-0.934660772,-0.247524752,-0.045295902
probe_0p5nm,0.500000,2.310000,-1.878341630,-0.878341630,-1.647423663,-0.227722772,-0.003195194
probe_0p5nm,0.500000,2.330000,-0.965386057,0.034613943,-0.739659604,-0.217821782,-0.007904671
probe_0p5nm,0.500000,2.350000,-1.140480012,-0.140480012,-0.934660772,-0.207920792,0.002101552
probe_0p5nm,0.500000,2.370000,0.170822551,1.170822551,0.396726515,-0.227722772,0.001818808
probe_0p5nm,0.500000,2.390000,-0.583014847,0.416985153,-0.342933089,-0.237623762,-0.002457995
probe_0p5nm,0.500000,2.410000,-0.844758123,0.155241877,-0.571555149,-0.237623762,-0.035579212
probe_0p5nm,0.500000,2.430000,-2.020205928,-1.020205928,-1.694492911,-0.277227723,-0.048485294
probe_0p5nm,0.500000,2.450000,-1.571565354,-0.571565354,-1.230524614,-0.277227723,-0.063813017
probe_0p5nm,0.500000,2.470000,-1.894696760,-0.894696760,-1.674320376,-0.188118812,-0.032257571
probe_0p5nm,0.500000,2.490000,-1.124290929,-0.124290929,-0.914488238,-0.168316832,-0.041485860
probe_1p0nm,1.000000,0.010000,0.000000000,1.000000000,0.000000000,0.000000000,0.000000000
probe_1p0nm,1.000000,0.030000,0.000000000,1.000000000,0.000000000,0.000000000,0.000000000
probe_1p0nm,1.000000,0.050000,0.000000000,1.000000000,0.000000000,0.000000000,0.000000000
probe_1p0nm,1.000000,0.070000,0.000000000,1.000000000,0.000000000,0.000000000,0.000000000
probe_1p0nm,1.000000,0.090000,0.000000000,1.000000000,0.000000000,0.000000000,0.000000000
probe_1p0nm,1.000000,0.110000,0.000000000,1.000000000,0.000000000,0.000000000,0.000000000
probe_1p0nm,1.000000,0.130000,0.000000000,1.000000000,0.000000000,0.000000000,0.000000000
probe_1p0nm,1.000000,0.150000,0.000000000,1.000000000,0.000000000,0.000000000,0.000000000
probe_1p0nm,1.000000,0.170000,0.000000000,1.000000000,0.000000000,0.000000000,0.000000000
probe_1p0nm,1.000000,0.190000,0.000000000,1.000000000,0.000000000,0.000000000,0.000000000
probe_1p0nm,1.000000,0.210000,0.000000000,1.000000000,0.000000000,0.000000000,0.000000000
probe_1p0nm,1.000000,0.230000,-0.504313366,0.495686634,-0.504313366,0.000000000,0.000000000
probe_1p0nm,1.000000,0.250000,-4.659855505,-3.659855505,-4.659855505,0.000000000,0.000000000
probe_1p0nm,1.000000,0.270000,-5.271385168,-4.271385168,-5.251583188,-0.019801980,0.000000000
probe_1p0nm,1.000000,0.290000,-2.863017703,-1.863017703,-2.783809782,-0.079207921,0.000000000
probe_1p0nm,1.000000,0.310000,-0.794406515,0.205593485,-0.665693644,-0.128712871,0.000000000
probe_1p0nm,1.000000,0.330000,0.194047683,1.194047683,0.322760554,-0.128712871,0.000000000
probe_1p0nm,1.000000,0.350000,0.651291802,1.651291802,0.780004673,-0.128712871,0.000000000
probe_1p0nm,1.000000,0.370000,0.950332455,1.950332455,1.069144337,-0.118811881,0.000000000
probe_1p0nm,1.000000,0.390000,1.029910931,2.029910931,1.089316871,-0.059405941,0.000000000
probe_1p0nm,1.000000,0.410000,0.346480455,1.346480455,0.356381446,-0.009900990,0.000000000
probe_1p0nm,1.000000,0.430000,-0.662887386,0.337112614,-0.692590356,0.029702970,0.000000000
probe_1p0nm,1.000000,0.450000,-2.182922218,-1.182922218,-2.232427168,0.049504950,0.000000000
probe_1p0nm,1.000000,0.470000,-2.815365525,-1.815365525,-2.884672455,0.069306931,0.000000000
probe_1p0nm,1.000000,0.490000,-2.895685109,-1.895685109,-2.945190059,0.049504950,0.000000000
probe_1p0nm,1.000000,0.510000,-2.259694436,-1.259694436,-2.279496416,0.019801980,0.000000000
probe_1p0nm,1.000000,0.530000,-1.130032495,-0.130032495,-1.149834475,0.019801980,0.000000000
probe_1p0nm,1.000000,0.550000,-0.386825525,0.613174475,-0.396726515,0.009900990,0.000000000
probe_1p0nm,1.000000,0.570000,0.251600851,1.251600851,0.221897881,0.029702970,0.000000000
probe_1p0nm,1.000000,0.590000,0.043151327,1.043151327,0.013448356,0.029702970,0.000000000
probe_1p0nm,1.000000,0.610000,-0.251971406,0.748028594,-0.242070416,-0.009900990,0.000000000
probe_1p0nm,1.000000,0.630000,-0.928307149,0.071692851,-0.948109129,0.019801980,0.000000000
probe_1p0nm,1.000000,0.650000,-0.928307149,0.071692851,-0.948109129,0.019801980,0.000000000
probe_1p0nm,1.000000,0.670000,-0.780375228,0.219624772,-0.800177208,0.019801980,0.000000000
probe_1p0nm,1.000000,0.690000,-1.398258515,-0.398258515,-1.378456535,-0.019801980,0.000000000
probe_1p0nm,1.000000,0.710000,-1.586535505,-0.586535505,-1.566733525,-0.019801980,0.000000000
probe_1p0nm,1.000000,0.730000,-1.354366079,-0.354366079,-1.324663109,-0.029702970,0.000000000
probe_1p0nm,1.000000,0.750000,-0.453326198,0.546673802,-0.423623228,-0.029702970,0.000000000
probe_1p0nm,1.000000,0.770000,-0.523744792,0.476255208,-0.484140832,-0.039603960,0.000000000
probe_1p0nm,1.000000,0.790000,-0.873031505,0.126968495,-0.813625564,-0.059405941,0.000000000
probe_1p0nm,1.000000,0.810000,-0.681948257,0.318051743,-0.652245287,-0.029702970,0.000000000
probe_1p0nm,1.000000,0.830000,-1.125744020,-0.125744020,-1.096041050,-0.029702970,0.000000000
probe_1p0nm,1.000000,0.850000,-1.148352257,-0.148352257,-1.069144337,-0.079207921,0.000000000
probe_1p0nm,1.000000,0.870000,-1.238943386,-0.238943386,-1.149834475,-0.089108911,0.000000000
probe_1p0nm,1.000000,0.890000,-1.144434337,-0.144434337,-1.035523446,-0.108910891,0.000000000
probe_1p0nm,1.000000,0.910000,-1.214482376,-0.214482376,-1.075868515,-0.138613861,0.000000000
probe_1p0nm,1.000000,0.930000,-1.533325010,-0.533325010,-1.365008178,-0.168316832,0.000000000
probe_1p0nm,1.000000,0.950000,-0.614918851,0.385081149,-0.416899050,-0.198019802,0.000000000
probe_1p0nm,1.000000,0.970000,-0.829722000,0.170278000,-0.611900218,-0.217821782,0.000000000
probe_1p0nm,1.000000,0.990000,-0.741566574,0.258433426,-0.484140832,-0.257425743,0.000000000
probe_1p0nm,1.000000,1.010000,-0.465875267,0.534124733,-0.208449525,-0.257425743,0.000000000
probe_1p0nm,1.000000,1.030000,-0.479694178,0.520305822,-0.242070416,-0.237623762,0.000000000
probe_1p0nm,1.000000,1.050000,-1.703494614,-0.703494614,-1.465870851,-0.237623762,0.000000000
probe_1p0nm,1.000000,1.070000,-1.992634277,-0.992634277,-1.755010515,-0.237623762,0.000000000
probe_1p0nm,1.000000,1.090000,-1.814258277,-0.814258277,-1.566733525,-0.247524752,0.000000000
probe_1p0nm,1.000000,1.110000,-1.622433921,-0.622433921,-1.365008178,-0.257425743,0.000000000
probe_1p0nm,1.000000,1.130000,-1.316298535,-0.316298535,-1.048971802,-0.267326733,0.000000000
probe_1p0nm,1.000000,1.150000,-0.710751941,0.289248059,-0.423623228,-0.287128713,0.000000000
probe_1p0nm,1.000000,1.170000,-1.227772554,-0.227772554,-0.901039881,-0.326732673,0.000000000
probe_1p0nm,1.000000,1.190000,-0.942674467,0.057325533,-0.618624396,-0.326732673,0.002682603
probe_1p0nm,1.000000,1.210000,-0.638750096,0.361249904,-0.316036376,-0.326732673,0.004018953
probe_1p0nm,1.000000,1.230000,-0.960164399,0.039835601,-0.638796931,-0.326732673,0.005365205
probe_1p0nm,1.000000,1.250000,-1.598324014,-0.598324014,-1.257421327,-0.346534653,0.005631966
probe_1p0nm,1.000000,1.270000,-1.485384447,-0.485384447,-1.116213584,-0.376237624,0.007066761
probe_1p0nm,1.000000,1.290000,-1.389763734,-0.389763734,-0.941384950,-0.455445545,0.007066761
probe_1p0nm,1.000000,1.310000,-0.992118965,0.007881035,-0.551382614,-0.445544554,0.004808204
probe_1p0nm,1.000000,1.330000,-1.255545259,-0.255545259,-0.786728851,-0.475247525,0.006431117
probe_1p0nm,1.000000,1.350000,-0.836196670,0.163803330,-0.396726515,-0.445544554,0.006074399
probe_1p0nm,1.000000,1.370000,-0.228542854,0.771457146,0.221897881,-0.455445545,0.005004809
probe_1p0nm,1.000000,1.390000,-0.777727233,0.222272767,-0.275691307,-0.504950495,0.002914569
probe_1p0nm,1.000000,1.410000,-0.538296113,0.461703887,-0.053793426,-0.485148515,0.000645827
probe_1p0nm,1.000000,1.430000,-1.487260105,-0.487260105,-1.015350911,-0.475247525,0.003338331
probe_1p0nm,1.000000,1.450000,-1.345921627,-0.345921627,-0.907764059,-0.445544554,0.007386987
probe_1p0nm,1.000000,1.470000,-1.304716020,-0.304716020,-0.867418990,-0.445544554,0.008247525
probe_1p0nm,1.000000,1.490000,-1.362878885,-0.362878885,-0.927936594,-0.445544554,0.010602263
probe_1p0nm,1.000000,1.510000,-1.258395836,-0.258395836,-0.833798099,-0.435643564,0.011045827
probe_1p0nm,1.000000,1.530000,-1.548347613,-0.548347613,-1.163282832,-0.396039604,0.010974823
probe_1p0nm,1.000000,1.550000,-2.590118815,-1.590118815,-2.239151347,-0.366336634,0.015369165
probe_1p0nm,1.000000,1.570000,-1.344825652,-0.344825652,-0.968281663,-0.396039604,0.019495615
probe_1p0nm,1.000000,1.590000,-0.101177058,0.898822942,0.201725347,-0.326732673,0.023830269
probe_1p0nm,1.000000,1.610000,-0.336256167,0.663743833,-0.100862673,-0.267326733,0.031933239
probe_1p0nm,1.000000,1.630000,-0.359647613,0.640352387,-0.154656099,-0.237623762,0.032632249
probe_1p0nm,1.000000,1.650000,-1.565913969,-0.565913969,-1.371732356,-0.227722772,0.033541160
probe_1p0nm,1.000000,1.670000,-1.470828507,-0.470828507,-1.284318040,-0.217821782,0.031311315
probe_1p0nm,1.000000,1.690000,-0.813721584,0.186278416,-0.605176040,-0.237623762,0.029078218
probe_1p0nm,1.000000,1.710000,-1.622030750,-0.622030750,-1.412077426,-0.227722772,0.017769448
probe_1p0nm,1.000000,1.730000,-0.688329825,0.311670175,-0.463968297,-0.237623762,0.013262235
probe_1p0nm,1.000000,1.750000,-1.376733635,-0.376733635,-1.143110297,-0.247524752,0.013901414
probe_1p0nm,1.000000,1.770000,-1.242269947,-0.242269947,-1.062420158,-0.188118812,0.008269024
probe_1p0nm,1.000000,1.790000,-1.436481655,-0.436481655,-1.311214752,-0.128712871,0.003445969
probe_1p0nm,1.000000,1.810000,-1.102811672,-0.102811672,-1.062420158,-0.049504950,0.009113437
probe_1p0nm,1.000000,1.830000,-1.551467913,-0.551467913,-1.553285168,-0.009900990,0.011718246
probe_1p0nm,1.000000,1.850000,-0.963159723,0.036840277,-0.981730020,0.009900990,0.008669307
probe_1p0nm,1.000000,1.870000,-1.252182181,-0.252182181,-1.230524614,-0.009900990,-0.011756578
probe_1p0nm,1.000000,1.890000,-0.877579644,0.122420356,-0.887591525,0.019801980,-0.009790099
probe_1p0nm,1.000000,1.910000,-0.603907140,0.396092860,-0.618624396,0.009900990,0.004816265
probe_1p0nm,1.000000,1.930000,-0.864273361,0.135726639,-0.934660772,0.069306931,0.001080480
probe_1p0nm,1.000000,1.950000,-0.580567279,0.419432721,-0.598451861,0.019801980,-0.001917398
probe_1p0nm,1.000000,1.970000,-1.378436484,-0.378436484,-1.351559822,-0.009900990,-0.016975672
probe_1p0nm,1.000000,1.990000,-1.544032187,-0.544032187,-1.506215921,-0.019801980,-0.018014286
probe_1p0nm,1.000000,2.010000,-0.330607839,0.669392161,-0.289139663,-0.019801980,-0.021666196
probe_1p0nm,1.000000,2.030000,-0.352619961,0.647380039,-0.322760554,-0.009900990,-0.019958417
probe_1p0nm,1.000000,2.050000,0.368040285,1.368040285,0.356381446,0.029702970,-0.018044131
probe_1p0nm,1.000000,2.070000,-0.936146046,0.063853954,-0.948109129,0.029702970,-0.017739888
probe_1p0nm,1.000000,2.090000,-2.315284360,-1.315284360,-2.306393129,0.029702970,-0.038594202
probe_1p0nm,1.000000,2.110000,-1.999215246,-0.999215246,-1.929839149,-0.039603960,-0.029772137
probe_1p0nm,1.000000,2.130000,-0.928584321,0.071415679,-0.880867347,-0.029702970,-0.018014004
probe_1p0nm,1.000000,2.150000,-1.682728499,-0.682728499,-1.627251129,-0.039603960,-0.015873410
probe_1p0nm,1.000000,2.170000,-0.590113942,0.409886058,-0.497589188,-0.069306931,-0.023217823
probe_1p0nm,1.000000,2.190000,-1.384209404,-0.384209404,-1.291042218,-0.069306931,-0.023860256
probe_1p0nm,1.000000,2.210000,-1.309900703,-0.309900703,-1.237248792,-0.049504950,-0.023146960
probe_1p0nm,1.000000,2.230000,-1.393667537,-0.393667537,-1.291042218,-0.069306931,-0.033318389
probe_1p0nm,1.000000,2.250000,-1.247694547,-0.247694547,-1.183455366,-0.049504950,-0.014734230
probe_1p0nm,1.000000,2.270000,-0.008007186,0.991992814,0.201725347,-0.198019802,-0.011712731
probe_1p0nm,1.000000,2.290000,-0.091305580,0.908694420,0.161380277,-0.237623762,-0.015062095
probe_1p0nm,1.000000,2.310000,-0.921529430,0.078470570,-0.665693644,-0.257425743,0.001589956
probe_1p0nm,1.000000,2.330000,-1.823178225,-0.823178225,-1.452422495,-0.376237624,0.005481894
probe_1p0nm,1.000000,2.350000,-2.890437506,-1.890437506,-2.447600871,-0.465346535,0.022509900
probe_1p0nm,1.000000,2.370000,-2.559805908,-1.559805908,-2.044150178,-0.524752475,0.009096745
probe_1p0nm,1.000000,2.390000,-0.819346437,0.180653563,-0.302588020,-0.534653465,0.017895048
probe_1p0nm,1.000000,2.410000,-0.144568703,0.855431297,0.416899049,-0.574257426,0.012789673
probe_1p0nm,1.000000,2.430000,-0.695812737,0.304187263,-0.107586851,-0.623762376,0.035536490
probe_1p0nm,1.000000,2.450000,-1.258492050,-0.258492050,-0.585003505,-0.693069307,0.019580762
probe_1p0nm,1.000000,2.470000,-0.798406955,0.201593045,-0.094138495,-0.732673267,0.028404807
probe_1p0nm,1.000000,2.490000,-0.736361156,0.263638844,0.040345069,-0.792079208,0.015372982
probe_1p5nm,1.500000,0.010000,0.000000000,1.000000000,0.000000000,0.000000000,0.000000000
probe_1p5nm,1.500000,0.030000,0.000000000,1.000000000,0.000000000,0.000000000,0.000000000
probe_1p5nm,1.500000,0.050000,0.000000000,1.000000000,0.000000000,0.000000000,0.000000000
probe_1p5nm,1.500000,0.070000,0.000000000,1.000000000,0.000000000,0.000000000,0.000000000
probe_1p5nm,1.500000,0.090000,0.000000000,1.000000000,0.000000000,0.000000000,0.000000000
probe_1p5nm,1.500000,0.110000,0.000000000,1.000000000,0.000000000,0.000000000,0.000000000
probe_1p5nm,1.500000,0.130000,0.000000000,1.000000000,0.000000000,0.000000000,0.000000000
probe_1p5nm,1.500000,0.150000,0.000000000,1.000000000,0.000000000,0.000000000,0.000000000
probe_1p5nm,1.500000,0.170000,0.000000000,1.000000000,0.000000000,0.000000000,0.000000000
probe_1p5nm,1.500000,0.190000,0.000000000,1.000000000,0.000000000,0.000000000,0.000000000
probe_1p5nm,1.500000,0.210000,0.000000000,1.000000000,0.000000000,0.000000000,0.000000000
probe_1p5nm,1.500000,0.230000,-0.665693644,0.334306356,-0.665693644,0.000000000,0.000000000
probe_1p5nm,1.500000,0.250000,-4.848132495,-3.848132495,-4.848132495,0.000000000,0.000000000
probe_1p5nm,1.500000,0.270000,-5.318824970,-4.318824970,-5.318824970,0.000000000,0.000000000
probe_1p5nm,1.500000,0.290000,-2.770361426,-1.770361426,-2.770361426,0.000000000,0.000000000
probe_1p5nm,1.500000,0.310000,-0.527662713,0.472337287,-0.517761723,-0.009900990,0.000000000
probe_1p5nm,1.500000,0.330000,0.417269604,1.417269604,0.437071584,-0.019801980,0.000000000
probe_1p5nm,1.500000,0.350000,0.988824752,1.988824752,1.008626733,-0.019801980,0.000000000
probe_1p5nm,1.500000,0.370000,1.237619347,2.237619347,1.257421327,-0.019801980,0.000000000
probe_1p5nm,1.500000,0.390000,0.840892832,1.840892832,0.860694812,-0.019801980,0.000000000
probe_1p5nm,1.500000,0.410000,-0.110393109,0.889606891,-0.080690139,-0.029702970,0.000000000
probe_1p5nm,1.500000,0.430000,-1.152640733,-0.152640733,-1.122937762,-0.029702970,0.000000000
probe_1p5nm,1.500000,0.450000,-1.908554950,-0.908554950,-1.849149010,-0.059405941,0.000000000
probe_1p5nm,1.500000,0.470000,-2.997501267,-1.997501267,-2.918293347,-0.079207921,0.000000000
probe_1p5nm,1.500000,0.490000,-2.501977228,-1.501977228,-2.353462376,-0.148514851,0.000000000
probe_1p5nm,1.500000,0.510000,-2.188747109,-1.188747109,-2.010529287,-0.178217822,0.000000000
probe_1p5nm,1.500000,0.530000,-1.119232218,-0.119232218,-0.921212416,-0.198019802,0.000000000
probe_1p5nm,1.500000,0.550000,-0.321490713,0.678509287,-0.073965960,-0.247524752,0.000000000
probe_1p5nm,1.500000,0.570000,0.058981188,1.058981188,0.336208911,-0.277227723,0.000000000
probe_1p5nm,1.500000,0.590000,0.281249624,1.281249624,0.578279327,-0.297029703,0.000000000
probe_1p5nm,1.500000,0.610000,-0.276486614,0.723513386,0.040345069,-0.316831683,0.000000000
probe_1p5nm,1.500000,0.630000,-0.760256891,0.239743109,-0.423623228,-0.336633663,0.000000000
probe_1p5nm,1.500000,0.650000,-1.365062376,-0.365062376,-1.008626733,-0.356435644,0.000000000
probe_1p5nm,1.500000,0.670000,-1.257104970,-0.257104970,-0.880867347,-0.376237624,0.000000000
probe_1p5nm,1.500000,0.690000,-1.663361921,-0.663361921,-1.257421327,-0.405940594,0.000000000
probe_1p5nm,1.500000,0.710000,-1.117962376,-0.117962376,-0.672417822,-0.445544554,0.000000000
probe_1p5nm,1.500000,0.730000,-0.938845267,0.061154733,-0.443795762,-0.495049505,0.000000000
probe_1p5nm,1.500000,0.750000,-0.974901861,0.025098139,-0.430347406,-0.544554455,0.000000000
probe_1p5nm,1.500000,0.770000,-0.906548416,0.093451584,-0.302588020,-0.603960396,0.000000000
probe_1p5nm,1.500000,0.790000,-0.770953188,0.229046812,-0.107586851,-0.663366337,0.000000000
probe_1p5nm,1.500000,0.810000,-1.035631842,-0.035631842,-0.322760554,-0.712871287,0.000000000
probe_1p5nm,1.500000,0.830000,-0.765923604,0.234076396,-0.013448356,-0.752475248,0.000000000
probe_1p5nm,1.500000,0.850000,-0.691587089,0.308412911,0.080690139,-0.772277228,0.000000000
probe_1p5nm,1.500000,0.870000,-0.351830812,0.648169188,0.430347406,-0.782178218,0.000000000
probe_1p5nm,1.500000,0.890000,-1.195159347,-0.195159347,-0.383278158,-0.811881188,0.000000000
probe_1p5nm,1.500000,0.910000,-1.893732772,-0.893732772,-1.042247624,-0.851485149,0.000000000
probe_1p5nm,1.500000,0.930000,-1.523161861,-0.523161861,-0.632072752,-0.891089109,0.000000000
probe_1p5nm,1.500000,0.950000,-1.455549525,-0.455549525,-0.544658436,-0.910891089,0.000000000
probe_1p5nm,1.500000,0.970000,-1.266901980,-0.266901980,-0.336208911,-0.930693069,0.000000000
probe_1p5nm,1.500000,0.990000,-0.913326792,0.086673208,0.047069248,-0.960396040,0.000000000
probe_1p5nm,1.500000,1.010000,-0.451794198,0.548205802,0.558106792,-1.009900990,0.000000000
probe_1p5nm,1.500000,1.030000,-0.477949802,0.522050198,0.571555149,-1.049504950,0.000000000
probe_1p5nm,1.500000,1.050000,-1.045957584,-0.045957584,0.013448356,-1.059405941,0.000000000
probe_1p5nm,1.500000,1.070000,-0.231590911,0.768409089,0.867418990,-1.099009901,0.000000000
probe_1p5nm,1.500000,1.090000,-0.627946871,0.372053129,0.490865010,-1.118811881,0.000000000
probe_1p5nm,1.500000,1.110000,-0.973315663,0.026684337,0.195001168,-1.168316832,0.000000000
probe_1p5nm,1.500000,1.130000,-1.658440733,-0.658440733,-0.450519941,-1.207920792,0.000000000
probe_1p5nm,1.500000,1.150000,-1.866149149,-0.866149149,-0.618624396,-1.247524752,0.000000000
probe_1p5nm,1.500000,1.170000,-1.438237446,-0.438237446,-0.141207743,-1.297029703,0.000000000
probe_1p5nm,1.500000,1.190000,-0.711655644,0.288344356,0.605176040,-1.316831683,0.000000000
probe_1p5nm,1.500000,1.210000,-0.220420079,0.779579921,1.116213584,-1.336633663,0.000000000
probe_1p5nm,1.500000,1.230000,-0.739710382,0.260289618,0.605176040,-1.346534653,0.001648232
probe_1p5nm,1.500000,1.250000,-1.149144144,-0.149144144,0.235346238,-1.386138614,0.001648232
probe_1p5nm,1.500000,1.270000,-0.930423075,0.069576925,0.463968297,-1.396039604,0.001648232
probe_1p5nm,1.500000,1.290000,-0.916233610,0.083766390,0.517761723,-1.435643564,0.001648232
probe_1p5nm,1.500000,1.310000,-0.656361839,0.343638161,0.806901386,-1.465346535,0.002083310
probe_1p5nm,1.500000,1.330000,-0.629094571,0.370905429,0.853970634,-1.485148515,0.002083310
probe_1p5nm,1.500000,1.350000,-1.255601171,-0.255601171,0.255518772,-1.514851485,0.003731542
probe_1p5nm,1.500000,1.370000,-1.289694108,-0.289694108,0.262242950,-1.554455446,0.002518388
probe_1p5nm,1.500000,1.390000,-1.911124761,-0.911124761,-0.329484733,-1.584158416,0.002518388
probe_1p5nm,1.500000,1.410000,-1.644337298,-0.644337298,-0.033620891,-1.613861386,0.003144979
probe_1p5nm,1.500000,1.430000,-1.294781522,-0.294781522,0.376553980,-1.673267327,0.001931825
probe_1p5nm,1.500000,1.450000,-1.038121881,-0.038121881,0.638796931,-1.673267327,-0.003651485
probe_1p5nm,1.500000,1.470000,-0.591845239,0.408154761,1.102765228,-1.693069307,-0.001541160
probe_1p5nm,1.500000,1.490000,-0.555155641,0.444844359,1.163282832,-1.712871287,-0.005567185
probe_1p5nm,1.500000,1.510000,-0.272137819,0.727862181,1.499491743,-1.762376238,-0.009253324
probe_1p5nm,1.500000,1.530000,-1.182859946,-0.182859946,0.652245287,-1.831683168,-0.003422065
probe_1p5nm,1.500000,1.550000,-1.595208984,-0.595208984,0.282415485,-1.871287129,-0.006337341
probe_1p5nm,1.500000,1.570000,-2.197617757,-1.197617757,-0.275691307,-1.920792079,-0.001134371
probe_1p5nm,1.500000,1.590000,-1.469206161,-0.469206161,0.511037545,-1.980198020,-0.000045686
probe_1p5nm,1.500000,1.610000,-1.104312687,-0.104312687,0.975005842,-2.079207921,-0.000110608
probe_1p5nm,1.500000,1.630000,-1.528292252,-0.528292252,0.585003505,-2.118811881,0.005516124
probe_1p5nm,1.500000,1.650000,-2.417728557,-1.417728557,-0.235346238,-2.188118812,0.005736492
probe_1p5nm,1.500000,1.670000,-1.623183632,-0.623183632,0.591727683,-2.217821782,0.002910467
probe_1p5nm,1.500000,1.690000,-0.072043301,0.927956699,2.145012851,-2.227722772,0.010666619
probe_1p5nm,1.500000,1.710000,0.098257516,1.098257516,2.393807446,-2.306930693,0.011380764
probe_1p5nm,1.500000,1.730000,-0.774146292,0.225853708,1.600354416,-2.386138614,0.011637906
probe_1p5nm,1.500000,1.750000,-1.619234532,-0.619234532,0.800177208,-2.435643564,0.016231824
probe_1p5nm,1.500000,1.770000,-0.598581010,0.401418990,1.876045723,-2.485148515,0.010521782
probe_1p5nm,1.500000,1.790000,-2.019623924,-1.019623924,0.463968297,-2.485148515,0.001556294
probe_1p5nm,1.500000,1.810000,-2.298097502,-1.298097502,0.262242950,-2.564356436,0.004015983
probe_1p5nm,1.500000,1.830000,-2.770444043,-1.770444043,-0.181552812,-2.594059406,0.005168175
probe_1p5nm,1.500000,1.850000,-1.738396312,-0.738396312,0.887591525,-2.623762376,-0.002225460
probe_1p5nm,1.500000,1.870000,-1.079427180,-0.079427180,1.586906059,-2.673267327,0.006934087
probe_1p5nm,1.500000,1.890000,-0.473461924,0.526538076,2.218978812,-2.693069307,0.000628571
probe_1p5nm,1.500000,1.910000,0.625015691,1.625015691,3.368813287,-2.742574257,-0.001223339
probe_1p5nm,1.500000,1.930000,-0.197952439,0.802047561,2.548463545,-2.742574257,-0.003841726
probe_1p5nm,1.500000,1.950000,-0.531672614,0.468327386,2.171909564,-2.702970297,-0.000611882
probe_1p5nm,1.500000,1.970000,-1.894672159,-0.894672159,0.914488238,-2.792079208,-0.017081189
probe_1p5nm,1.500000,1.990000,-1.556231599,-0.556231599,1.277593861,-2.831683168,-0.002142292
probe_1p5nm,1.500000,2.010000,-1.576207978,-0.576207978,1.277593861,-2.841584158,-0.012217681
probe_1p5nm,1.500000,2.030000,-2.268311325,-1.268311325,0.679142000,-2.920792079,-0.026661245
probe_1p5nm,1.500000,2.050000,-2.226465183,-1.226465183,0.766556317,-2.950495050,-0.042526451
probe_1p5nm,1.500000,2.070000,-0.710636018,0.289363982,2.313117307,-2.990099010,-0.033654315
probe_1p5nm,1.500000,2.090000,-0.194722145,0.805277855,2.864499921,-3.039603960,-0.019618106
probe_1p5nm,1.500000,2.110000,0.114422242,1.114422242,3.220881366,-3.089108911,-0.017350213
probe_1p5nm,1.500000,2.130000,0.254421589,1.254421589,3.402434178,-3.128712871,-0.019299718
probe_1p5nm,1.500000,2.150000,-0.757745713,0.242254287,2.373634911,-3.108910891,-0.022469732
probe_1p5nm,1.500000,2.170000,-1.881277908,-0.881277908,1.210352079,-3.089108911,-0.002521076
probe_1p5nm,1.500000,2.190000,-0.870628553,0.129371447,2.225702990,-3.079207921,-0.017123622
probe_1p5nm,1.500000,2.210000,-2.805210924,-1.805210924,0.248794594,-3.029702970,-0.024302547
probe_1p5nm,1.500000,2.230000,-3.069761447,-2.069761447,0.047069248,-3.099009901,-0.017820794
probe_1p5nm,1.500000,2.250000,-2.848978282,-1.848978282,0.161380277,-3.009900990,-0.000457569
probe_1p5nm,1.500000,2.270000,-0.659776163,0.340223837,2.292944772,-2.960396040,0.007675104
probe_1p5nm,1.500000,2.290000,0.942615868,1.942615868,3.900023366,-2.970297030,0.012889531
probe_1p5nm,1.500000,2.310000,0.581321851,1.581321851,3.530193564,-2.970297030,0.021425316
probe_1p5nm,1.500000,2.330000,-1.168101210,-0.168101210,1.741562158,-2.930693069,0.021029701
probe_1p5nm,1.500000,2.350000,-1.789010828,-0.789010828,1.069144337,-2.881188119,0.023032954
probe_1p5nm,1.500000,2.370000,-0.964634845,0.035365155,1.943287505,-2.950495050,0.042572699
probe_1p5nm,1.500000,2.390000,-0.739539660,0.260460340,2.171909564,-2.960396040,0.048946815
probe_1p5nm,1.500000,2.410000,-0.415594181,0.584405819,2.447600871,-2.910891089,0.047696037
probe_1p5nm,1.500000,2.430000,-1.594086653,-0.594086653,1.190179545,-2.831683168,0.047416971
probe_1p5nm,1.500000,2.450000,-1.995893898,-0.995893898,0.766556317,-2.821782178,0.059331964
probe_1p5nm,1.500000,2.470000,-2.021948517,-1.021948517,0.672417822,-2.752475248,0.058108908
probe_1p5nm,1.500000,2.490000,-1.998083409,-0.998083409,0.524485901,-2.613861386,0.091292076
probe_2p0nm,2.000000,0.010000,0.000000000,1.000000000,0.000000000,0.000000000,0.000000000
probe_2p0nm,2.000000,0.030000,0.000000000,1.000000000,0.000000000,0.000000000,0.000000000
probe_2p0nm,2.000000,0.050000,0.000000000,1.000000000,0.000000000,0.000000000,0.000000000
probe_2p0nm,2.000000,0.070000,0.000000000,1.000000000,0.000000000,0.000000000,0.000000000
probe_2p0nm,2.000000,0.090000,0.000000000,1.000000000,0.000000000,0.000000000,0.000000000
probe_2p0nm,2.000000,0.110000,0.000000000,1.000000000,0.000000000,0.000000000,0.000000000
probe_2p0nm,2.000000,0.130000,0.000000000,1.000000000,0.000000000,0.000000000,0.000000000
probe_2p0nm,2.000000,0.150000,0.000000000,1.000000000,0.000000000,0.000000000,0.000000000
probe_2p0nm,2.000000,0.170000,0.000000000,1.000000000,0.000000000,0.000000000,0.000000000
probe_2p0nm,2.000000,0.190000,0.000000000,1.000000000,0.000000000,0.000000000,0.000000000
probe_2p0nm,2.000000,0.210000,0.000000000,1.000000000,0.000000000,0.000000000,0.000000000
probe_2p0nm,2.000000,0.230000,-0.517761723,0.482238277,-0.517761723,0.000000000,0.000000000
probe_2p0nm,2.000000,0.250000,-4.686752218,-3.686752218,-4.686752218,0.000000000,0.000000000
probe_2p0nm,2.000000,0.270000,-5.365894218,-4.365894218,-5.365894218,0.000000000,0.000000000
probe_2p0nm,2.000000,0.290000,-2.911198614,-1.911198614,-2.891396634,-0.019801980,0.000000000
probe_2p0nm,2.000000,0.310000,-0.705297604,0.294702396,-0.665693644,-0.039603960,0.000000000
probe_2p0nm,2.000000,0.330000,0.350398376,1.350398376,0.390002337,-0.039603960,0.000000000
probe_2p0nm,2.000000,0.350000,0.861435921,1.861435921,0.901039881,-0.039603960,0.000000000
probe_2p0nm,2.000000,0.370000,1.251438257,2.251438257,1.291042218,-0.039603960,0.000000000
probe_2p0nm,2.000000,0.390000,0.901780990,1.901780990,0.941384950,-0.039603960,0.000000000
probe_2p0nm,2.000000,0.410000,0.229363168,1.229363168,0.268967129,-0.039603960,0.000000000
probe_2p0nm,2.000000,0.430000,-0.957269010,0.042730990,-0.907764059,-0.049504950,0.000000000
probe_2p0nm,2.000000,0.450000,-1.905378139,-0.905378139,-1.855873188,-0.049504950,0.000000000
probe_2p0nm,2.000000,0.470000,-2.651391366,-1.651391366,-2.582084436,-0.069306931,0.000000000
probe_2p0nm,2.000000,0.490000,-2.967057188,-1.967057188,-2.877948277,-0.089108911,0.000000000
probe_2p0nm,2.000000,0.510000,-2.473015366,-1.473015366,-2.393807446,-0.079207921,0.000000000
probe_2p0nm,2.000000,0.530000,-1.584312178,-0.584312178,-1.445698317,-0.138613861,0.000000000
probe_2p0nm,2.000000,0.550000,-0.649651406,0.350348594,-0.511037545,-0.138613861,0.000000000
probe_2p0nm,2.000000,0.570000,0.049663129,1.049663129,0.188276990,-0.138613861,0.000000000
probe_2p0nm,2.000000,0.590000,0.133900634,1.133900634,0.282415485,-0.148514851,0.000000000
probe_2p0nm,2.000000,0.610000,-0.199131465,0.800868535,-0.060517604,-0.138613861,0.000000000
probe_2p0nm,2.000000,0.630000,-0.491447941,0.508552059,-0.342933089,-0.148514851,0.000000000
probe_2p0nm,2.000000,0.650000,-0.723246812,0.276753188,-0.564830970,-0.158415842,0.000000000
probe_2p0nm,2.000000,0.670000,-1.576846891,-0.576846891,-1.398629069,-0.178217822,0.000000000
probe_2p0nm,2.000000,0.690000,-1.519876653,-0.519876653,-1.351559822,-0.168316832,0.000000000
probe_2p0nm,2.000000,0.710000,-1.550320733,-0.550320733,-1.391904891,-0.158415842,0.000000000
probe_2p0nm,2.000000,0.730000,-1.284900970,-0.284900970,-1.136386119,-0.148514851,0.000000000
probe_2p0nm,2.000000,0.750000,-1.439557069,-0.439557069,-1.291042218,-0.148514851,0.000000000
probe_2p0nm,2.000000,0.770000,-0.989037129,0.010962871,-0.840522277,-0.148514851,0.000000000
probe_2p0nm,2.000000,0.790000,-0.699526911,0.300473089,-0.531210079,-0.168316832,0.000000000
probe_2p0nm,2.000000,0.810000,-0.057553168,0.942446832,0.100862673,-0.158415842,0.000000000
probe_2p0nm,2.000000,0.830000,-0.639009307,0.360990693,-0.470692475,-0.168316832,0.000000000
probe_2p0nm,2.000000,0.850000,-0.938420515,0.061579485,-0.780004673,-0.158415842,0.000000000
probe_2p0nm,2.000000,0.870000,-0.830833663,0.169166337,-0.672417822,-0.158415842,0.000000000
probe_2p0nm,2.000000,0.890000,-1.533695564,-0.533695564,-1.385180713,-0.148514851,0.000000000
probe_2p0nm,2.000000,0.910000,-1.409854099,-0.409854099,-1.291042218,-0.118811881,0.000000000
probe_2p0nm,2.000000,0.930000,-1.712442119,-0.712442119,-1.593630238,-0.118811881,0.000000000
probe_2p0nm,2.000000,0.950000,-0.979506693,0.020493307,-0.860694812,-0.118811881,0.000000000
probe_2p0nm,2.000000,0.970000,-1.124261802,-0.124261802,-1.015350911,-0.108910891,0.000000000
probe_2p0nm,2.000000,0.990000,-0.623866356,0.376133644,-0.544658436,-0.079207921,0.000000000
probe_2p0nm,2.000000,1.010000,-0.943079545,0.056920455,-0.853970634,-0.089108911,0.000000000
probe_2p0nm,2.000000,1.030000,-1.000420337,-0.000420337,-0.921212416,-0.079207921,0.000000000
probe_2p0nm,2.000000,1.050000,-1.141628079,-0.141628079,-1.062420158,-0.079207921,0.000000000
probe_2p0nm,2.000000,1.070000,-1.248473822,-0.248473822,-1.129661941,-0.118811881,0.000000000
probe_2p0nm,2.000000,1.090000,-1.053102099,-0.053102099,-0.914488238,-0.138613861,0.000000000
probe_2p0nm,2.000000,1.110000,-0.344627683,0.655372317,-0.255518772,-0.089108911,0.000000000
probe_2p0nm,2.000000,1.130000,-0.300735248,0.699264752,-0.201725347,-0.099009901,0.000000000
probe_2p0nm,2.000000,1.150000,-1.222318218,-0.222318218,-1.143110297,-0.079207921,0.000000000
probe_2p0nm,2.000000,1.170000,-1.528453604,-0.528453604,-1.459146673,-0.069306931,0.000000000
probe_2p0nm,2.000000,1.190000,-1.490914792,-0.490914792,-1.391904891,-0.099009901,0.000000000
probe_2p0nm,2.000000,1.210000,-0.845393683,0.154606317,-0.746383782,-0.099009901,0.000000000
probe_2p0nm,2.000000,1.230000,-0.445490356,0.554509644,-0.356381446,-0.089108911,0.000000000
probe_2p0nm,2.000000,1.250000,-1.064855861,-0.064855861,-1.015350911,-0.049504950,0.000000000
probe_2p0nm,2.000000,1.270000,-0.799436099,0.200563901,-0.759832139,-0.039603960,0.000000000
probe_2p0nm,2.000000,1.290000,-1.029169822,-0.029169822,-1.048971802,0.019801980,0.000000000
probe_2p0nm,2.000000,1.310000,-0.619365505,0.380634495,-0.658969465,0.039603960,0.000000000
probe_2p0nm,2.000000,1.330000,-1.010108950,-0.010108950,-1.089316871,0.079207921,0.000000000
probe_2p0nm,2.000000,1.350000,-0.737223901,0.262776099,-0.786728851,0.049504950,0.000000000
probe_2p0nm,2.000000,1.370000,-0.935772436,0.064227564,-0.995178376,0.059405941,0.000000000
probe_2p0nm,2.000000,1.390000,-0.468997881,0.531002119,-0.558106792,0.089108911,0.000000000
probe_2p0nm,2.000000,1.410000,-1.559055861,-0.559055861,-1.687768733,0.128712871,0.000000000
probe_2p0nm,2.000000,1.430000,-1.331916020,-0.331916020,-1.539836812,0.207920792,0.000000000
probe_2p0nm,2.000000,1.450000,-1.157457941,-0.157457941,-1.385180713,0.227722772,0.000000000
probe_2p0nm,2.000000,1.470000,-1.047805941,-0.047805941,-1.344835644,0.297029703,0.000000000
probe_2p0nm,2.000000,1.490000,-1.229358752,-0.229358752,-1.526388455,0.297029703,0.000000000
probe_2p0nm,2.000000,1.510000,-1.374113861,-0.374113861,-1.681044554,0.306930693,0.000000000
probe_2p0nm,2.000000,1.530000,-0.812830257,0.187169743,-1.129661941,0.316831683,0.000000000
probe_2p0nm,2.000000,1.550000,-1.005766277,-0.005766277,-1.391904891,0.386138614,0.000000000
probe_2p0nm,2.000000,1.570000,-0.515642376,0.484357624,-0.941384950,0.425742574,0.000000000
probe_2p0nm,2.000000,1.590000,-1.182077129,-0.182077129,-1.647423663,0.465346535,0.000000000
probe_2p0nm,2.000000,1.610000,-1.216809683,-0.216809683,-1.741562158,0.524752475,0.000000000
probe_2p0nm,2.000000,1.630000,-0.941859485,0.058140515,-1.506215921,0.564356436,0.000000000
probe_2p0nm,2.000000,1.650000,-0.880971327,0.119028673,-1.425525782,0.544554455,0.000000000
probe_2p0nm,2.000000,1.670000,-0.390476871,0.609523129,-0.954833307,0.564356436,0.000000000
probe_2p0nm,2.000000,1.690000,-0.596120139,0.403879861,-1.190179545,0.594059406,0.000000000
probe_2p0nm,2.000000,1.710000,-1.003488752,-0.003488752,-1.627251129,0.623762376,0.000000000
probe_2p0nm,2.000000,1.730000,-1.037109644,-0.037109644,-1.660872020,0.623762376,0.000000000
probe_2p0nm,2.000000,1.750000,-0.891242871,0.108757129,-1.445698317,0.554455446,0.000000000
probe_2p0nm,2.000000,1.770000,-0.249639683,0.750360317,-0.833798099,0.584158416,0.000000000
probe_2p0nm,2.000000,1.790000,-0.703706990,0.296293010,-1.297766396,0.594059406,0.000000000
probe_2p0nm,2.000000,1.810000,-1.482745867,-0.482745867,-2.097943604,0.613861386,0.001336351
probe_2p0nm,2.000000,1.830000,-0.211505629,0.788494371,-0.806901386,0.594059406,0.001336351
probe_2p0nm,2.000000,1.850000,-1.442400798,-0.442400798,-2.057598535,0.613861386,0.001336351
probe_2p0nm,2.000000,1.870000,-1.390245536,-0.390245536,-2.023977644,0.633663366,0.000068741
probe_2p0nm,2.000000,1.890000,-0.203366458,0.796633542,-0.800177208,0.594059406,0.002751344
probe_2p0nm,2.000000,1.910000,-1.032599361,-0.032599361,-1.627251129,0.594059406,0.000592362
probe_2p0nm,2.000000,1.930000,-1.362442337,-0.362442337,-1.869321545,0.504950495,0.001928713
probe_2p0nm,2.000000,1.950000,-2.005885986,-1.005885986,-2.474497584,0.465346535,0.003265064
probe_2p0nm,2.000000,1.970000,-1.309363873,-0.309363873,-1.728113802,0.415841584,0.002908345
probe_2p0nm,2.000000,1.990000,-1.832675335,-0.832675335,-2.171909564,0.336633663,0.002600566
probe_2p0nm,2.000000,2.010000,-1.438402586,-0.438402586,-1.761734693,0.316831683,0.006500424
probe_2p0nm,2.000000,2.030000,-1.577382331,-0.577382331,-1.896218257,0.316831683,0.002004243
probe_2p0nm,2.000000,2.050000,-1.115894065,-0.115894065,-1.452422495,0.336633663,-0.000105233
probe_2p0nm,2.000000,2.070000,-1.030073310,-0.030073310,-1.311214752,0.277227723,0.003913720
probe_2p0nm,2.000000,2.090000,-1.687075075,-0.687075075,-1.929839149,0.237623762,0.005140311
probe_2p0nm,2.000000,2.110000,0.204901830,1.204901830,0.006724178,0.188118812,0.010058840
probe_2p0nm,2.000000,2.130000,-0.840111273,0.159888727,-1.042247624,0.188118812,0.014017539
probe_2p0nm,2.000000,2.150000,-1.928195038,-0.928195038,-2.138288673,0.198019802,0.012073833
probe_2p0nm,2.000000,2.170000,-1.517589830,-0.517589830,-1.781907228,0.247524752,0.016792645
probe_2p0nm,2.000000,2.190000,-1.855087301,-0.855087301,-2.104667782,0.227722772,0.021857709
probe_2p0nm,2.000000,2.210000,-2.259157564,-1.259157564,-2.467773406,0.178217822,0.030398020
probe_2p0nm,2.000000,2.230000,-3.013303140,-2.013303140,-3.227605545,0.188118812,0.026183592
probe_2p0nm,2.000000,2.250000,-0.914328178,0.085671822,-1.096041050,0.148514851,0.033198020
probe_2p0nm,2.000000,2.270000,-1.405660724,-0.405660724,-1.533112634,0.099009901,0.028442008
probe_2p0nm,2.000000,2.290000,-0.395888546,0.604111454,-0.558106792,0.128712871,0.033505375
probe_2p0nm,2.000000,2.310000,0.643170333,1.643170333,0.531210079,0.079207921,0.032752333
probe_2p0nm,2.000000,2.330000,-1.622081372,-0.622081372,-1.647423663,-0.019801980,0.045144271
probe_2p0nm,2.000000,2.350000,-0.404174555,0.595825445,-0.437071584,-0.029702970,0.062600000
probe_2p0nm,2.000000,2.370000,-1.688942224,-0.688942224,-1.734837980,-0.019801980,0.065697736
probe_2p0nm,2.000000,2.390000,-2.270485616,-1.270485616,-2.319841485,-0.009900990,0.059256859
probe_2p0nm,2.000000,2.410000,-1.310269506,-0.310269506,-1.412077426,0.039603960,0.062203960
probe_2p0nm,2.000000,2.430000,-1.751712886,-0.751712886,-1.781907228,-0.029702970,0.059897312
probe_2p0nm,2.000000,2.450000,-0.790570252,0.209429748,-0.820349743,-0.039603960,0.069383451
probe_2p0nm,2.000000,2.470000,-1.604235214,-0.604235214,-1.573457703,-0.089108911,0.058331400
probe_2p0nm,2.000000,2.490000,-1.055080765,-0.055080765,-1.008626733,-0.089108911,0.042654879
probe_3p0nm,3.000000,0.010000,0.000000000,1.000000000,0.000000000,0.000000000,0.000000000
probe_3p0nm,3.000000,0.030000,0.000000000,1.000000000,0.000000000,0.000000000,0.000000000
probe_3p0nm,3.000000,0.050000,0.000000000,1.000000000,0.000000000,0.000000000,0.000000000
probe_3p0nm,3.000000,0.070000,0.000000000,1.000000000,0.000000000,0.000000000,0.000000000
probe_3p0nm,3.000000,0.090000,0.000000000,1.000000000,0.000000000,0.000000000,0.000000000
probe_3p0nm,3.000000,0.110000,0.000000000,1.000000000,0.000000000,0.000000000,0.000000000
probe_3p0nm,3.000000,0.130000,0.000000000,1.000000000,0.000000000,0.000000000,0.000000000
probe_3p0nm,3.000000,0.150000,0.000000000,1.000000000,0.000000000,0.000000000,0.000000000
probe_3p0nm,3.000000,0.170000,0.000000000,1.000000000,0.000000000,0.000000000,0.000000000
probe_3p0nm,3.000000,0.190000,0.000000000,1.000000000,0.000000000,0.000000000,0.000000000
probe_3p0nm,3.000000,0.210000,0.000000000,1.000000000,0.000000000,0.000000000,0.000000000
probe_3p0nm,3.000000,0.230000,-0.390002337,0.609997663,-0.390002337,0.000000000,0.000000000
probe_3p0nm,3.000000,0.250000,-4.653131327,-3.653131327,-4.653131327,0.000000000,0.000000000
probe_3p0nm,3.000000,0.270000,-5.137272158,-4.137272158,-5.137272158,0.000000000,0.000000000
probe_3p0nm,3.000000,0.290000,-2.774862277,-1.774862277,-2.656050396,-0.118811881,0.000000000
probe_3p0nm,3.000000,0.310000,-0.877161802,0.122838198,-0.679142000,-0.198019802,0.000000000
probe_3p0nm,3.000000,0.330000,0.071317881,1.071317881,0.289139663,-0.217821782,0.000000000
probe_3p0nm,3.000000,0.350000,0.743735703,1.743735703,0.961557485,-0.217821782,0.000000000
probe_3p0nm,3.000000,0.370000,0.952185228,1.952185228,1.170007010,-0.217821782,0.000000000
probe_3p0nm,3.000000,0.390000,0.928835881,1.928835881,1.156558653,-0.227722772,0.000000000
probe_3p0nm,3.000000,0.410000,0.128658673,1.128658673,0.356381446,-0.227722772,0.000000000
probe_3p0nm,3.000000,0.430000,-0.846347168,0.153652832,-0.618624396,-0.227722772,0.000000000
probe_3p0nm,3.000000,0.450000,-2.103768495,-1.103768495,-1.876045723,-0.227722772,0.000000000
probe_3p0nm,3.000000,0.470000,-2.530568535,-1.530568535,-2.292944772,-0.237623762,0.000000000
probe_3p0nm,3.000000,0.490000,-2.607340752,-1.607340752,-2.340014020,-0.267326733,0.000000000
probe_3p0nm,3.000000,0.510000,-2.257312931,-1.257312931,-1.970184218,-0.287128713,0.000000000
probe_3p0nm,3.000000,0.530000,-1.345630950,-0.345630950,-1.028799267,-0.316831683,0.000000000
probe_3p0nm,3.000000,0.550000,-0.683114119,0.316885881,-0.356381446,-0.326732673,0.000000000
probe_3p0nm,3.000000,0.570000,-0.047123446,0.952876554,0.309312198,-0.356435644,0.000000000
probe_3p0nm,3.000000,0.590000,-0.278551762,0.721448238,0.107586851,-0.386138614,0.000000000
probe_3p0nm,3.000000,0.610000,-0.335522000,0.664478000,0.060517604,-0.396039604,0.000000000
probe_3p0nm,3.000000,0.630000,-0.532958871,0.467041129,-0.087414317,-0.445544554,0.000000000
probe_3p0nm,3.000000,0.650000,-1.074069941,-0.074069941,-0.618624396,-0.455445545,0.000000000
probe_3p0nm,3.000000,0.670000,-1.211359762,-0.211359762,-0.726211248,-0.485148515,0.000000000
probe_3p0nm,3.000000,0.690000,-1.069781465,-0.069781465,-0.564830970,-0.504950495,0.000000000
probe_3p0nm,3.000000,0.710000,-1.640966059,-0.640966059,-1.116213584,-0.524752475,0.000000000
probe_3p0nm,3.000000,0.730000,-1.929735168,-0.929735168,-1.385180713,-0.544554455,0.000000000
probe_3p0nm,3.000000,0.750000,-1.405249267,-0.405249267,-0.860694812,-0.544554455,0.000000000
probe_3p0nm,3.000000,0.770000,-0.450045406,0.549954594,0.114311030,-0.564356436,0.000000000
probe_3p0nm,3.000000,0.790000,-0.489649366,0.510350634,0.114311030,-0.603960396,0.000000000
probe_3p0nm,3.000000,0.810000,-0.865832792,0.134167208,-0.242070416,-0.623762376,0.000000000
probe_3p0nm,3.000000,0.830000,-0.912160931,0.087839069,-0.248794594,-0.663366337,0.000000000
probe_3p0nm,3.000000,0.850000,-0.858367505,0.141632495,-0.195001168,-0.663366337,0.000000000
probe_3p0nm,3.000000,0.870000,-1.140412436,-0.140412436,-0.457244119,-0.683168317,0.000000000
probe_3p0nm,3.000000,0.890000,-1.671622515,-0.671622515,-0.988454198,-0.683168317,0.000000000
probe_3p0nm,3.000000,0.910000,-1.409009010,-0.409009010,-0.706038713,-0.702970297,0.000000000
probe_3p0nm,3.000000,0.930000,-1.475880238,-0.475880238,-0.753107960,-0.722772277,0.000000000
probe_3p0nm,3.000000,0.950000,-1.462061327,-0.462061327,-0.719487069,-0.742574257,0.000000000
probe_3p0nm,3.000000,0.970000,-1.152008020,-0.152008020,-0.369829802,-0.782178218,0.000000000
probe_3p0nm,3.000000,0.990000,-0.640970475,0.359029525,0.141207743,-0.782178218,0.000000000
probe_3p0nm,3.000000,1.010000,-1.232327604,-0.232327604,-0.430347406,-0.801980198,0.000000000
probe_3p0nm,3.000000,1.030000,-0.620797941,0.379202059,0.161380277,-0.782178218,0.000000000
probe_3p0nm,3.000000,1.050000,-0.136657109,0.863342891,0.645521109,-0.782178218,0.000000000
probe_3p0nm,3.000000,1.070000,-0.643406178,0.356593822,0.188276990,-0.831683168,0.000000000
probe_3p0nm,3.000000,1.090000,-0.830942059,0.169057941,0.040345069,-0.871287129,0.000000000
probe_3p0nm,3.000000,1.110000,-1.156138317,-0.156138317,-0.235346238,-0.920792079,0.000000000
probe_3p0nm,3.000000,1.130000,-1.727322911,-0.727322911,-0.786728851,-0.940594059,0.000000000
probe_3p0nm,3.000000,1.150000,-1.283156594,-0.283156594,-0.322760554,-0.960396040,0.000000000
probe_3p0nm,3.000000,1.170000,-1.215173703,-0.215173703,-0.215173703,-1.000000000,0.000000000
probe_3p0nm,3.000000,1.190000,-0.898025663,0.101974337,0.161380277,-1.059405941,0.000000000
probe_3p0nm,3.000000,1.210000,-1.081643624,-0.081643624,0.047069248,-1.128712871,0.000000000
probe_3p0nm,3.000000,1.230000,-1.259278515,-0.259278515,-0.100862673,-1.158415842,0.000000000
probe_3p0nm,3.000000,1.250000,-1.025626871,-0.025626871,0.221897881,-1.247524752,0.000000000
probe_3p0nm,3.000000,1.270000,-0.873035921,0.126964079,0.443795762,-1.316831683,0.000000000
probe_3p0nm,3.000000,1.290000,-0.690742000,0.309258000,0.665693644,-1.356435644,0.000000000
probe_3p0nm,3.000000,1.310000,0.086826970,1.086826970,1.492767564,-1.405940594,0.000000000
probe_3p0nm,3.000000,1.330000,-1.341875624,-0.341875624,0.073965960,-1.415841584,0.000000000
probe_3p0nm,3.000000,1.350000,-1.337216594,-0.337216594,0.147931921,-1.485148515,0.000000000
probe_3p0nm,3.000000,1.370000,-1.228518079,-0.228518079,0.316036376,-1.544554455,0.000000000
probe_3p0nm,3.000000,1.390000,-0.931172020,0.068827980,0.692590356,-1.623762376,0.000000000
probe_3p0nm,3.000000,1.410000,-1.232648376,-0.232648376,0.450519941,-1.683168317,0.000000000
probe_3p0nm,3.000000,1.430000,-1.267593307,-0.267593307,0.524485901,-1.792079208,0.000000000
probe_3p0nm,3.000000,1.450000,-1.354266515,-0.354266515,0.477416653,-1.831683168,0.000000000
probe_3p0nm,3.000000,1.470000,-1.250227030,-0.250227030,0.571555149,-1.821782178,0.000000000
probe_3p0nm,3.000000,1.490000,-1.236778673,-0.236778673,0.585003505,-1.821782178,0.000000000
probe_3p0nm,3.000000,1.510000,-1.579341208,-0.579341208,0.262242950,-1.841584158,0.000000000
probe_3p0nm,3.000000,1.530000,-1.241650079,-0.241650079,0.679142000,-1.920792079,0.000000000
probe_3p0nm,3.000000,1.550000,-0.411399347,0.588600653,1.499491743,-1.910891089,0.000000000
probe_3p0nm,3.000000,1.570000,-0.074449327,0.925550673,1.876045723,-1.950495050,0.000000000
probe_3p0nm,3.000000,1.590000,-0.026268416,0.973731584,1.983632574,-2.009900990,0.000000000
probe_3p0nm,3.000000,1.610000,-0.691962059,0.308037941,1.317938931,-2.009900990,0.000000000
probe_3p0nm,3.000000,1.630000,-1.579183030,-0.579183030,0.450519941,-2.029702970,0.000000000
probe_3p0nm,3.000000,1.650000,-1.687140436,-0.687140436,0.322760554,-2.009900990,0.000000000
probe_3p0nm,3.000000,1.670000,-2.618624396,-1.618624396,-0.618624396,-2.000000000,0.000000000
probe_3p0nm,3.000000,1.690000,-2.184359069,-1.184359069,-0.154656099,-2.029702970,0.000000000
probe_3p0nm,3.000000,1.710000,-1.726373842,-0.726373842,0.342933089,-2.069306931,0.000000000
probe_3p0nm,3.000000,1.730000,-0.759203842,0.240796158,1.250697149,-2.009900990,0.000000000
probe_3p0nm,3.000000,1.750000,0.165185386,1.165185386,2.165185386,-2.000000000,0.000000000
probe_3p0nm,3.000000,1.770000,0.057969089,1.057969089,2.077771069,-2.019801980,0.000000000
probe_3p0nm,3.000000,1.790000,-0.608836218,0.391163782,1.351559822,-1.960396040,0.000000000
probe_3p0nm,3.000000,1.810000,-0.044375802,0.955624198,1.896218257,-1.940594059,0.000000000
probe_3p0nm,3.000000,1.830000,-1.604385149,-0.604385149,0.336208911,-1.940594059,0.000000000
probe_3p0nm,3.000000,1.850000,-1.840472495,-0.840472495,0.060517604,-1.900990099,0.000000000
probe_3p0nm,3.000000,1.870000,-1.585324277,-0.585324277,0.295863842,-1.881188119,0.000000000
probe_3p0nm,3.000000,1.890000,-1.138722257,-0.138722257,0.712762891,-1.851485149,0.000000000
probe_3p0nm,3.000000,1.910000,-1.277494297,-0.277494297,0.524485901,-1.801980198,0.000000000
probe_3p0nm,3.000000,1.930000,-1.573358139,-0.573358139,0.228622059,-1.801980198,0.000000000
probe_3p0nm,3.000000,1.950000,-0.272414931,0.727585069,1.519664277,-1.792079208,0.000000000
probe_3p0nm,3.000000,1.970000,-0.803254455,0.196745545,1.008626733,-1.811881188,0.000000000
probe_3p0nm,3.000000,1.990000,-0.858159545,0.141840455,0.894315703,-1.752475248,0.000000000
probe_3p0nm,3.000000,2.010000,-0.393237762,0.606762238,1.230524614,-1.623762376,0.000000000
probe_3p0nm,3.000000,2.030000,-1.025681069,-0.025681069,0.578279327,-1.603960396,0.000000000
probe_3p0nm,3.000000,2.050000,-0.727752079,0.272247921,0.806901386,-1.534653465,0.000000000
probe_3p0nm,3.000000,2.070000,-1.521575663,-0.521575663,-0.006724178,-1.514851485,0.000000000
probe_3p0nm,3.000000,2.090000,-1.521946218,-0.521946218,-0.026896713,-1.495049505,0.000000000
probe_3p0nm,3.000000,2.110000,-1.199556218,-0.199556218,0.275691307,-1.475247525,0.000000000
probe_3p0nm,3.000000,2.130000,-0.894903050,0.105096950,0.511037545,-1.405940594,0.000000000
probe_3p0nm,3.000000,2.150000,1.041660277,2.041660277,2.447600871,-1.405940594,0.000000000
probe_3p0nm,3.000000,2.170000,-0.180816119,0.819183881,1.116213584,-1.297029703,0.000000000
probe_3p0nm,3.000000,2.190000,-1.358288416,-0.358288416,-0.100862673,-1.257425743,0.000000000
probe_3p0nm,3.000000,2.210000,-1.224545960,-0.224545960,-0.006724178,-1.217821782,0.000000000
probe_3p0nm,3.000000,2.230000,-0.468631743,0.531368257,0.719487069,-1.188118812,0.000000000
probe_3p0nm,3.000000,2.250000,-1.518344653,-0.518344653,-0.369829802,-1.148514851,0.000000000
probe_3p0nm,3.000000,2.270000,-2.126697505,-1.126697505,-0.968281663,-1.158415842,0.000000000
probe_3p0nm,3.000000,2.290000,-1.480435287,-0.480435287,-0.282415485,-1.198019802,0.000000000
probe_3p0nm,3.000000,2.310000,-0.834173069,0.165826931,0.403450693,-1.237623762,0.000000000
probe_3p0nm,3.000000,2.330000,-0.053427287,0.946572713,1.223800436,-1.277227723,0.000000000
probe_3p0nm,3.000000,2.350000,-0.826337228,0.173662772,0.470692475,-1.297029703,0.000000000
probe_3p0nm,3.000000,2.370000,-0.934665188,0.065334812,0.322760554,-1.257425743,0.000000000
probe_3p0nm,3.000000,2.390000,-0.718379822,0.281620178,0.598451861,-1.316831683,0.000000000
probe_3p0nm,3.000000,2.410000,0.611154693,1.611154693,1.828976475,-1.217821782,0.000000000
probe_3p0nm,3.000000,2.430000,1.277218891,2.277218891,2.514842653,-1.237623762,0.000000000
probe_3p0nm,3.000000,2.450000,-0.232544396,0.767455604,0.995178376,-1.227722772,0.000000000
probe_3p0nm,3.000000,2.470000,-0.078629406,0.921370594,1.109489406,-1.188118812,0.000000000
probe_3p0nm,3.000000,2.490000,-2.420708574,-1.420708574,-1.163282832,-1.257425743,0.000000000
bulk_reference,5.000000,0.010000,0.000000000,1.000000000,0.000000000,0.000000000,0.000000000
bulk_reference,5.000000,0.030000,0.000000000,1.000000000,0.000000000,0.000000000,0.000000000
bulk_reference,5.000000,0.050000,0.000000000,1.000000000,0.000000000,0.000000000,0.000000000
bulk_reference,5.000000,0.070000,0.000000000,1.000000000,0.000000000,0.000000000,0.000000000
bulk_reference,5.000000,0.090000,0.000000000,1.000000000,0.000000000,0.000000000,0.000000000
bulk_reference,5.000000,0.110000,0.000000000,1.000000000,0.000000000,0.000000000,0.000000000
bulk_reference,5.000000,0.130000,0.000000000,1.000000000,0.000000000,0.000000000,0.000000000
bulk_reference,5.000000,0.150000,0.000000000,1.000000000,0.000000000,0.000000000,0.000000000
bulk_reference,5.000000,0.170000,0.000000000,1.000000000,0.000000000,0.000000000,0.000000000
bulk_reference,5.000000,0.190000,0.000000000,1.000000000,0.000000000,0.000000000,0.000000000
bulk_reference,5.000000,0.210000,0.000000000,1.000000000,0.000000000,0.000000000,0.000000000
bulk_reference,5.000000,0.230000,-0.578279327,0.421720673,-0.578279327,0.000000000,0.000000000
bulk_reference,5.000000,0.250000,-4.881753386,-3.881753386,-4.881753386,0.000000000,0.000000000
bulk_reference,5.000000,0.270000,-5.197789762,-4.197789762,-5.197789762,0.000000000,0.000000000
bulk_reference,5.000000,0.290000,-2.608981149,-1.608981149,-2.608981149,0.000000000,0.000000000
bulk_reference,5.000000,0.310000,-0.601628673,0.398371327,-0.591727683,-0.009900990,0.000000000
bulk_reference,5.000000,0.330000,0.450890495,1.450890495,0.470692475,-0.019801980,0.000000000
bulk_reference,5.000000,0.350000,0.975376396,1.975376396,0.995178376,-0.019801980,0.000000000
bulk_reference,5.000000,0.370000,0.968652218,1.968652218,0.988454198,-0.019801980,0.000000000
bulk_reference,5.000000,0.390000,0.850793822,1.850793822,0.860694812,-0.009900990,0.000000000
bulk_reference,5.000000,0.410000,0.124212020,1.124212020,0.114311030,0.009900990,0.000000000
bulk_reference,5.000000,0.430000,-1.001902554,-0.001902554,-1.001902554,0.000000000,0.000000000
bulk_reference,5.000000,0.450000,-2.309940495,-1.309940495,-2.319841485,0.009900990,0.000000000
bulk_reference,5.000000,0.470000,-2.629153683,-1.629153683,-2.629153683,0.000000000,0.000000000
bulk_reference,5.000000,0.490000,-2.396984257,-1.396984257,-2.387083267,-0.009900990,0.000000000
bulk_reference,5.000000,0.510000,-2.020059723,-1.020059723,-1.990356752,-0.029702970,0.000000000
bulk_reference,5.000000,0.530000,-1.370991248,-0.370991248,-1.331387287,-0.039603960,0.000000000
bulk_reference,5.000000,0.550000,-0.486576535,0.513423465,-0.437071584,-0.049504950,0.000000000
bulk_reference,5.000000,0.570000,0.075818733,1.075818733,0.174828634,-0.099009901,0.000000000
bulk_reference,5.000000,0.590000,-0.145708594,0.854291406,-0.026896713,-0.118811881,0.000000000
bulk_reference,5.000000,0.610000,-0.529357307,0.470642693,-0.430347406,-0.099009901,0.000000000
bulk_reference,5.000000,0.630000,-0.848570495,0.151429505,-0.739659604,-0.108910891,0.000000000
bulk_reference,5.000000,0.650000,-1.299460990,-0.299460990,-1.210352079,-0.089108911,0.000000000
bulk_reference,5.000000,0.670000,-1.770153465,-0.770153465,-1.681044554,-0.089108911,0.000000000
bulk_reference,5.000000,0.690000,-1.618674178,-0.618674178,-1.519664277,-0.099009901,0.000000000
bulk_reference,5.000000,0.710000,-0.966058337,0.033941663,-0.847246455,-0.118811881,0.000000000
bulk_reference,5.000000,0.730000,-0.821673782,0.178326218,-0.712762891,-0.108910891,0.000000000
bulk_reference,5.000000,0.750000,-0.610047446,0.389952554,-0.511037545,-0.099009901,0.000000000
bulk_reference,5.000000,0.770000,-1.127438614,-0.127438614,-1.008626733,-0.118811881,0.000000000
bulk_reference,5.000000,0.790000,-0.902363921,0.097636079,-0.793453030,-0.108910891,0.000000000
bulk_reference,5.000000,0.810000,-1.123891248,-0.123891248,-0.995178376,-0.128712871,0.000000000
bulk_reference,5.000000,0.830000,-0.471275406,0.528724594,-0.322760554,-0.148514851,0.000000000
bulk_reference,5.000000,0.850000,-0.605388416,0.394611584,-0.437071584,-0.168316832,0.000000000
bulk_reference,5.000000,0.870000,-1.475243109,-0.475243109,-1.257421327,-0.217821782,0.000000000
bulk_reference,5.000000,0.890000,-1.601890832,-0.601890832,-1.324663109,-0.277227723,0.000000000
bulk_reference,5.000000,0.910000,-1.779896277,-0.779896277,-1.492767564,-0.287128713,0.000000000
bulk_reference,5.000000,0.930000,-0.959546535,0.040453465,-0.672417822,-0.287128713,0.000000000
bulk_reference,5.000000,0.950000,-0.821145050,0.178854950,-0.504313366,-0.316831683,0.000000000
bulk_reference,5.000000,0.970000,-0.723088634,0.276911366,-0.376553980,-0.346534653,0.000000000
bulk_reference,5.000000,0.990000,-0.799860851,0.200139149,-0.423623228,-0.376237624,0.000000000
bulk_reference,5.000000,1.010000,-0.786041941,0.213958059,-0.390002337,-0.396039604,0.000000000
bulk_reference,5.000000,1.030000,-0.977495743,0.022504257,-0.571555149,-0.405940594,0.000000000
bulk_reference,5.000000,1.050000,-0.268280218,0.731719782,0.127759386,-0.396039604,0.000000000
bulk_reference,5.000000,1.070000,-0.459363465,0.540636535,-0.033620891,-0.425742574,0.000000000
bulk_reference,5.000000,1.090000,-1.507964713,-0.507964713,-1.062420158,-0.445544554,0.000000000
bulk_reference,5.000000,1.110000,-1.773013921,-0.773013921,-1.297766396,-0.475247525,0.000000000
bulk_reference,5.000000,1.130000,-1.853333505,-0.853333505,-1.358284000,-0.495049505,0.000000000
bulk_reference,5.000000,1.150000,-1.298032970,-0.298032970,-0.773280495,-0.524752475,0.000000000
bulk_reference,5.000000,1.170000,-0.672313842,0.327686158,-0.127759386,-0.544554455,0.000000000
bulk_reference,5.000000,1.190000,-0.887116990,0.112883010,-0.322760554,-0.564356436,0.000000000
bulk_reference,5.000000,1.210000,-1.015988040,-0.015988040,-0.511037545,-0.504950495,0.000000000
bulk_reference,5.000000,1.230000,-1.025518475,-0.025518475,-0.490865010,-0.534653465,0.000000000
bulk_reference,5.000000,1.250000,-0.631968772,0.368031228,-0.087414317,-0.544554455,0.000000000
bulk_reference,5.000000,1.270000,0.043996416,1.043996416,0.598451861,-0.554455446,0.000000000
bulk_reference,5.000000,1.290000,-0.366178455,0.633821545,0.188276990,-0.554455446,0.000000000
bulk_reference,5.000000,1.310000,-1.253399426,-0.253399426,-0.679142000,-0.574257426,0.000000000
bulk_reference,5.000000,1.330000,-0.795784752,0.204215248,-0.201725347,-0.594059406,0.000000000
bulk_reference,5.000000,1.350000,-1.434952238,-0.434952238,-0.860694812,-0.574257426,0.000000000
bulk_reference,5.000000,1.370000,-1.403767050,-0.403767050,-0.780004673,-0.623762376,0.000000000
bulk_reference,5.000000,1.390000,-1.537509505,-0.537509505,-0.874143168,-0.663366337,0.000000000
bulk_reference,5.000000,1.410000,-1.472703426,-0.472703426,-0.759832139,-0.712871287,0.000000000
bulk_reference,5.000000,1.430000,-1.812459703,-0.812459703,-1.109489406,-0.702970297,0.000000000
bulk_reference,5.000000,1.450000,-0.511516495,0.488483505,0.181552812,-0.693069307,0.000000000
bulk_reference,5.000000,1.470000,-0.503680653,0.496319347,0.248794594,-0.752475248,0.000000000
bulk_reference,5.000000,1.490000,-0.567004515,0.432995485,0.215173703,-0.782178218,0.000000000
bulk_reference,5.000000,1.510000,-1.390531069,-0.390531069,-0.598451861,-0.792079208,0.000000000
bulk_reference,5.000000,1.530000,-0.724096317,0.275903683,0.107586851,-0.831683168,0.000000000
bulk_reference,5.000000,1.550000,-0.388628515,0.611371485,0.403450693,-0.792079208,0.000000000
bulk_reference,5.000000,1.570000,-0.374809604,0.625190396,0.437071584,-0.811881188,0.000000000
bulk_reference,5.000000,1.590000,-0.685233465,0.314766535,0.067241782,-0.752475248,0.000000000
bulk_reference,5.000000,1.610000,-1.276590594,-0.276590594,-0.504313366,-0.772277228,0.000000000
bulk_reference,5.000000,1.630000,-1.470850653,-0.470850653,-0.658969465,-0.811881188,0.000000000
bulk_reference,5.000000,1.650000,-1.289297842,-0.289297842,-0.477416653,-0.811881188,0.000000000
bulk_reference,5.000000,1.670000,-1.096732376,-0.096732376,-0.235346238,-0.861386139,0.000000000
bulk_reference,5.000000,1.690000,-1.379518416,-0.379518416,-0.537934257,-0.841584158,0.000000000
bulk_reference,5.000000,1.710000,-0.222959762,0.777040238,0.618624396,-0.841584158,0.000000000
bulk_reference,5.000000,1.730000,-0.125273901,0.874726099,0.726211248,-0.851485149,0.000000000
bulk_reference,5.000000,1.750000,-0.615397802,0.384602198,0.275691307,-0.891089109,0.000000000
bulk_reference,5.000000,1.770000,-1.183035030,-0.183035030,-0.262242950,-0.920792079,0.000000000
bulk_reference,5.000000,1.790000,-1.128129941,-0.128129941,-0.147931921,-0.980198020,0.000000000
bulk_reference,5.000000,1.810000,-0.371104059,0.628895941,0.638796931,-1.009900990,0.000000000
bulk_reference,5.000000,1.830000,-1.218721069,-0.218721069,-0.228622059,-0.990099010,0.000000000
bulk_reference,5.000000,1.850000,-2.087251723,-1.087251723,-1.156558653,-0.930693069,0.000000000
bulk_reference,5.000000,1.870000,-1.026684337,-0.026684337,-0.195001168,-0.831683168,0.000000000
bulk_reference,5.000000,1.890000,-2.819233663,-1.819233663,-2.017253465,-0.801980198,0.000000000
bulk_reference,5.000000,1.910000,-1.330013465,-0.330013465,-0.537934257,-0.792079208,0.000000000
bulk_reference,5.000000,1.930000,-0.352201366,0.647798634,0.410174871,-0.762376238,0.000000000
bulk_reference,5.000000,1.950000,0.107849010,1.107849010,0.840522277,-0.732673267,0.000000000
bulk_reference,5.000000,1.970000,-0.410653822,0.589346178,0.282415485,-0.693069307,0.000000000
bulk_reference,5.000000,1.990000,-0.529994436,0.470005564,0.073965960,-0.603960396,0.000000000
bulk_reference,5.000000,2.010000,-1.001057465,-0.001057465,-0.416899050,-0.584158416,0.000000000
bulk_reference,5.000000,2.030000,-0.981255485,0.018744515,-0.416899050,-0.564356436,0.000000000
bulk_reference,5.000000,2.050000,-1.386558951,-0.386558951,-0.921212416,-0.465346535,0.000000000
bulk_reference,5.000000,2.070000,-1.425792356,-0.425792356,-0.901039881,-0.524752475,0.000000000
bulk_reference,5.000000,2.090000,-1.372369485,-0.372369485,-0.867418990,-0.504950495,0.000000000
bulk_reference,5.000000,2.110000,-1.487051069,-0.487051069,-1.001902554,-0.485148515,0.000000000
bulk_reference,5.000000,2.130000,-1.035790020,-0.035790020,-0.511037545,-0.524752475,0.000000000
bulk_reference,5.000000,2.150000,-0.438079267,0.561920733,0.047069248,-0.485148515,0.000000000
bulk_reference,5.000000,2.170000,0.246304693,1.246304693,0.652245287,-0.405940594,0.000000000
bulk_reference,5.000000,2.190000,-0.973207267,0.026792733,-0.517761723,-0.455445545,0.000000000
bulk_reference,5.000000,2.210000,-0.781012356,0.218987644,-0.295863842,-0.485148515,0.000000000
bulk_reference,5.000000,2.230000,-0.303966257,0.696033743,0.161380277,-0.465346535,0.000000000
bulk_reference,5.000000,2.250000,-0.521575663,0.478424337,-0.006724178,-0.514851485,0.000000000
bulk_reference,5.000000,2.270000,-2.144167762,-1.144167762,-1.560009347,-0.584158416,0.000000000
bulk_reference,5.000000,2.290000,-1.880072040,-0.880072040,-1.196903723,-0.683168317,0.000000000
bulk_reference,5.000000,2.310000,-1.768196713,-0.768196713,-1.035523446,-0.732673267,0.000000000
bulk_reference,5.000000,2.330000,0.749081644,1.749081644,1.432249960,-0.683168317,0.000000000
bulk_reference,5.000000,2.350000,0.098318574,1.098318574,0.860694812,-0.762376238,0.000000000
bulk_reference,5.000000,2.370000,-1.132788970,-0.132788970,-0.221897881,-0.910891089,0.000000000
bulk_reference,5.000000,2.390000,-2.614543881,-1.614543881,-1.654147842,-0.960396040,0.000000000
bulk_reference,5.000000,2.410000,-1.085561545,-0.085561545,0.013448356,-1.099009901,0.000000000
bulk_reference,5.000000,2.430000,-1.354528673,-0.354528673,-0.255518772,-1.099009901,0.000000000
bulk_reference,5.000000,2.450000,-2.198227762,-1.198227762,-1.089316871,-1.108910891,0.000000000
bulk_reference,5.000000,2.470000,-0.436493069,0.563506931,0.672417822,-1.108910891,0.000000000
bulk_reference,5.000000,2.490000,-0.993117644,0.006882356,0.195001168,-1.188118812,0.000000000
