branch,target_nm,radius_nm,delta_environment_charge_e,delta_water_charge_e,delta_ion_charge_e,delta_ligand_charge_e
probe_0p5nm,0.5,0.01,0.0,0.0,0.0,0.0
probe_0p5nm,0.5,0.03,0.0,0.0,0.0,0.0
probe_0p5nm,0.5,0.05,0.0,0.0,0.0,0.0
probe_0p5nm,0.5,0.07,0.0,0.0,0.0,0.0
probe_0p5nm,0.5,0.09,0.0,0.0,0.0,0.0
probe_0p5nm,0.5,0.11,0.0,0.0,0.0,0.0
probe_0p5nm,0.5,0.13,0.0,0.0,0.0,0.0
probe_0p5nm,0.5,0.15,0.0,0.0,0.0,0.0
probe_0p5nm,0.5,0.17,0.0,0.0,0.0,0.0
probe_0p5nm,0.5,0.19,0.0,0.0,0.0,0.0
probe_0p5nm,0.5,0.21,0.0,0.0,0.0,0.0
probe_0p5nm,0.5,0.23,-0.1075868510000001,-0.1075868510000001,0.0,0.0
probe_0p5nm,0.5,0.25,0.1950011680000001,0.1950011680000001,0.0,0.0
probe_0p5nm,0.5,0.27,0.11431102900000045,0.11431102900000045,0.0,0.0
probe_0p5nm,0.5,0.29,0.006724178999999886,0.006724178999999886,0.0,0.0
probe_0p5nm,0.5,0.31,-0.023719900999999988,-0.033620890999999986,0.00990099,0.0
probe_0p5nm,0.5,0.33,-0.161750832,-0.181552812,0.01980198,0.0
probe_0p5nm,0.5,0.35,-0.30295857400000004,-0.32276055400000003,0.01980198,0.0
probe_0p5nm,0.5,0.37,-0.05453453500000005,-0.09413849500000004,0.03960396,0.0
probe_0p5nm,0.5,0.39,-0.20246645600000002,-0.242070416,0.03960396,0.0
probe_0p5nm,0.5,0.41,-0.168845565,-0.208449525,0.03960396,0.0
probe_0p5nm,0.5,0.43,0.056229127999999906,0.006724177999999914,0.04950495,0.0
probe_0p5nm,0.5,0.45,0.5739908510000002,0.524485901,0.049504951,0.0
probe_0p5nm,0.5,0.47,0.2544071090000002,0.1950011680000001,0.059405941,0.0
probe_0p5nm,0.5,0.49,-0.25700099099999996,-0.33620891099999994,0.079207921,0.0
probe_0p5nm,0.5,0.51,-0.11616380199999998,-0.21517370299999983,0.099009901,0.0
probe_0p5nm,0.5,0.53,0.15598013899999996,0.047069247000000036,0.10891089100000001,0.0
probe_0p5nm,0.5,0.55,-0.22449176199999998,-0.363105624,0.138613861,0.0
probe_0p5nm,0.5,0.57,-0.521467268,-0.71948707,0.198019802,0.0
probe_0p5nm,0.5,0.59,-0.25678861399999997,-0.504313366,0.24752475200000001,0.0
probe_0p5nm,0.5,0.61,0.20755023800000005,-0.02017253499999999,0.22772277200000002,0.0
probe_0p5nm,0.5,0.63,0.25107211900000004,0.01344835599999994,0.23762376200000002,0.0
probe_0p5nm,0.5,0.65,0.032721604000000015,-0.19500116899999997,0.22772277200000002,0.0
probe_0p5nm,0.5,0.67,-0.0008992869999999709,-0.22862205999999996,0.22772277200000002,0.0
probe_0p5nm,0.5,0.69,0.4623279010000001,0.1950011679999999,0.267326733,0.0
probe_0p5nm,0.5,0.71,0.334197961,0.047069246999999925,0.287128713,0.0
probe_0p5nm,0.5,0.73,-0.23063301000000003,-0.5177617229999999,0.287128713,0.0
probe_0p5nm,0.5,0.75,-0.153119683,-0.430347405,0.277227723,0.0
probe_0p5nm,0.5,0.77,0.04712344599999985,-0.309312198,0.35643564299999997,0.0
probe_0p5nm,0.5,0.79,-0.289085465,-0.6455211089999999,0.35643564299999997,0.0
probe_0p5nm,0.5,0.81,-0.21549005899999996,-0.5917276829999999,0.37623762299999997,0.0
probe_0p5nm,0.5,0.83,-0.5524400790000001,-0.968281664,0.415841584,0.0
probe_0p5nm,0.5,0.85,0.14650390100000005,-0.289139664,0.435643565,0.0
probe_0p5nm,0.5,0.87,0.720494753,0.23534623799999999,0.485148515,0.0
probe_0p5nm,0.5,0.89,0.28511776300000014,-0.28913966300000005,0.574257426,0.0
probe_0p5nm,0.5,0.91,0.31164392099999993,-0.2824154860000001,0.594059406,0.0
probe_0p5nm,0.5,0.93,-0.4382872270000001,-1.0422476239999998,0.603960396,0.0
probe_0p5nm,0.5,0.95,-0.1633370289999999,-0.8069013859999999,0.643564356,0.0
probe_0p5nm,0.5,0.97,0.09498799999999996,-0.578279327,0.6732673259999999,0.0
probe_0p5nm,0.5,0.99,-0.38316976299999994,-1.0960410489999999,0.712871287,0.0
probe_0p5nm,0.5,1.01,-0.42070857399999995,-1.163282831,0.742574257,0.0
probe_0p5nm,0.5,1.03,-0.1485646330000001,-0.9010398809999999,0.752475247,0.0
probe_0p5nm,0.5,1.05,-0.616080297,-1.378456535,0.762376238,0.0
probe_0p5nm,0.5,1.07,-0.35738471299999996,-1.129661941,0.772277227,0.0
probe_0p5nm,0.5,1.09,0.827348331,0.033620890999999986,0.792079207,0.001648232
probe_0p5nm,0.5,1.11,1.282322761,0.45724411900000006,0.8217821780000001,0.003296464
probe_0p5nm,0.5,1.13,0.648149061,-0.20844952500000002,0.8514851489999999,0.005113437
probe_0p5nm,0.5,1.15,-0.13168981599999996,-1.0086267329999998,0.8712871280000001,0.005649788
probe_0p5nm,0.5,1.17,-0.33207296100000006,-1.250697149,0.9108910889999999,0.007733098
probe_0p5nm,0.5,1.19,-0.21045242199999992,-1.163282832,0.94059406,0.012236351
probe_0p5nm,0.5,1.21,-0.1038637899999999,-1.008626732,0.8910891089999999,0.013673833
probe_0p5nm,0.5,1.23,0.23866835899999994,-0.7060387129999999,0.9207920789999999,0.023914993
probe_0p5nm,0.5,1.25,-0.40596097100000006,-1.338111465,0.9207920789999999,0.011358416
probe_0p5nm,0.5,1.27,-0.927915055,-1.8558731880000001,0.92079208,0.007166054
probe_0p5nm,0.5,1.29,-0.45907521399999995,-1.371732356,0.91089109,0.001766054
probe_0p5nm,0.5,1.31,0.33512037400000005,-0.5648309699999999,0.9009900989999999,-0.001038755
probe_0p5nm,0.5,1.33,-0.3133352480000001,-1.210352079,0.9009900989999999,-0.003973267
probe_0p5nm,0.5,1.35,-0.05924988100000017,-0.934660772,0.8712871289999999,0.004123762
probe_0p5nm,0.5,1.37,0.3260248179999998,-0.611900218,0.9207920789999999,0.017132956
probe_0p5nm,0.5,1.39,0.550442552,-0.4303474059999999,0.95049505,0.030294908
probe_0p5nm,0.5,1.41,0.26130633400000014,-0.7598321379999999,0.99009901,0.031039462
probe_0p5nm,0.5,1.43,0.7288608940000001,-0.282415485,0.98019802,0.031078359
probe_0p5nm,0.5,1.45,-0.6384183059999999,-1.633975307,0.96039604,0.035160962
probe_0p5nm,0.5,1.47,0.05951272099999999,-1.001902554,1.0297029709999999,0.031712305
probe_0p5nm,0.5,1.49,-0.689463763,-1.815528119,1.0891089109999998,0.036955445
probe_0p5nm,0.5,1.51,-0.3535630730000001,-1.4658708520000001,1.0891089109999998,0.023198868
probe_0p5nm,0.5,1.53,-0.834619927,-2.030701821,1.158415841,0.037666053
probe_0p5nm,0.5,1.55,-0.605285904,-1.755010515,1.1089108909999998,0.04081372
probe_0p5nm,0.5,1.57,-0.793577746,-1.9432875049999998,1.118811881,0.030897878
probe_0p5nm,0.5,1.59,0.41322748100000006,-0.706038713,1.089108911,0.030157284
probe_0p5nm,0.5,1.61,0.545606752,-0.53121008,1.0495049509999999,0.027311881
probe_0p5nm,0.5,1.63,0.3530044940000001,-0.759832139,1.05940594,0.053430692
probe_0p5nm,0.5,1.65,0.05392181600000012,-1.035523446,1.02970297,0.059742291
probe_0p5nm,0.5,1.67,-0.3554665749999999,-1.492767564,1.089108911,0.048192078
probe_0p5nm,0.5,1.69,-0.3949958199999999,-1.519664278,1.07920792,0.045460537
probe_0p5nm,0.5,1.71,-1.410916372,-2.4946701190000002,1.00990099,0.073852757
probe_0p5nm,0.5,1.73,-0.271546694,-1.3313872880000002,1.0,0.059840593
probe_0p5nm,0.5,1.75,0.006628831000000002,-1.102765228,1.059405941,0.049988118
probe_0p5nm,0.5,1.77,0.11613680000000004,-1.0287992680000002,1.079207921,0.065728146
probe_0p5nm,0.5,1.79,0.654467114,-0.504313366,1.118811881,0.039968599
probe_0p5nm,0.5,1.81,-1.2204855490000002,-2.373634911,1.138613861,0.014535501
probe_0p5nm,0.5,1.83,0.27586589100000014,-0.880867347,1.118811881,0.037921356
probe_0p5nm,0.5,1.85,1.1757205650000002,0.06724178199999997,1.03960396,0.068874822
probe_0p5nm,0.5,1.87,-0.48601586499999994,-1.438974139,0.9009900989999999,0.051968174
probe_0p5nm,0.5,1.89,1.8807954799999997,1.001902554,0.811881188,0.067011738
probe_0p5nm,0.5,1.91,0.251073313,-0.598451862,0.792079208,0.057445967
probe_0p5nm,0.5,1.93,-0.364554678,-1.17000701,0.732673268,0.072779065
probe_0p5nm,0.5,1.95,-0.563178245,-1.324663109,0.693069307,0.068415557
probe_0p5nm,0.5,1.97,-0.9026231250000001,-1.627251129,0.643564357,0.081063647
probe_0p5nm,0.5,1.99,-0.7806580750000001,-1.391904891,0.574257426,0.03698939
probe_0p5nm,0.5,2.01,0.2064413919999999,-0.410174871,0.584158416,0.032457848
probe_0p5nm,0.5,2.03,-0.059641071999999906,-0.632072752,0.554455446,0.017976236
probe_0p5nm,0.5,2.05,0.5374147220000001,0.10086267300000007,0.435643565,0.000908484
probe_0p5nm,0.5,2.07,0.9971698160000001,0.49086501,0.504950495,0.001354312
probe_0p5nm,0.5,2.09,0.27960742299999986,-0.168104456,0.465346535,-0.017634656
probe_0p5nm,0.5,2.11,0.3858795050000001,-0.013448357000000133,0.415841584,-0.016513723
probe_0p5nm,0.5,2.13,-0.04930588899999999,-0.49086500899999996,0.485148515,-0.043589395
probe_0p5nm,0.5,2.15,-0.326264043,-0.699314535,0.425742574,-0.052692082
probe_0p5nm,0.5,2.17,-1.050474518,-1.365008178,0.34653465299999997,-0.032000993
probe_0p5nm,0.5,2.19,-0.08132130199999987,-0.383278158,0.336633664,-0.034676806
probe_0p5nm,0.5,2.21,-0.03912677000000009,-0.30931219800000004,0.297029703,-0.026844275
probe_0p5nm,0.5,2.23,-1.143051121,-1.412077426,0.287128713,-0.018102408
probe_0p5nm,0.5,2.25,-1.195787246,-1.479319208,0.316831683,-0.03329972
probe_0p5nm,0.5,2.27,1.1165011329999999,0.7800046740000001,0.37623762399999994,-0.039741163
probe_0p5nm,0.5,2.29,0.652590614,0.26224295099999995,0.435643565,-0.045295902
probe_0p5nm,0.5,2.31,-0.11014491699999995,-0.6119002170000001,0.504950495,-0.003195194
probe_0p5nm,0.5,2.33,-1.714467701,-2.171909564,0.465346535,-0.007904671
probe_0p5nm,0.5,2.35,-1.2387985860000001,-1.795355584,0.554455446,0.002101552
probe_0p5nm,0.5,2.37,1.303611521,0.618624396,0.683168317,0.001818808
probe_0p5nm,0.5,2.39,2.031529034,1.311214753,0.722772278,-0.002457995
probe_0p5nm,0.5,2.41,0.24080342200000004,-0.5850035050000001,0.861386139,-0.035579212
probe_0p5nm,0.5,2.43,-0.6656772550000003,-1.438974139,0.8217821780000001,-0.048485294
probe_0p5nm,0.5,2.45,0.6266624080000001,-0.14120774299999983,0.8316831680000001,-0.063813017
probe_0p5nm,0.5,2.47,-1.458203691,-2.346738198,0.920792079,-0.032257571
probe_0p5nm,0.5,2.49,-0.13117328500000003,-1.109489406,1.01980198,-0.04148586
probe_1p0nm,1.0,0.01,0.0,0.0,0.0,0.0
probe_1p0nm,1.0,0.03,0.0,0.0,0.0,0.0
probe_1p0nm,1.0,0.05,0.0,0.0,0.0,0.0
probe_1p0nm,1.0,0.07,0.0,0.0,0.0,0.0
probe_1p0nm,1.0,0.09,0.0,0.0,0.0,0.0
probe_1p0nm,1.0,0.11,0.0,0.0,0.0,0.0
probe_1p0nm,1.0,0.13,0.0,0.0,0.0,0.0
probe_1p0nm,1.0,0.15,0.0,0.0,0.0,0.0
probe_1p0nm,1.0,0.17,0.0,0.0,0.0,0.0
probe_1p0nm,1.0,0.19,0.0,0.0,0.0,0.0
probe_1p0nm,1.0,0.21,0.0,0.0,0.0,0.0
probe_1p0nm,1.0,0.23,0.07396596099999997,0.07396596099999997,0.0,0.0
probe_1p0nm,1.0,0.25,0.2218978809999994,0.2218978809999994,0.0,0.0
probe_1p0nm,1.0,0.27,-0.07359540599999992,-0.05379342599999948,-0.01980198,0.0
probe_1p0nm,1.0,0.29,-0.25403655400000025,-0.17482863300000018,-0.079207921,0.0
probe_1p0nm,1.0,0.31,-0.19277784200000003,-0.07396596099999997,-0.11881188100000001,0.0
probe_1p0nm,1.0,0.33,-0.25684281200000003,-0.14793192100000002,-0.10891089100000001,0.0
probe_1p0nm,1.0,0.35,-0.324084594,-0.21517370300000005,-0.10891089100000001,0.0
probe_1p0nm,1.0,0.37,-0.018319763000000044,0.080690139,-0.099009901,0.0
probe_1p0nm,1.0,0.39,0.1791171090000001,0.2286220590000001,-0.049504951,0.0
probe_1p0nm,1.0,0.41,0.22226843500000001,0.242070416,-0.01980198,0.0
probe_1p0nm,1.0,0.43,0.339015168,0.309312198,0.02970297,0.0
probe_1p0nm,1.0,0.45,0.12701827700000035,0.08741431699999991,0.03960396,0.0
probe_1p0nm,1.0,0.47,-0.18621184199999963,-0.25551877199999984,0.069306931,0.0
probe_1p0nm,1.0,0.49,-0.4987008519999998,-0.5581067920000002,0.05940594,0.0
probe_1p0nm,1.0,0.51,-0.23963471300000005,-0.28913966400000013,0.04950495,0.0
probe_1p0nm,1.0,0.53,0.24095875299999991,0.18155281200000006,0.059405940000000004,0.0
probe_1p0nm,1.0,0.55,0.09975100999999997,0.04034506900000001,0.05940594,0.0
probe_1p0nm,1.0,0.57,0.17578211800000001,0.04706924699999998,0.128712871,0.0
probe_1p0nm,1.0,0.59,0.188859921,0.040345069,0.148514851,0.0
probe_1p0nm,1.0,0.61,0.27738590100000005,0.18827698999999998,0.089108911,0.0
probe_1p0nm,1.0,0.63,-0.07973665399999996,-0.20844952500000002,0.128712871,0.0
probe_1p0nm,1.0,0.65,0.37115384100000004,0.26224295,0.108910891,0.0
probe_1p0nm,1.0,0.67,0.9897782369999999,0.880867346,0.108910891,0.0
probe_1p0nm,1.0,0.69,0.22041566300000004,0.14120774199999997,0.079207921,0.0
probe_1p0nm,1.0,0.71,-0.6204771680000001,-0.7194870700000001,0.099009901,0.0
probe_1p0nm,1.0,0.73,-0.5326922970000001,-0.611900218,0.079207921,0.0
probe_1p0nm,1.0,0.75,0.15672124800000004,0.08741431699999996,0.069306931,0.0
probe_1p0nm,1.0,0.77,0.6036938219999999,0.524485901,0.07920792099999999,0.0
probe_1p0nm,1.0,0.79,0.029332415999999917,-0.020172533999999964,0.04950495,0.0
probe_1p0nm,1.0,0.81,0.4419429910000001,0.3429330890000001,0.09900990100000001,0.0
probe_1p0nm,1.0,0.83,-0.654468614,-0.7732804959999999,0.11881188100000001,0.0
probe_1p0nm,1.0,0.85,-0.542963841,-0.632072753,0.089108911,0.0
probe_1p0nm,1.0,0.87,0.2362997229999999,0.10758685200000007,0.128712871,0.0
probe_1p0nm,1.0,0.89,0.45745649499999996,0.28913966300000005,0.16831683199999997,0.0
probe_1p0nm,1.0,0.91,0.5654139009999999,0.41689904899999997,0.14851485199999997,0.0
probe_1p0nm,1.0,0.93,-0.573778475,-0.6925903560000001,0.11881188099999998,0.0
probe_1p0nm,1.0,0.95,0.20622619900000005,0.08741431599999999,0.11881188099999998,0.0
probe_1p0nm,1.0,0.97,-0.10663336599999995,-0.23534623800000004,0.12871287100000003,0.0
probe_1p0nm,1.0,0.99,0.058294277000000005,-0.060517604,0.11881188100000001,0.0
probe_1p0nm,1.0,1.01,0.32016667400000004,0.18155281199999998,0.138613861,0.0
probe_1p0nm,1.0,1.03,0.49780156499999995,0.32948473300000003,0.168316832,0.0
probe_1p0nm,1.0,1.05,-1.4352143960000001,-1.593630237,0.158415842,0.0
probe_1p0nm,1.0,1.07,-1.533270812,-1.721389624,0.188118812,0.0
probe_1p0nm,1.0,1.09,-0.30629356399999996,-0.5043133670000002,0.198019802,0.0
probe_1p0nm,1.0,1.11,0.15057999999999994,-0.06724178199999997,0.21782178200000002,0.0
probe_1p0nm,1.0,1.13,0.5370349699999999,0.309312198,0.22772277200000002,0.0
probe_1p0nm,1.0,1.15,0.5872810289999999,0.34965726699999994,0.23762376200000002,0.0
probe_1p0nm,1.0,1.17,-0.555458712,-0.773280495,0.21782178200000002,0.0
probe_1p0nm,1.0,1.19,-0.05555747700000002,-0.295863842,0.237623763,0.002682603
probe_1p0nm,1.0,1.21,0.3772379440000001,0.19500116899999997,0.17821782200000003,0.004018953
probe_1p0nm,1.0,1.23,0.06535407599999998,-0.14793192100000002,0.20792079200000002,0.005365205
probe_1p0nm,1.0,1.25,-0.9663552419999999,-1.1700070100000002,0.19801980199999997,0.005631966
probe_1p0nm,1.0,1.27,-1.5293808629999999,-1.714665445,0.17821782199999997,0.007066761
probe_1p0nm,1.0,1.29,-1.023585279,-1.12966194,0.09900990099999996,0.007066761
probe_1p0nm,1.0,1.31,0.26128046100000013,0.12775938600000003,0.12871287199999998,0.004808204
probe_1p0nm,1.0,1.33,-0.45976050700000004,-0.585003504,0.11881188099999995,0.006431117
probe_1p0nm,1.0,1.35,0.598755568,0.463968297,0.12871287199999998,0.006074399
probe_1p0nm,1.0,1.37,1.1752241959999998,1.001902554,0.16831683099999994,0.005004809
probe_1p0nm,1.0,1.39,0.759782272,0.598451861,0.15841584200000003,0.002914569
probe_1p0nm,1.0,1.41,0.934407313,0.706038713,0.22772277200000002,0.000645827
probe_1p0nm,1.0,1.43,0.325199598,0.09413849499999993,0.22772277200000002,0.003338331
probe_1p0nm,1.0,1.45,-0.8344051320000001,-1.089316871,0.24752475300000004,0.007386987
probe_1p0nm,1.0,1.47,-0.8010353670000001,-1.116213584,0.306930694,0.008247525
probe_1p0nm,1.0,1.49,-0.7958743699999999,-1.143110297,0.336633664,0.010602263
probe_1p0nm,1.0,1.51,0.13213523299999985,-0.23534623799999999,0.356435644,0.011045827
probe_1p0nm,1.0,1.53,-0.824251296,-1.270869683,0.435643564,0.010974823
probe_1p0nm,1.0,1.55,-2.2014902999999997,-2.64260204,0.425742574,0.015369165
probe_1p0nm,1.0,1.57,-0.970016048,-1.4053532469999999,0.415841584,0.019495615
probe_1p0nm,1.0,1.59,0.584056407,0.134483565,0.425742575,0.023830269
probe_1p0nm,1.0,1.61,0.940334427,0.40345069299999997,0.504950495,0.031933239
probe_1p0nm,1.0,1.63,1.1112030400000001,0.504313366,0.574257426,0.032632249
probe_1p0nm,1.0,1.65,-0.2766161269999998,-0.8943157030000001,0.584158416,0.03354116
probe_1p0nm,1.0,1.67,-0.37409613099999994,-1.048971802,0.643564357,0.031311315
probe_1p0nm,1.0,1.69,0.565796832,-0.06724178300000005,0.603960396,0.029078218
probe_1p0nm,1.0,1.71,-1.399070988,-2.030701822,0.613861386,0.017769448
probe_1p0nm,1.0,1.73,-0.5630559239999999,-1.190179545,0.613861387,0.013262235
probe_1p0nm,1.0,1.75,-0.7613358329999999,-1.418801604,0.643564357,0.013901414
probe_1p0nm,1.0,1.77,-0.05923491699999994,-0.8001772079999999,0.732673267,0.008269024
probe_1p0nm,1.0,1.79,-0.30835171399999983,-1.1632828309999999,0.8514851489999999,0.003445969
probe_1p0nm,1.0,1.81,-0.7317076130000001,-1.701217089,0.96039604,0.009113437
probe_1p0nm,1.0,1.83,-0.3327468439999999,-1.3246631089999998,0.98019802,0.011718246
probe_1p0nm,1.0,1.85,1.124092,0.17482863300000007,0.940594059,0.008669307
probe_1p0nm,1.0,1.87,-0.22549784399999995,-1.035523446,0.821782178,-0.011756578
probe_1p0nm,1.0,1.89,1.941654019,1.12966194,0.821782178,-0.009790099
probe_1p0nm,1.0,1.91,0.7261063249999999,-0.080690139,0.801980198,0.004816265
probe_1p0nm,1.0,1.93,-0.5120719949999999,-1.344835643,0.8316831689999999,0.00108048
probe_1p0nm,1.0,1.95,-0.6884162890000001,-1.438974138,0.752475247,-0.001917398
probe_1p0nm,1.0,1.97,-0.9677826620000001,-1.633975307,0.683168317,-0.016975672
probe_1p0nm,1.0,1.99,-1.014037751,-1.580181881,0.584158416,-0.018014286
probe_1p0nm,1.0,2.01,0.6704496259999999,0.127759387,0.564356436,-0.021666196
probe_1p0nm,1.0,2.03,0.6286355240000001,0.09413849600000002,0.554455446,-0.019958417
probe_1p0nm,1.0,2.05,1.754599236,1.277593862,0.495049505,-0.018044131
probe_1p0nm,1.0,2.07,0.48964631000000014,-0.04706924800000001,0.554455445,-0.017739888
probe_1p0nm,1.0,2.09,-0.9429148750000003,-1.438974139,0.534653465,-0.038594202
probe_1p0nm,1.0,2.11,-0.5121641769999998,-0.927936595,0.445544555,-0.029772137
probe_1p0nm,1.0,2.13,0.1072056990000001,-0.36982980200000004,0.495049505,-0.018014004
probe_1p0nm,1.0,2.15,-1.244649232,-1.674320377,0.445544555,-0.01587341
probe_1p0nm,1.0,2.17,-0.836418635,-1.149834475,0.33663366299999997,-0.023217823
probe_1p0nm,1.0,2.19,-0.4110021369999999,-0.7732804950000001,0.386138614,-0.023860256
probe_1p0nm,1.0,2.21,-0.5288883470000001,-0.94138495,0.435643565,-0.02314696
probe_1p0nm,1.0,2.23,-1.0897012799999999,-1.452422495,0.396039604,-0.033318389
probe_1p0nm,1.0,2.25,-0.726118884,-1.176731188,0.465346535,-0.01473423
probe_1p0nm,1.0,2.27,2.136160576,1.761734694,0.38613861399999994,-0.011712731
probe_1p0nm,1.0,2.29,1.78876646,1.3582839999999998,0.445544555,-0.015062095
probe_1p0nm,1.0,2.31,0.846667283,0.36982980200000004,0.47524752400000003,0.001589956
probe_1p0nm,1.0,2.33,-2.572259869,-2.884672455,0.30693069300000003,0.005481894
probe_1p0nm,1.0,2.35,-2.98875608,-3.308295683,0.297029703,0.0225099
probe_1p0nm,1.0,2.37,-1.427016938,-1.8222522970000001,0.38613861400000005,0.009096745
probe_1p0nm,1.0,2.39,1.7951974439999998,1.351559822,0.425742575,0.017895048
probe_1p0nm,1.0,2.41,0.940992842,0.403450693,0.5247524750000001,0.012789673
probe_1p0nm,1.0,2.43,0.6587159359999999,0.14793192100000002,0.4752475250000001,0.03553649
probe_1p0nm,1.0,2.45,0.9397357120000001,0.5043133660000001,0.41584158400000004,0.019580762
probe_1p0nm,1.0,2.47,-0.361913886,-0.766556317,0.37623762400000005,0.028404807
probe_1p0nm,1.0,2.49,0.25675648800000006,-0.154656099,0.39603960399999993,0.015372982
probe_1p5nm,1.5,0.01,0.0,0.0,0.0,0.0
probe_1p5nm,1.5,0.03,0.0,0.0,0.0,0.0
probe_1p5nm,1.5,0.05,0.0,0.0,0.0,0.0
probe_1p5nm,1.5,0.07,0.0,0.0,0.0,0.0
probe_1p5nm,1.5,0.09,0.0,0.0,0.0,0.0
probe_1p5nm,1.5,0.11,0.0,0.0,0.0,0.0
probe_1p5nm,1.5,0.13,0.0,0.0,0.0,0.0
probe_1p5nm,1.5,0.15,0.0,0.0,0.0,0.0
probe_1p5nm,1.5,0.17,0.0,0.0,0.0,0.0
probe_1p5nm,1.5,0.19,0.0,0.0,0.0,0.0
probe_1p5nm,1.5,0.21,0.0,0.0,0.0,0.0
probe_1p5nm,1.5,0.23,-0.08741431700000002,-0.08741431700000002,0.0,0.0
probe_1p5nm,1.5,0.25,0.033620890999999986,0.033620890999999986,0.0,0.0
probe_1p5nm,1.5,0.27,-0.12103520799999945,-0.12103520799999945,0.0,0.0
probe_1p5nm,1.5,0.29,-0.16138027700000013,-0.16138027700000013,0.0,0.0
probe_1p5nm,1.5,0.31,0.07396596,0.07396596,0.0,0.0
probe_1p5nm,1.5,0.33,-0.033620890999999986,-0.033620890999999986,0.0,0.0
probe_1p5nm,1.5,0.35,0.01344835599999994,0.013448357000000022,0.0,0.0
probe_1p5nm,1.5,0.37,0.2689671290000001,0.2689671290000001,0.0,0.0
probe_1p5nm,1.5,0.39,-0.009900989999999998,0.0,-0.00990099,0.0
probe_1p5nm,1.5,0.41,-0.23460512900000002,-0.19500116899999997,-0.03960396,0.0
probe_1p5nm,1.5,0.43,-0.15073817899999997,-0.12103520800000012,-0.02970297,0.0
probe_1p5nm,1.5,0.45,0.4013855450000001,0.4706924749999999,-0.069306931,0.0
probe_1p5nm,1.5,0.47,-0.3683475839999999,-0.2891396639999999,-0.079207921,0.0
probe_1p5nm,1.5,0.49,-0.10499297099999971,0.033620890999999986,-0.138613861,0.0
probe_1p5nm,1.5,0.51,-0.16868738599999977,-0.020172535000000158,-0.148514852,0.0
probe_1p5nm,1.5,0.53,0.2517590299999999,0.41017487100000005,-0.158415842,0.0
probe_1p5nm,1.5,0.55,0.165085822,0.363105624,-0.198019802,0.0
probe_1p5nm,1.5,0.57,-0.016837545000000002,0.161380277,-0.17821782199999997,0.0
probe_1p5nm,1.5,0.59,0.426958218,0.6051760399999999,-0.17821782199999997,0.0
probe_1p5nm,1.5,0.61,0.25287069300000004,0.470692475,-0.21782178199999996,0.0
probe_1p5nm,1.5,0.63,0.08831360399999999,0.31603637599999995,-0.22772277200000002,0.0
probe_1p5nm,1.5,0.65,-0.06560138599999998,0.20172534599999992,-0.267326733,0.0
probe_1p5nm,1.5,0.67,0.5130484949999998,0.8001772070000001,-0.287128713,0.0
probe_1p5nm,1.5,0.69,-0.04468774299999989,0.26224294999999986,-0.306930693,0.0
probe_1p5nm,1.5,0.71,-0.15190403899999994,0.17482863299999996,-0.326732673,0.0
probe_1p5nm,1.5,0.73,-0.11717148500000008,0.268967129,-0.386138614,0.0
probe_1p5nm,1.5,0.75,-0.36485441499999993,0.080690139,-0.445544554,0.0
probe_1p5nm,1.5,0.77,0.22089019799999987,0.7060387130000001,-0.48514851499999995,0.0
probe_1p5nm,1.5,0.79,0.13141073299999995,0.685866179,-0.5544554460000001,0.0
probe_1p5nm,1.5,0.81,0.08825940600000015,0.6724178220000001,-0.584158416,0.0
probe_1p5nm,1.5,0.83,-0.29464819800000003,0.309312198,-0.603960397,0.0
probe_1p5nm,1.5,0.85,-0.08619867299999995,0.517761723,-0.603960396,0.0
probe_1p5nm,1.5,0.87,1.123412297,1.687768733,-0.564356436,0.0
probe_1p5nm,1.5,0.89,0.4067314850000001,0.9413849510000001,-0.534653465,0.0
probe_1p5nm,1.5,0.91,-0.11383649499999993,0.45051993999999995,-0.5643564360000001,0.0
probe_1p5nm,1.5,0.93,-0.563615326,0.04034506999999998,-0.6039603960000001,0.0
probe_1p5nm,1.5,0.95,-0.6344044749999999,-0.04034506999999998,-0.5940594060000001,0.0
probe_1p5nm,1.5,0.97,-0.5438133460000001,0.04034506900000001,-0.584158416,0.0
probe_1p5nm,1.5,0.99,-0.11346594099999996,0.470692476,-0.584158416,0.0
probe_1p5nm,1.5,1.01,0.33424774300000004,0.948109129,-0.613861386,0.0
probe_1p5nm,1.5,1.03,0.499545941,1.143110298,-0.643564356,0.0
probe_1p5nm,1.5,1.05,-0.7776773659999999,-0.11431103000000001,-0.663366337,0.0
probe_1p5nm,1.5,1.07,0.22777255400000002,0.901039881,-0.673267327,0.0
probe_1p5nm,1.5,1.09,0.880017842,1.553285168,-0.673267327,0.0
probe_1p5nm,1.5,1.11,0.7996982579999999,1.4927675640000002,-0.6930693069999999,0.0
probe_1p5nm,1.5,1.13,0.194892772,0.907764059,-0.7128712869999999,0.0
probe_1p5nm,1.5,1.15,-0.568116179,0.154656099,-0.7227722769999999,0.0
probe_1p5nm,1.5,1.17,-0.765923604,-0.013448356999999994,-0.752475248,0.0
probe_1p5nm,1.5,1.19,0.17546134599999996,0.927936594,-0.752475247,0.0
probe_1p5nm,1.5,1.21,0.7955679610000002,1.627251129,-0.831683168,0.0
probe_1p5nm,1.5,1.23,0.2858080929999999,1.09604105,-0.811881188,0.001648232
probe_1p5nm,1.5,1.25,-0.5171753720000001,0.322760555,-0.841584159,0.001648232
probe_1p5nm,1.5,1.27,-0.974419491,-0.13448356400000006,-0.8415841580000001,0.001648232
probe_1p5nm,1.5,1.29,-0.550055155,0.32948473300000003,-0.8811881180000001,0.001648232
probe_1p5nm,1.5,1.31,0.5970375870000001,1.486043386,-0.8910891089999999,0.00208331
probe_1p5nm,1.5,1.33,0.166690181,1.055695981,-0.8910891089999999,0.00208331
probe_1p5nm,1.5,1.35,0.17935106700000003,1.116213584,-0.9405940590000001,0.003731542
probe_1p5nm,1.5,1.37,0.11407294199999995,1.042247623,-0.93069307,0.002518388
probe_1p5nm,1.5,1.39,-0.3736152559999999,0.5446584350000001,-0.9207920789999999,0.002518388
probe_1p5nm,1.5,1.41,-0.1716338719999999,0.726211248,-0.9009900989999999,0.003144979
probe_1p5nm,1.5,1.43,0.517678181,1.486043386,-0.97029703,0.001931825
probe_1p5nm,1.5,1.45,-0.526605386,0.457244119,-0.98019802,-0.003651485
probe_1p5nm,1.5,1.47,-0.08816458599999999,0.853970634,-0.940594059,-0.00154116
probe_1p5nm,1.5,1.49,0.01184887400000001,0.9481091289999999,-0.930693069,-0.005567185
probe_1p5nm,1.5,1.51,1.11839325,2.097943604,-0.9702970300000001,-0.009253324
probe_1p5nm,1.5,1.53,-0.458763629,0.544658436,-1.0,-0.003422065
probe_1p5nm,1.5,1.55,-1.2065804690000002,-0.121035208,-1.079207921,-0.006337341
probe_1p5nm,1.5,1.57,-1.8228081530000002,-0.712762891,-1.1089108909999998,-0.001134371
probe_1p5nm,1.5,1.59,-0.783972696,0.443795763,-1.227722772,-4.5686e-05
probe_1p5nm,1.5,1.61,0.172277907,1.479319208,-1.306930693,-0.000110608
probe_1p5nm,1.5,1.63,-0.0574415989999999,1.24397297,-1.306930693,0.005516124
probe_1p5nm,1.5,1.65,-1.1284307149999997,0.242070415,-1.3762376239999998,0.005736492
probe_1p5nm,1.5,1.67,-0.5264512559999999,0.827073921,-1.3564356430000002,0.002910467
probe_1p5nm,1.5,1.69,1.307475115,2.682947108,-1.386138614,0.010666619
probe_1p5nm,1.5,1.71,0.321217278,1.7751830499999999,-1.4653465350000001,0.011380764
probe_1p5nm,1.5,1.73,-0.6488723909999999,0.874143168,-1.5346534649999999,0.011637906
probe_1p5nm,1.5,1.75,-1.0038367299999997,0.524485901,-1.5445544549999997,0.016231824
probe_1p5nm,1.5,1.77,0.5844540200000001,2.138288673,-1.5643564360000002,0.010521782
probe_1p5nm,1.5,1.79,-0.8914939829999997,0.6119002179999999,-1.504950495,0.001556294
probe_1p5nm,1.5,1.81,-1.9269934430000002,-0.37655398100000004,-1.5544554460000002,0.004015983
probe_1p5nm,1.5,1.83,-1.5517229739999998,0.04706924699999998,-1.603960396,0.005168175
probe_1p5nm,1.5,1.85,0.34885541099999995,2.044150178,-1.693069307,-0.00222546
probe_1p5nm,1.5,1.87,-0.05274284299999987,1.781907227,-1.841584159,0.006934087
probe_1p5nm,1.5,1.89,2.345771739,4.236232277,-1.8910891090000002,0.000628571
probe_1p5nm,1.5,1.91,1.955029156,3.906747544,-1.9504950489999997,-0.001223339
probe_1p5nm,1.5,1.93,0.154248927,2.138288674,-1.980198019,-0.003841726
probe_1p5nm,1.5,1.95,-0.639521624,1.3313872869999999,-1.9702970299999998,-0.000611882
probe_1p5nm,1.5,1.97,-1.484018337,0.632072753,-2.099009901,-0.017081189
probe_1p5nm,1.5,1.99,-1.026237163,1.203627901,-2.227722772,-0.002142292
probe_1p5nm,1.5,2.01,-0.5751505130000001,1.694492911,-2.2574257419999997,-0.012217681
probe_1p5nm,1.5,2.03,-1.2870558399999998,1.09604105,-2.356435643,-0.026661245
probe_1p5nm,1.5,2.05,-0.8399062320000001,1.687768733,-2.4851485149999997,-0.042526451
probe_1p5nm,1.5,2.07,0.7151563380000001,3.214157188,-2.4653465349999997,-0.033654315
probe_1p5nm,1.5,2.09,1.1776473399999998,3.731918911,-2.534653465,-0.019618106
probe_1p5nm,1.5,2.11,1.6014733110000001,4.2227839199999995,-2.6039603959999997,-0.017350213
probe_1p5nm,1.5,2.13,1.290211609,3.913471723,-2.6039603959999997,-0.019299718
probe_1p5nm,1.5,2.15,-0.31966644600000005,2.326565663,-2.6237623759999997,-0.022469732
probe_1p5nm,1.5,2.17,-2.127582601,0.558106792,-2.683168317,-0.002521076
probe_1p5nm,1.5,2.19,0.10257871400000007,2.743464713,-2.623762376,-0.017123622
probe_1p5nm,1.5,2.21,-2.024198568,0.544658436,-2.544554455,-0.024302547
probe_1p5nm,1.5,2.23,-2.76579519,-0.11431102899999998,-2.633663366,-0.017820794
probe_1p5nm,1.5,2.25,-2.327402619,0.16810445499999999,-2.4950495050000003,-0.000457569
probe_1p5nm,1.5,2.27,1.4843915989999998,3.8529541189999996,-2.376237624,0.007675104
probe_1p5nm,1.5,2.29,2.822687908,5.096927089,-2.2871287129999995,0.012889531
probe_1p5nm,1.5,2.31,2.3495185640000003,4.56571701,-2.2376237629999998,0.021425316
probe_1p5nm,1.5,2.33,-1.917182854,0.309312198,-2.2475247520000003,0.021029701
probe_1p5nm,1.5,2.35,-1.8873294020000002,0.20844952500000002,-2.118811881,0.023032954
probe_1p5nm,1.5,2.37,0.16815412500000004,2.165185386,-2.0396039609999996,0.042572699
probe_1p5nm,1.5,2.39,1.8750042209999997,3.826057406,-2.0,0.048946815
probe_1p5nm,1.5,2.41,0.669967364,2.434152515,-1.811881188,0.047696037
probe_1p5nm,1.5,2.43,-0.23955798000000006,1.445698317,-1.732673267,0.047416971
probe_1p5nm,1.5,2.45,0.20233386400000009,1.8558731880000001,-1.7128712869999998,0.059331964
probe_1p5nm,1.5,2.47,-1.5854554479999998,0.0,-1.643564357,0.058108908
probe_1p5nm,1.5,2.49,-1.004965765,0.32948473300000003,-1.425742574,0.091292076
probe_2p0nm,2.0,0.01,0.0,0.0,0.0,0.0
probe_2p0nm,2.0,0.03,0.0,0.0,0.0,0.0
probe_2p0nm,2.0,0.05,0.0,0.0,0.0,0.0
probe_2p0nm,2.0,0.07,0.0,0.0,0.0,0.0
probe_2p0nm,2.0,0.09,0.0,0.0,0.0,0.0
probe_2p0nm,2.0,0.11,0.0,0.0,0.0,0.0
probe_2p0nm,2.0,0.13,0.0,0.0,0.0,0.0
probe_2p0nm,2.0,0.15,0.0,0.0,0.0,0.0
probe_2p0nm,2.0,0.17,0.0,0.0,0.0,0.0
probe_2p0nm,2.0,0.19,0.0,0.0,0.0,0.0
probe_2p0nm,2.0,0.21,0.0,0.0,0.0,0.0
probe_2p0nm,2.0,0.23,0.06051760399999995,0.06051760399999995,0.0,0.0
probe_2p0nm,2.0,0.25,0.1950011680000001,0.1950011680000001,0.0,0.0
probe_2p0nm,2.0,0.27,-0.168104456,-0.168104456,0.0,0.0
probe_2p0nm,2.0,0.29,-0.302217465,-0.282415485,-0.01980198,0.0
probe_2p0nm,2.0,0.31,-0.10366893099999996,-0.07396596099999997,-0.029702970000000002,0.0
probe_2p0nm,2.0,0.33,-0.10049211899999999,-0.08069013800000002,-0.01980198,0.0
probe_2p0nm,2.0,0.35,-0.11394047500000004,-0.09413849500000004,-0.01980198,0.0
probe_2p0nm,2.0,0.37,0.282786039,0.30258802000000007,-0.01980198,0.0
probe_2p0nm,2.0,0.39,0.05098716800000003,0.08069013800000002,-0.029702970000000002,0.0
probe_2p0nm,2.0,0.41,0.105151148,0.15465609900000005,-0.04950495,0.0
probe_2p0nm,2.0,0.43,0.04463354399999997,0.09413849499999993,-0.04950495,0.0
probe_2p0nm,2.0,0.45,0.40456235600000023,0.4639682970000001,-0.05940594,0.0
probe_2p0nm,2.0,0.47,-0.02223768299999973,0.047069247000000036,-0.069306931,0.0
probe_2p0nm,2.0,0.49,-0.5700729309999999,-0.49086501000000027,-0.079207921,0.0
probe_2p0nm,2.0,0.51,-0.4529556429999997,-0.4034506939999998,-0.049504951000000005,0.0
probe_2p0nm,2.0,0.53,-0.21332093000000008,-0.11431102999999987,-0.09900990100000001,0.0
probe_2p0nm,2.0,0.55,-0.16307487100000007,-0.07396596099999997,-0.08910891100000001,0.0
probe_2p0nm,2.0,0.57,-0.026155604,0.013448355999999995,-0.03960396000000001,0.0
probe_2p0nm,2.0,0.59,0.279609228,0.30931219800000004,-0.02970297000000001,0.0
probe_2p0nm,2.0,0.61,0.33022584200000005,0.369829802,-0.03960396000000001,0.0
probe_2p0nm,2.0,0.63,0.35712255400000004,0.39672651499999995,-0.03960396000000001,0.0
probe_2p0nm,2.0,0.65,0.5762141780000001,0.6455211089999999,-0.069306931,0.0
probe_2p0nm,2.0,0.67,0.19330657399999995,0.282415485,-0.089108911,0.0
probe_2p0nm,2.0,0.69,0.09879752499999994,0.16810445499999993,-0.069306931,0.0
probe_2p0nm,2.0,0.71,-0.584262396,-0.5446584360000001,-0.03960396100000001,0.0
probe_2p0nm,2.0,0.73,-0.46322718800000007,-0.42362322799999996,-0.03960396000000001,0.0
probe_2p0nm,2.0,0.75,-0.8295096229999999,-0.7800046730000001,-0.049504950000000006,0.0
probe_2p0nm,2.0,0.77,0.13840148499999994,0.168104456,-0.02970297000000001,0.0
probe_2p0nm,2.0,0.79,0.20283700999999998,0.26224295100000006,-0.059405941000000004,0.0
probe_2p0nm,2.0,0.81,1.06633808,1.096041049,-0.029702970999999995,0.0
probe_2p0nm,2.0,0.83,-0.16773390100000002,-0.14793192100000002,-0.019801980999999996,0.0
probe_2p0nm,2.0,0.85,-0.33303209899999997,-0.34293308899999997,0.009900989999999998,0.0
probe_2p0nm,2.0,0.87,0.644409446,0.5850035050000001,0.05940593999999999,0.0
probe_2p0nm,2.0,0.89,0.06819526799999998,-0.06051760399999995,0.12871287199999998,0.0
probe_2p0nm,2.0,0.91,0.37004217800000005,0.20172534599999992,0.16831683199999997,0.0
probe_2p0nm,2.0,0.93,-0.7528955840000001,-0.921212416,0.16831683199999997,0.0
probe_2p0nm,2.0,0.95,-0.158361643,-0.356381446,0.19801980199999997,0.0
probe_2p0nm,2.0,0.97,-0.4011731679999999,-0.6387969310000001,0.23762376200000002,0.0
probe_2p0nm,2.0,0.99,0.17599449500000008,-0.12103520799999995,0.297029703,0.0
probe_2p0nm,2.0,1.01,-0.157037604,-0.463968297,0.306930693,0.0
probe_2p0nm,2.0,1.03,-0.02292459400000002,-0.349657267,0.326732673,0.0
probe_2p0nm,2.0,1.05,-0.873347861,-1.1901795439999998,0.316831683,0.0
probe_2p0nm,2.0,1.07,-0.789110357,-1.09604105,0.306930693,0.0
probe_2p0nm,2.0,1.09,0.45486261400000005,0.14793191999999988,0.306930693,0.0
probe_2p0nm,2.0,1.11,1.4283862379999999,1.042247624,0.386138614,0.0
probe_2p0nm,2.0,1.13,1.5525982569999999,1.156558653,0.396039604,0.0
probe_2p0nm,2.0,1.15,0.07571475199999989,-0.36982980200000004,0.445544554,0.0
probe_2p0nm,2.0,1.17,-0.8561397620000001,-1.331387287,0.475247524,0.0
probe_2p0nm,2.0,1.19,-0.6037978020000001,-1.069144337,0.46534653499999995,0.0
probe_2p0nm,2.0,1.21,0.17059435700000014,-0.235346237,0.405940594,0.0
probe_2p0nm,2.0,1.23,0.580028119,0.134483564,0.445544554,0.0
probe_2p0nm,2.0,1.25,-0.43288708900000006,-0.9279365940000001,0.495049505,0.0
probe_2p0nm,2.0,1.27,-0.843432515,-1.358284,0.514851486,0.0
probe_2p0nm,2.0,1.29,-0.662991367,-1.2372487920000002,0.574257426,0.0
probe_2p0nm,2.0,1.31,0.6340339210000001,0.020172535000000047,0.613861386,0.0
probe_2p0nm,2.0,1.33,-0.21432419800000002,-0.8875915240000001,0.6732673269999999,0.0
probe_2p0nm,2.0,1.35,0.6977283369999999,0.07396596099999997,0.623762376,0.0
probe_2p0nm,2.0,1.37,0.46799461399999986,-0.21517370300000005,0.6831683169999999,0.0
probe_2p0nm,2.0,1.39,1.068511624,0.316036376,0.752475248,0.0
probe_2p0nm,2.0,1.41,-0.086352435,-0.927936594,0.8415841580000001,0.0
probe_2p0nm,2.0,1.43,0.48054368300000005,-0.4303474060000001,0.910891089,0.0
probe_2p0nm,2.0,1.45,-0.6459414460000001,-1.566733525,0.920792079,0.0
probe_2p0nm,2.0,1.47,-0.544125288,-1.593630238,1.0495049509999999,0.0
probe_2p0nm,2.0,1.49,-0.662354237,-1.741562158,1.079207921,0.0
probe_2p0nm,2.0,1.51,0.016417207999999794,-1.082592693,1.099009901,0.0
probe_2p0nm,2.0,1.53,-0.08873394000000001,-1.237248792,1.1485148509999998,0.0
probe_2p0nm,2.0,1.55,-0.617137762,-1.7953555840000002,1.178217822,0.0
probe_2p0nm,2.0,1.57,-0.14083277199999994,-1.3784565340000001,1.237623762,0.0
probe_2p0nm,2.0,1.59,-0.496843664,-1.714665445,1.217821783,0.0
probe_2p0nm,2.0,1.61,0.05978091100000005,-1.237248792,1.297029703,0.0
probe_2p0nm,2.0,1.63,0.528991168,-0.8472464559999999,1.3762376239999998,0.0
probe_2p0nm,2.0,1.65,0.40832651500000006,-0.948109129,1.356435643,0.0
probe_2p0nm,2.0,1.67,0.7062555050000001,-0.719487069,1.4257425750000001,0.0
probe_2p0nm,2.0,1.69,0.783398277,-0.6522452879999999,1.4356435639999998,0.0
probe_2p0nm,2.0,1.71,-0.78052899,-2.2458755249999998,1.465346534,0.0
probe_2p0nm,2.0,1.73,-0.911835743,-2.387083268,1.475247525,0.0
probe_2p0nm,2.0,1.75,-0.27584506899999994,-1.721389624,1.4455445550000001,0.0
probe_2p0nm,2.0,1.77,0.933395347,-0.571555149,1.504950495,0.0
probe_2p0nm,2.0,1.79,0.42442295100000005,-1.149834475,1.574257426,0.0
probe_2p0nm,2.0,1.81,-1.111641808,-2.736740535,1.623762376,0.001336351
probe_2p0nm,2.0,1.83,1.0072154400000002,-0.5782793270000001,1.584158416,0.001336351
probe_2p0nm,2.0,1.85,0.6448509250000001,-0.9010398819999998,1.544554455,0.001336351
probe_2p0nm,2.0,1.87,-0.36356119899999984,-1.8289764759999998,1.465346534,6.8741e-05
probe_2p0nm,2.0,1.89,2.615867205,1.217076257,1.3960396039999998,0.002751344
probe_2p0nm,2.0,1.91,0.297414104,-1.089316872,1.386138614,0.000592362
probe_2p0nm,2.0,1.93,-1.010240971,-2.279496416,1.267326733,0.001928713
probe_2p0nm,2.0,1.95,-2.113734996,-3.3150198609999997,1.1980198020000001,0.003265064
probe_2p0nm,2.0,1.97,-0.8987100509999999,-2.0105292869999998,1.108910891,0.002908345
probe_2p0nm,2.0,1.99,-1.302680899,-2.2458755239999997,0.9405940589999999,0.002600566
probe_2p0nm,2.0,2.01,-0.4373451210000001,-1.344835643,0.9009900989999999,0.006500424
probe_2p0nm,2.0,2.03,-0.5961268459999999,-1.4793192069999999,0.8811881189999999,0.002004243
probe_2p0nm,2.0,2.05,0.27066488600000005,-0.531210079,0.8019801980000001,-0.000105233
probe_2p0nm,2.0,2.07,0.3957190460000002,-0.41017487099999994,0.801980198,0.00391372
probe_2p0nm,2.0,2.09,-0.3147055900000002,-1.062420159,0.742574257,0.005140311
probe_2p0nm,2.0,2.11,1.6919528990000001,1.008626732,0.673267327,0.01005884
probe_2p0nm,2.0,2.13,0.1956787470000001,-0.5312100790000001,0.712871287,0.014017539
probe_2p0nm,2.0,2.15,-1.490115771,-2.185357921,0.683168317,0.012073833
probe_2p0nm,2.0,2.17,-1.7638945229999998,-2.434152515,0.653465346,0.016792645
probe_2p0nm,2.0,2.19,-0.8818800339999999,-1.586906059,0.683168317,0.021857709
probe_2p0nm,2.0,2.21,-1.4781452080000002,-2.171909564,0.663366337,0.03039802
probe_2p0nm,2.0,2.23,-2.709336883,-3.388985822,0.653465347,0.026183592
probe_2p0nm,2.0,2.25,-0.39275251499999997,-1.089316872,0.663366336,0.03319802
probe_2p0nm,2.0,2.27,0.7385070379999998,0.02689671299999996,0.6831683169999999,0.028442008
probe_2p0nm,2.0,2.29,1.4841834939999998,0.6387969309999999,0.8118811880000001,0.033505375
probe_2p0nm,2.0,2.31,2.411367046,1.566733525,0.811881188,0.032752333
probe_2p0nm,2.0,2.33,-2.371163016,-3.079673623,0.663366337,0.045144271
probe_2p0nm,2.0,2.35,-0.502493129,-1.297766396,0.732673268,0.0626
probe_2p0nm,2.0,2.37,-0.556153254,-1.512940099,0.891089109,0.065697736
probe_2p0nm,2.0,2.39,0.3440582649999997,-0.665693643,0.95049505,0.059256859
probe_2p0nm,2.0,2.41,-0.224707961,-1.425525782,1.138613861,0.06220396
probe_2p0nm,2.0,2.43,-0.39718421300000006,-1.5263884559999998,1.069306931,0.059897312
probe_2p0nm,2.0,2.45,1.4076575100000002,0.2689671280000001,1.069306931,0.069383451
probe_2p0nm,2.0,2.47,-1.167742145,-2.245875525,1.01980198,0.0583314
probe_2p0nm,2.0,2.49,-0.06196312100000001,-1.203627901,1.0990099009999998,0.042654879
probe_3p0nm,3.0,0.01,0.0,0.0,0.0,0.0
probe_3p0nm,3.0,0.03,0.0,0.0,0.0,0.0
probe_3p0nm,3.0,0.05,0.0,0.0,0.0,0.0
probe_3p0nm,3.0,0.07,0.0,0.0,0.0,0.0
probe_3p0nm,3.0,0.09,0.0,0.0,0.0,0.0
probe_3p0nm,3.0,0.11,0.0,0.0,0.0,0.0
probe_3p0nm,3.0,0.13,0.0,0.0,0.0,0.0
probe_3p0nm,3.0,0.15,0.0,0.0,0.0,0.0
probe_3p0nm,3.0,0.17,0.0,0.0,0.0,0.0
probe_3p0nm,3.0,0.19,0.0,0.0,0.0,0.0
probe_3p0nm,3.0,0.21,0.0,0.0,0.0,0.0
probe_3p0nm,3.0,0.23,0.18827698999999998,0.18827698999999998,0.0,0.0
probe_3p0nm,3.0,0.25,0.2286220590000001,0.2286220590000001,0.0,0.0
probe_3p0nm,3.0,0.27,0.06051760400000017,0.06051760400000017,0.0,0.0
probe_3p0nm,3.0,0.29,-0.1658811280000001,-0.047069247000000036,-0.118811881,0.0
probe_3p0nm,3.0,0.31,-0.27553312900000004,-0.08741431700000002,-0.188118812,0.0
probe_3p0nm,3.0,0.33,-0.379572614,-0.181552812,-0.198019802,0.0
probe_3p0nm,3.0,0.35,-0.231640693,-0.033620890999999986,-0.198019802,0.0
probe_3p0nm,3.0,0.37,-0.01646698999999996,0.18155281199999995,-0.198019802,0.0
probe_3p0nm,3.0,0.39,0.07804205900000005,0.29586384100000007,-0.217821782,0.0
probe_3p0nm,3.0,0.41,0.004446652999999995,0.242070416,-0.237623762,0.0
probe_3p0nm,3.0,0.43,0.15555538599999996,0.383278158,-0.227722772,0.0
probe_3p0nm,3.0,0.45,0.20617200000000002,0.4437957619999999,-0.237623762,0.0
probe_3p0nm,3.0,0.47,0.09858514800000018,0.3362089110000004,-0.237623762,0.0
probe_3p0nm,3.0,0.49,-0.21035649499999964,0.047069247000000036,-0.257425743,0.0
probe_3p0nm,3.0,0.51,-0.23725320799999983,0.020172534000000075,-0.257425743,0.0
probe_3p0nm,3.0,0.53,0.025360297999999837,0.3025880200000002,-0.277227723,0.0
probe_3p0nm,3.0,0.55,-0.196537584,0.08069013800000002,-0.277227723,0.0
probe_3p0nm,3.0,0.57,-0.122942179,0.13448356399999997,-0.257425743,0.0
probe_3p0nm,3.0,0.59,-0.13284316799999998,0.134483564,-0.267326733,0.0
probe_3p0nm,3.0,0.61,0.19383530700000007,0.49086501,-0.297029703,0.0
probe_3p0nm,3.0,0.63,0.3156116240000001,0.652245287,-0.33663366299999997,0.0
probe_3p0nm,3.0,0.65,0.22539104899999995,0.591727683,-0.366336634,0.0
probe_3p0nm,3.0,0.67,0.5587937029999999,0.954833306,-0.396039604,0.0
probe_3p0nm,3.0,0.69,0.5488927130000001,0.9548333069999999,-0.405940594,0.0
probe_3p0nm,3.0,0.71,-0.6749077219999999,-0.2689671290000001,-0.405940594,0.0
probe_3p0nm,3.0,0.73,-1.108061386,-0.672417822,-0.435643564,0.0
probe_3p0nm,3.0,0.75,-0.795201821,-0.349657267,-0.445544554,0.0
probe_3p0nm,3.0,0.77,0.6773932079999999,1.1229377630000001,-0.44554455499999995,0.0
probe_3p0nm,3.0,0.79,0.412714555,0.90776406,-0.49504950499999995,0.0
probe_3p0nm,3.0,0.81,0.2580584560000001,0.75310796,-0.49504950499999995,0.0
probe_3p0nm,3.0,0.83,-0.44088552499999994,0.07396595999999997,-0.514851486,0.0
probe_3p0nm,3.0,0.85,-0.252979089,0.242070416,-0.495049505,0.0
probe_3p0nm,3.0,0.87,0.3348306729999999,0.800177208,-0.465346535,0.0
probe_3p0nm,3.0,0.89,-0.06973168299999988,0.33620891100000005,-0.40594059400000004,0.0
probe_3p0nm,3.0,0.91,0.3708872670000001,0.786728851,-0.41584158400000004,0.0
probe_3p0nm,3.0,0.93,-0.516333703,-0.08069013800000002,-0.43564356400000004,0.0
probe_3p0nm,3.0,0.95,-0.640916277,-0.21517370300000005,-0.42574257400000004,0.0
probe_3p0nm,3.0,0.97,-0.428919386,0.006724178000000025,-0.43564356499999995,0.0
probe_3p0nm,3.0,0.99,0.158890376,0.564830971,-0.405940594,0.0
probe_3p0nm,3.0,1.01,-0.44628566299999994,-0.04034506900000001,-0.405940594,0.0
probe_3p0nm,3.0,1.03,0.356697802,0.7329354260000001,-0.376237624,0.0
probe_3p0nm,3.0,1.05,0.13162310900000002,0.517761723,-0.386138614,0.0
probe_3p0nm,3.0,1.07,-0.18404271299999997,0.22189788100000002,-0.405940594,0.0
probe_3p0nm,3.0,1.09,0.6770226540000001,1.102765227,-0.42574257500000007,0.0
probe_3p0nm,3.0,1.11,0.6168756040000001,1.0624201580000001,-0.44554455400000004,0.0
probe_3p0nm,3.0,1.13,0.12601059400000003,0.571555149,-0.44554455400000004,0.0
probe_3p0nm,3.0,1.15,0.014876375999999913,0.450519941,-0.435643565,0.0
probe_3p0nm,3.0,1.17,-0.542859861,-0.08741431699999999,-0.455445545,0.0
probe_3p0nm,3.0,1.19,-0.01090867299999998,0.48414083099999994,-0.4950495050000001,0.0
probe_3p0nm,3.0,1.21,-0.06565558399999993,0.558106793,-0.6237623760000001,0.0
probe_3p0nm,3.0,1.23,-0.23376004000000017,0.390002337,-0.6237623769999999,0.0
probe_3p0nm,3.0,1.25,-0.39365809900000004,0.309312198,-0.7029702969999999,0.0
probe_3p0nm,3.0,1.27,-0.9170323370000001,-0.15465609900000005,-0.762376237,0.0
probe_3p0nm,3.0,1.29,-0.32456354499999995,0.477416654,-0.8019801980000001,0.0
probe_3p0nm,3.0,1.31,1.340226396,2.171909564,-0.8316831680000001,0.0
probe_3p0nm,3.0,1.33,-0.5460908720000001,0.275691307,-0.8217821780000001,0.0
probe_3p0nm,3.0,1.35,0.0977356439999999,1.008626733,-0.9108910889999999,0.0
probe_3p0nm,3.0,1.37,0.1752489709999998,1.096041049,-0.9207920790000002,0.0
probe_3p0nm,3.0,1.39,0.6063374850000001,1.566733524,-0.9603960389999999,0.0
probe_3p0nm,3.0,1.41,0.24005505000000005,1.21035208,-0.97029703,0.0
probe_3p0nm,3.0,1.43,0.544866396,1.633975307,-1.089108911,0.0
probe_3p0nm,3.0,1.45,-0.84275002,0.295863841,-1.138613861,0.0
probe_3p0nm,3.0,1.47,-0.746546377,0.322760555,-1.0693069300000002,0.0
probe_3p0nm,3.0,1.49,-0.6697741580000001,0.369829802,-1.03960396,0.0
probe_3p0nm,3.0,1.51,-0.1888101390000001,0.860694811,-1.0495049500000002,0.0
probe_3p0nm,3.0,1.53,-0.517553762,0.571555149,-1.0891089109999998,0.0
probe_3p0nm,3.0,1.55,-0.02277083200000002,1.0960410500000002,-1.118811881,0.0
probe_3p0nm,3.0,1.57,0.300360277,1.438974139,-1.1386138620000001,0.0
probe_3p0nm,3.0,1.59,0.6589650490000001,1.916390792,-1.2574257420000001,0.0
probe_3p0nm,3.0,1.61,0.584628535,1.822252297,-1.2376237620000001,0.0
probe_3p0nm,3.0,1.63,-0.10833237699999998,1.109489406,-1.2178217820000001,0.0
probe_3p0nm,3.0,1.65,-0.3978425939999999,0.800177207,-1.1980198020000001,0.0
probe_3p0nm,3.0,1.67,-1.52189202,-0.383278158,-1.138613861,0.0
probe_3p0nm,3.0,1.69,-0.8048406530000001,0.383278158,-1.1881188120000004,0.0
probe_3p0nm,3.0,1.71,-1.5034140800000002,-0.27569130699999994,-1.227722773,0.0
probe_3p0nm,3.0,1.73,-0.633929941,0.524485901,-1.158415841,0.0
probe_3p0nm,3.0,1.75,0.780583188,1.889494079,-1.1089108909999998,0.0
probe_3p0nm,3.0,1.77,1.241004119,2.3400140190000003,-1.099009901,0.0
probe_3p0nm,3.0,1.79,0.5192937230000001,1.499491743,-0.98019802,0.0
probe_3p0nm,3.0,1.81,0.32672825699999997,1.2574213259999998,-0.9306930689999999,0.0
probe_3p0nm,3.0,1.83,-0.38566407999999996,0.56483097,-0.9504950489999999,0.0
probe_3p0nm,3.0,1.85,0.24677922800000007,1.217076257,-0.9702970299999999,0.0
probe_3p0nm,3.0,1.87,-0.55863994,0.49086501,-1.0495049509999999,0.0
probe_3p0nm,3.0,1.89,1.680511406,2.730016356,-1.0495049509999999,0.0
probe_3p0nm,3.0,1.91,0.052519167999999894,1.0624201580000001,-1.0099009900000002,0.0
probe_3p0nm,3.0,1.93,-1.221156773,-0.181552812,-1.03960396,0.0
probe_3p0nm,3.0,1.95,-0.38026394100000005,0.6791419999999999,-1.059405941,0.0
probe_3p0nm,3.0,1.97,-0.39260063300000003,0.726211248,-1.118811881,0.0
probe_3p0nm,3.0,1.99,-0.32816510900000007,0.820349743,-1.1485148520000001,0.0
probe_3p0nm,3.0,2.01,0.6078197029999999,1.647423664,-1.03960396,0.0
probe_3p0nm,3.0,2.03,-0.04442558399999996,0.995178377,-1.03960396,0.0
probe_3p0nm,3.0,2.05,0.658806872,1.7281138020000002,-1.0693069300000002,0.0
probe_3p0nm,3.0,2.07,-0.09578330699999982,0.894315703,-0.9900990100000001,0.0
probe_3p0nm,3.0,2.09,-0.14957673300000018,0.840522277,-0.9900990099999999,0.0
probe_3p0nm,3.0,2.11,0.28749485100000016,1.277593861,-0.9900990099999999,0.0
probe_3p0nm,3.0,2.13,0.14088697000000006,1.02207509,-0.881188119,0.0
probe_3p0nm,3.0,2.15,1.479739544,2.400531623,-0.920792079,0.0
probe_3p0nm,3.0,2.17,-0.42712081199999996,0.4639682970000001,-0.8910891089999999,0.0
probe_3p0nm,3.0,2.19,-0.3850811489999999,0.41689905,-0.801980198,0.0
probe_3p0nm,3.0,2.21,-0.44353360399999997,0.28913966399999996,-0.7326732669999999,0.0
probe_3p0nm,3.0,2.23,-0.16466548599999997,0.558106792,-0.7227722769999999,0.0
probe_3p0nm,3.0,2.25,-0.99676899,-0.36310562399999996,-0.6336633660000001,0.0
probe_3p0nm,3.0,2.27,0.017470256999999823,0.5917276840000001,-0.574257426,0.0
probe_3p0nm,3.0,2.29,0.399636753,0.9144882379999999,-0.5148514849999999,0.0
probe_3p0nm,3.0,2.31,0.934023644,1.438974139,-0.5049504949999999,0.0
probe_3p0nm,3.0,2.33,-0.802508931,-0.20844952399999994,-0.594059406,0.0
probe_3p0nm,3.0,2.35,-0.924655802,-0.390002337,-0.534653465,0.0
probe_3p0nm,3.0,2.37,0.19812378200000003,0.544658435,-0.34653465399999994,0.0
probe_3p0nm,3.0,2.39,1.896164059,2.252599703,-0.35643564299999997,0.0
probe_3p0nm,3.0,2.41,1.696716238,1.8155281189999999,-0.11881188099999984,0.0
probe_3p0nm,3.0,2.43,2.631747564,2.770361425,-0.13861386099999984,0.0
probe_3p0nm,3.0,2.45,1.9656833660000002,2.084495247,-0.11881188099999984,0.0
probe_3p0nm,3.0,2.47,0.357863663,0.437071584,-0.07920792099999985,0.0
probe_3p0nm,3.0,2.49,-1.4275909299999998,-1.3582839999999998,-0.06930693100000007,0.0
