branch,target_height_nm,z_nm,delta_rho_water_e_per_nm3,delta_rho_ions_e_per_nm3,delta_rho_ligand_e_per_nm3,delta_rho_environment_e_per_nm3,delta_rho_probe_e_per_nm3,delta_rho_net_e_per_nm3
probe_0p5nm,0.500000,0.025000,0.000000000000,0.000000000000,0.000000000000,0.000000000000,0.000000000000,0.000000000000
probe_0p5nm,0.500000,0.075000,0.000000000000,0.000000000000,0.000000000000,0.000000000000,0.000000000000,0.000000000000
probe_0p5nm,0.500000,0.125000,0.045162818053,0.000000000000,0.000000000000,0.045162818053,0.000000000000,0.045162818053
probe_0p5nm,0.500000,0.175000,-0.032845685857,0.000000000000,-0.002081703321,-0.034927389178,0.000000000000,-0.034927389178
probe_0p5nm,0.500000,0.225000,-0.344879701498,0.000000000000,0.021542658670,-0.323337042828,0.000000000000,-0.323337042828
probe_0p5nm,0.500000,0.275000,1.683341400168,0.000000000000,0.014708463673,1.698049863842,0.000000000000,1.698049863842
probe_0p5nm,0.500000,0.325000,-1.749032771882,0.060454378202,-0.058256516126,-1.746834909806,0.018136313461,-1.728698596345
probe_0p5nm,0.500000,0.375000,0.041057107321,0.114863318585,-0.031869561836,0.124050864070,0.036272626921,0.160323490991
probe_0p5nm,0.500000,0.425000,0.036951396589,0.060454378202,0.043385861889,0.140791636681,0.157181383326,0.297973020007
probe_0p5nm,0.500000,0.475000,-1.067484790351,0.024181751281,0.006678136052,-1.036624903018,0.211590323709,-0.825034579309
probe_0p5nm,0.500000,0.525000,1.383624516724,0.024181751281,0.007818651108,1.415624919113,0.108817880764,1.524442799877
probe_0p5nm,0.500000,0.575000,-0.796507882031,0.018136313461,-0.001032042586,-0.779403611156,0.048363502562,-0.731040108594
probe_0p5nm,0.500000,0.625000,0.463945312729,0.030227189101,-0.000148113225,0.494024388606,0.030227189101,0.524251577707
probe_0p5nm,0.500000,0.675000,-1.301510302081,-0.084636129483,-0.000773038768,-1.386919470333,0.000000000000,-1.386919470333
probe_0p5nm,0.500000,0.725000,0.878622096673,-0.012090875640,0.000387944380,0.866919165413,0.000000000000,0.866919165413
probe_0p5nm,0.500000,0.775000,-0.094431346839,0.012090875640,-0.000360739910,-0.082701211108,0.000000000000,-0.082701211108
probe_0p5nm,0.500000,0.825000,-0.164228429285,0.066499816023,0.000000000000,-0.097728613262,0.000000000000,-0.097728613262
probe_0p5nm,0.500000,0.875000,-0.611750899085,0.030227189101,0.000000000000,-0.581523709984,0.000000000000,-0.581523709984
probe_0p5nm,0.500000,0.925000,0.993581997173,0.060454378202,0.000000000000,1.054036375375,0.000000000000,1.054036375375
probe_0p5nm,0.500000,0.975000,0.541953816640,0.072545253843,0.000000000000,0.614499070483,0.000000000000,0.614499070483
probe_0p5nm,0.500000,1.025000,-1.083907633279,0.072545253843,0.000000000000,-1.011362379436,0.000000000000,-1.011362379436
probe_0p5nm,0.500000,1.075000,-0.143699875624,-0.030227189101,0.000000000000,-0.173927064725,0.000000000000,-0.173927064725
probe_0p5nm,0.500000,1.125000,0.143699875624,0.048363502562,0.000000000000,0.192063378186,0.000000000000,0.192063378186
probe_0p5nm,0.500000,1.175000,-0.443416759069,0.078590691663,0.000000000000,-0.364826067406,0.000000000000,-0.364826067406
probe_0p5nm,0.500000,1.225000,-0.127277032696,0.072545253843,0.000000000000,-0.054731778853,0.000000000000,-0.054731778853
probe_0p5nm,0.500000,1.275000,0.718499378121,0.090681567304,0.000000000000,0.809180945424,0.000000000000,0.809180945424
probe_0p5nm,0.500000,1.325000,0.874516385941,0.030227189101,0.000000000000,0.904743575042,0.000000000000,0.904743575042
probe_0p5nm,0.500000,1.375000,-2.130863869969,-0.024181751281,0.000000000000,-2.155045621250,0.000000000000,-2.155045621250
probe_0p5nm,0.500000,1.425000,0.644596584943,0.012090875640,0.000000000000,0.656687460583,0.000000000000,0.656687460583
probe_0p5nm,0.500000,1.475000,-0.004105710732,-0.048363502562,0.000000000000,-0.052469213294,0.000000000000,-0.052469213294
probe_0p5nm,0.500000,1.525000,-0.431099626872,-0.060454378202,0.000000000000,-0.491554005075,0.000000000000,-0.491554005075
probe_0p5nm,0.500000,1.575000,0.997687707905,-0.090681567304,0.000000000000,0.907006140601,0.000000000000,0.907006140601
probe_0p5nm,0.500000,1.625000,0.583010923961,-0.157181383326,0.000000000000,0.425829540634,0.000000000000,0.425829540634
probe_0p5nm,0.500000,1.675000,-1.223501798171,-0.126954194225,0.000000000000,-1.350455992396,0.000000000000,-1.350455992396
probe_0p5nm,0.500000,1.725000,0.952524889851,-0.090681567304,0.000000000000,0.861843322548,0.000000000000,0.861843322548
probe_0p5nm,0.500000,1.775000,0.808825014227,-0.151135945506,0.000000000000,0.657689068721,0.000000000000,0.657689068721
probe_0p5nm,0.500000,1.825000,-1.379518805992,-0.108817880764,0.000000000000,-1.488336686756,0.000000000000,-1.488336686756
probe_0p5nm,0.500000,1.875000,1.092119054743,0.012090875640,0.000000000000,1.104209930384,0.000000000000,1.104209930384
probe_0p5nm,0.500000,1.925000,0.127277032696,-0.012090875640,0.000000000000,0.115186157055,0.000000000000,0.115186157055
probe_0p5nm,0.500000,1.975000,-0.771873617638,-0.084636129483,0.000000000000,-0.856509747122,0.000000000000,-0.856509747122
probe_0p5nm,0.500000,2.025000,0.710287956656,-0.108817880764,0.000000000000,0.601470075892,0.000000000000,0.601470075892
probe_0p5nm,0.500000,2.075000,-0.172439850749,-0.018136313461,0.000000000000,-0.190576164210,0.000000000000,-0.190576164210
probe_0p5nm,0.500000,2.125000,-0.143699875624,-0.054408940382,0.000000000000,-0.198108816006,0.000000000000,-0.198108816006
probe_0p5nm,0.500000,2.175000,-0.529636684443,0.036272626921,0.000000000000,-0.493364057522,0.000000000000,-0.493364057522
probe_0p5nm,0.500000,2.225000,-0.082114214642,-0.006045437820,0.000000000000,-0.088159652463,0.000000000000,-0.088159652463
probe_0p5nm,0.500000,2.275000,0.119065611231,-0.096727005124,0.000000000000,0.022338606107,0.000000000000,0.022338606107
probe_0p5nm,0.500000,2.325000,1.010004840101,0.042318064742,0.000000000000,1.052322904843,0.000000000000,1.052322904843
probe_0p5nm,0.500000,2.375000,-0.102642768303,-0.072545253843,0.000000000000,-0.175188022146,0.000000000000,-0.175188022146
probe_0p5nm,0.500000,2.425000,0.353091122962,-0.066499816023,0.000000000000,0.286591306939,0.000000000000,0.286591306939
probe_0p5nm,0.500000,2.475000,-0.960736311316,-0.048363502562,0.000000000000,-1.009099813878,0.000000000000,-1.009099813878
probe_0p5nm,0.500000,2.525000,1.120859029868,-0.060454378202,0.000000000000,1.060404651666,0.000000000000,1.060404651666
probe_0p5nm,0.500000,2.575000,-0.431099626872,-0.024181751281,0.000000000000,-0.455281378153,0.000000000000,-0.455281378153
probe_0p5nm,0.500000,2.625000,0.008211421464,-0.024181751281,0.000000000000,-0.015970329817,0.000000000000,-0.015970329817
probe_0p5nm,0.500000,2.675000,0.435205337604,-0.090681567304,0.000000000000,0.344523770301,0.000000000000,0.344523770301
probe_0p5nm,0.500000,2.725000,-0.496790998586,-0.048363502562,0.000000000000,-0.545154501148,0.000000000000,-0.545154501148
probe_0p5nm,0.500000,2.775000,0.188862693677,-0.078590691663,0.000000000000,0.110272002014,0.000000000000,0.110272002014
probe_0p5nm,0.500000,2.825000,-0.595328056157,-0.060454378202,0.000000000000,-0.655782434360,0.000000000000,-0.655782434360
probe_0p5nm,0.500000,2.875000,1.498584417223,-0.132999632045,0.000000000000,1.365584785178,0.000000000000,1.365584785178
probe_0p5nm,0.500000,2.925000,-0.476262444926,-0.126954194225,0.000000000000,-0.603216639151,0.000000000000,-0.603216639151
probe_0p5nm,0.500000,2.975000,0.012317132196,-0.084636129483,0.000000000000,-0.072318997287,0.000000000000,-0.072318997287
probe_0p5nm,0.500000,3.025000,-0.246342643927,-0.096727005124,0.000000000000,-0.343069649051,0.000000000000,-0.343069649051
probe_0p5nm,0.500000,3.075000,0.459839601997,-0.151135945506,0.000000000000,0.308703656491,0.000000000000,0.308703656491
probe_0p5nm,0.500000,3.125000,0.114959900499,-0.139045069866,0.000000000000,-0.024085169366,0.000000000000,-0.024085169366
probe_0p5nm,0.500000,3.175000,0.188862693677,-0.042318064742,0.000000000000,0.146544628936,0.000000000000,0.146544628936
probe_0p5nm,0.500000,3.225000,0.205285536606,-0.102772442944,0.000000000000,0.102513093662,0.000000000000,0.102513093662
probe_0p5nm,0.500000,3.275000,-1.227607508903,-0.012090875640,0.000000000000,-1.239698384544,0.000000000000,-1.239698384544
probe_0p5nm,0.500000,3.325000,1.917366911899,-0.012090875640,0.000000000000,1.905276036259,0.000000000000,1.905276036259
probe_0p5nm,0.500000,3.375000,-0.685653692264,0.018136313461,0.000000000000,-0.667517378803,0.000000000000,-0.667517378803
probe_0p5nm,0.500000,3.425000,-0.213496958070,0.060454378202,0.000000000000,-0.153042579868,0.000000000000,-0.153042579868
probe_0p5nm,0.500000,3.475000,-0.472156734194,-0.012090875640,0.000000000000,-0.484247609834,0.000000000000,-0.484247609834
probe_0p5nm,0.500000,3.525000,0.895044939602,0.120908756405,0.000000000000,1.015953696007,0.000000000000,1.015953696007
probe_0p5nm,0.500000,3.575000,-1.859886961649,0.048363502562,0.000000000000,-1.811523459087,0.000000000000,-1.811523459087
probe_0p5nm,0.500000,3.625000,0.973053443512,-0.030227189101,0.000000000000,0.942826254411,0.000000000000,0.942826254411
probe_0p5nm,0.500000,3.675000,0.455733891265,0.120908756405,0.000000000000,0.576642647670,0.000000000000,0.576642647670
probe_0p5nm,0.500000,3.725000,-0.106748479035,-0.042318064742,0.000000000000,-0.149066543777,0.000000000000,-0.149066543777
probe_0p5nm,0.500000,3.775000,0.094431346839,0.090681567304,0.000000000000,0.185112914142,0.000000000000,0.185112914142
probe_0p5nm,0.500000,3.825000,0.041057107321,-0.102772442944,0.000000000000,-0.061715335623,0.000000000000,-0.061715335623
probe_0p5nm,0.500000,3.875000,-0.041057107321,0.066499816023,0.000000000000,0.025442708702,0.000000000000,0.025442708702
probe_0p5nm,0.500000,3.925000,-0.566588081032,0.060454378202,0.000000000000,-0.506133702830,0.000000000000,-0.506133702830
probe_0p5nm,0.500000,3.975000,0.320245437105,0.042318064742,0.000000000000,0.362563501847,0.000000000000,0.362563501847
probe_0p5nm,0.500000,4.025000,-0.098537057571,0.018136313461,0.000000000000,-0.080400744110,0.000000000000,-0.080400744110
probe_0p5nm,0.500000,4.075000,-0.451628180533,-0.024181751281,0.000000000000,-0.475809931814,0.000000000000,-0.475809931814
probe_0p5nm,0.500000,4.125000,-0.221708379534,-0.120908756405,0.000000000000,-0.342617135939,0.000000000000,-0.342617135939
probe_0p5nm,0.500000,4.175000,1.970741151417,0.114863318585,0.000000000000,2.085604470001,0.000000000000,2.085604470001
probe_0p5nm,0.500000,4.225000,-1.761349904079,0.048363502562,0.000000000000,-1.712986401517,0.000000000000,-1.712986401517
probe_0p5nm,0.500000,4.275000,-0.197074115142,0.175317696787,0.000000000000,-0.021756418354,0.000000000000,-0.021756418354
probe_0p5nm,0.500000,4.325000,1.350778830867,-0.060454378202,0.000000000000,1.290324452664,0.000000000000,1.290324452664
probe_0p5nm,0.500000,4.375000,-1.354884541599,0.036272626921,0.000000000000,-1.318611914677,0.000000000000,-1.318611914677
probe_0p5nm,0.500000,4.425000,1.116753319136,0.060454378202,0.000000000000,1.177207697339,0.000000000000,1.177207697339
probe_0p5nm,0.500000,4.475000,-0.250448354659,-0.072545253843,0.000000000000,-0.322993608502,0.000000000000,-0.322993608502
probe_0p5nm,0.500000,4.525000,-1.055167658154,0.090681567304,0.000000000000,-0.964486090851,0.000000000000,-0.964486090851
probe_0p5nm,0.500000,4.575000,0.344879701498,-0.030227189101,0.000000000000,0.314652512397,0.000000000000,0.314652512397
probe_0p5nm,0.500000,4.625000,0.525530973711,-0.036272626921,0.000000000000,0.489258346790,0.000000000000,0.489258346790
probe_0p5nm,0.500000,4.675000,0.110854189767,0.060454378202,0.000000000000,0.171308567970,0.000000000000,0.171308567970
probe_0p5nm,0.500000,4.725000,-0.275082619052,0.072545253843,0.000000000000,-0.202537365209,0.000000000000,-0.202537365209
probe_0p5nm,0.500000,4.775000,-1.170127558654,0.187408572428,0.000000000000,-0.982718986226,-0.006045437820,-0.988764424046
probe_0p5nm,0.500000,4.825000,1.876309804578,0.072545253843,0.000000000000,1.948855058421,-0.030227189101,1.918627869320
probe_0p5nm,0.500000,4.875000,-0.619962320550,0.078590691663,0.000000000000,-0.541371628887,-0.090681567304,-0.632053196190
probe_0p5nm,0.500000,4.925000,-1.264558905492,0.102772442944,0.000000000000,-1.161786462548,-0.163226821147,-1.325013283695
probe_0p5nm,0.500000,4.975000,0.931996336191,0.108817880764,0.000000000000,1.040814216955,-0.163226821147,0.877587395809
probe_0p5nm,0.500000,5.025000,1.104436186940,0.090681567304,0.000000000000,1.195117754243,-0.114863318585,1.080254435659
probe_0p5nm,0.500000,5.075000,-1.519112970884,0.018136313461,0.000000000000,-1.500976657423,-0.024181751281,-1.525158408704
probe_0p5nm,0.500000,5.125000,0.509108130783,0.054408940382,0.000000000000,0.563517071165,-0.018136313461,0.545380757704
probe_0p5nm,0.500000,5.175000,-0.016422842928,0.006045437820,0.000000000000,-0.010377405108,0.000000000000,-0.010377405108
probe_0p5nm,0.500000,5.225000,-0.340773990766,0.048363502562,0.000000000000,-0.292410488204,0.000000000000,-0.292410488204
probe_0p5nm,0.500000,5.275000,-0.073902793178,0.060454378202,0.000000000000,-0.013448414976,0.000000000000,-0.013448414976
probe_0p5nm,0.500000,5.325000,0.882727807405,-0.018136313461,0.000000000000,0.864591493945,0.000000000000,0.864591493945
probe_0p5nm,0.500000,5.375000,-0.644596584943,0.012090875640,0.000000000000,-0.632505709302,0.000000000000,-0.632505709302
probe_0p5nm,0.500000,5.425000,0.156017007820,0.006045437820,0.000000000000,0.162062445641,0.000000000000,0.162062445641
probe_0p5nm,0.500000,5.475000,-0.279188329784,-0.012090875640,0.000000000000,-0.291279205425,0.000000000000,-0.291279205425
probe_0p5nm,0.500000,5.525000,-0.615856609818,0.036272626921,0.000000000000,-0.579583982896,0.000000000000,-0.579583982896
probe_0p5nm,0.500000,5.575000,0.644596584943,0.060454378202,0.000000000000,0.705050963145,0.000000000000,0.705050963145
probe_0p5nm,0.500000,5.625000,-0.394148230283,0.042318064742,0.000000000000,-0.351830165542,0.000000000000,-0.351830165542
probe_0p5nm,0.500000,5.675000,0.365408255158,0.054408940382,0.000000000000,0.419817195541,0.000000000000,0.419817195541
probe_0p5nm,0.500000,5.725000,0.595328056157,0.036272626921,0.000000000000,0.631600683079,0.000000000000,0.631600683079
probe_0p5nm,0.500000,5.775000,-0.985370575708,0.096727005124,0.000000000000,-0.888643570584,0.000000000000,-0.888643570584
probe_0p5nm,0.500000,5.825000,-1.133176162064,0.054408940382,0.000000000000,-1.078767221682,0.000000000000,-1.078767221682
probe_0p5nm,0.500000,5.875000,0.739027931781,0.060454378202,0.000000000000,0.799482309984,0.000000000000,0.799482309984
probe_0p5nm,0.500000,5.925000,0.981264864976,0.114863318585,0.000000000000,1.096128183561,0.000000000000,1.096128183561
probe_0p5nm,0.500000,5.975000,-1.207078955243,0.072545253843,0.000000000000,-1.134533701400,0.000000000000,-1.134533701400
probe_1p0nm,1.000000,0.025000,0.000000000000,0.000000000000,0.000000000000,0.000000000000,0.000000000000,0.000000000000
probe_1p0nm,1.000000,0.075000,0.000000000000,0.000000000000,0.000000000000,0.000000000000,0.000000000000,0.000000000000
probe_1p0nm,1.000000,0.125000,0.045162818053,0.000000000000,0.000000000000,0.045162818053,0.000000000000,0.045162818053
probe_1p0nm,1.000000,0.175000,-0.086219925374,0.000000000000,0.003283968194,-0.082935957181,0.000000000000,-0.082935957181
probe_1p0nm,1.000000,0.225000,0.192968404410,0.000000000000,-0.015826524297,0.177141880112,0.000000000000,0.177141880112
probe_1p0nm,1.000000,0.275000,0.821142146424,0.012090875640,-0.099574060822,0.733658961242,0.000000000000,0.733658961242
probe_1p0nm,1.000000,0.325000,-1.272770326957,0.024181751281,-0.133755398150,-1.382343973826,0.000000000000,-1.382343973826
probe_1p0nm,1.000000,0.375000,0.225814090266,0.042318064742,0.097618361564,0.365750516572,0.000000000000,0.365750516572
probe_1p0nm,1.000000,0.425000,0.045162818053,0.036272626921,0.145224543755,0.226659988730,0.000000000000,0.226659988730
probe_1p0nm,1.000000,0.475000,-0.242236933195,0.060454378202,-0.010192435483,-0.191974990475,0.000000000000,-0.191974990475
probe_1p0nm,1.000000,0.525000,0.743133642513,0.048363502562,0.011893103462,0.803390248537,0.000000000000,0.803390248537
probe_1p0nm,1.000000,0.575000,-1.235818930368,0.006045437820,0.000999310868,-1.228774181679,0.000000000000,-1.228774181679
probe_1p0nm,1.000000,0.625000,1.063379079619,-0.012090875640,0.000814234111,1.052102438089,0.000000000000,1.052102438089
probe_1p0nm,1.000000,0.675000,-0.570693791764,-0.211590323709,-0.000391398916,-0.782675514389,0.000000000000,-0.782675514389
probe_1p0nm,1.000000,0.725000,0.480368155658,-0.120908756405,0.000267035625,0.359726434878,0.000000000000,0.359726434878
probe_1p0nm,1.000000,0.775000,0.119065611231,0.018136313461,-0.000360739910,0.136841184782,0.012090875640,0.148932060423
probe_1p0nm,1.000000,0.825000,-0.106748479035,0.030227189101,0.000000000000,-0.076521289934,0.030227189101,-0.046294100833
probe_1p0nm,1.000000,0.875000,-1.256347484028,-0.048363502562,0.000000000000,-1.304710986590,0.036272626921,-1.268438359669
probe_1p0nm,1.000000,0.925000,1.416470202581,0.084636129483,0.000000000000,1.501106332064,0.157181383326,1.658287715391
probe_1p0nm,1.000000,0.975000,-0.254554065391,-0.012090875640,0.000000000000,-0.266644941032,0.145090507686,-0.121554433346
probe_1p0nm,1.000000,1.025000,-0.652808006407,-0.018136313461,0.000000000000,-0.670944319867,0.157181383326,-0.513762936541
probe_1p0nm,1.000000,1.075000,0.607645188353,-0.012090875640,0.000000000000,0.595554312713,0.054408940382,0.649963253095
probe_1p0nm,1.000000,1.125000,-2.024115390934,-0.012090875640,0.000000000000,-2.036206266575,0.012090875640,-2.024115390934
probe_1p0nm,1.000000,1.175000,1.420575913313,0.102772442944,0.000000000000,1.523348356257,0.006045437820,1.529393794077
probe_1p0nm,1.000000,1.225000,0.574799502496,0.060454378202,0.000000000000,0.635253880699,0.000000000000,0.635253880699
probe_1p0nm,1.000000,1.275000,-0.303822594177,0.084636129483,0.000000000000,-0.219186464693,0.000000000000,-0.219186464693
probe_1p0nm,1.000000,1.325000,-0.270976908320,0.030227189101,0.000000000000,-0.240749719219,0.000000000000,-0.240749719219
probe_1p0nm,1.000000,1.375000,-0.788296460567,-0.102772442944,0.000000000000,-0.891068903511,0.000000000000,-0.891068903511
probe_1p0nm,1.000000,1.425000,0.858093543013,-0.090681567304,0.000000000000,0.767411975709,0.000000000000,0.767411975709
probe_1p0nm,1.000000,1.475000,0.390042519551,-0.114863318585,0.000000000000,0.275179200967,0.000000000000,0.275179200967
probe_1p0nm,1.000000,1.525000,-1.046956236690,-0.054408940382,0.000000000000,-1.101365177072,0.000000000000,-1.101365177072
probe_1p0nm,1.000000,1.575000,0.615856609818,-0.132999632045,0.000000000000,0.482856977772,0.000000000000,0.482856977772
probe_1p0nm,1.000000,1.625000,1.613544317722,-0.163226821147,0.000000000000,1.450317496576,0.000000000000,1.450317496576
probe_1p0nm,1.000000,1.675000,-2.315620852914,-0.096727005124,0.000000000000,-2.412347858038,0.000000000000,-2.412347858038
probe_1p0nm,1.000000,1.725000,1.252241773296,-0.126954194225,0.000000000000,1.125287579071,0.000000000000,1.125287579071
probe_1p0nm,1.000000,1.775000,0.821142146424,-0.187408572428,0.000000000000,0.633733573996,0.000000000000,0.633733573996
probe_1p0nm,1.000000,1.825000,-0.340773990766,-0.126954194225,0.000000000000,-0.467728184991,0.000000000000,-0.467728184991
probe_1p0nm,1.000000,1.875000,0.796507882031,-0.042318064742,0.000000000000,0.754189817289,0.000000000000,0.754189817289
probe_1p0nm,1.000000,1.925000,-1.383624516724,0.030227189101,0.000000000000,-1.353397327622,0.000000000000,-1.353397327622
probe_1p0nm,1.000000,1.975000,0.952524889851,-0.084636129483,0.000000000000,0.867888760368,0.000000000000,0.867888760368
probe_1p0nm,1.000000,2.025000,0.049268528785,-0.048363502562,0.000000000000,0.000905026223,0.000000000000,0.000905026223
probe_1p0nm,1.000000,2.075000,-0.373619676623,-0.030227189101,0.000000000000,-0.403846865724,0.000000000000,-0.403846865724
probe_1p0nm,1.000000,2.125000,-0.316139726373,-0.060454378202,0.000000000000,-0.376594104576,0.000000000000,-0.376594104576
probe_1p0nm,1.000000,2.175000,-0.012317132196,-0.042318064742,0.000000000000,-0.054635196938,0.000000000000,-0.054635196938
probe_1p0nm,1.000000,2.225000,0.410571073212,-0.024181751281,0.000000000000,0.386389321931,0.000000000000,0.386389321931
probe_1p0nm,1.000000,2.275000,-0.229919800999,-0.066499816023,0.000000000000,-0.296419617021,0.000000000000,-0.296419617021
probe_1p0nm,1.000000,2.325000,0.652808006407,0.054408940382,0.000000000000,0.707216946789,0.000000000000,0.707216946789
probe_1p0nm,1.000000,2.375000,-0.348985412230,0.006045437820,0.000000000000,-0.342939974410,0.000000000000,-0.342939974410
probe_1p0nm,1.000000,2.425000,0.677442270799,-0.066499816023,0.000000000000,0.610942454777,0.000000000000,0.610942454777
probe_1p0nm,1.000000,2.475000,-2.007692548006,0.006045437820,0.000000000000,-2.001647110185,0.000000000000,-2.001647110185
probe_1p0nm,1.000000,2.525000,2.352572249504,0.018136313461,0.000000000000,2.370708562964,0.000000000000,2.370708562964
probe_1p0nm,1.000000,2.575000,-0.472156734194,0.030227189101,0.000000000000,-0.441929545092,0.000000000000,-0.441929545092
probe_1p0nm,1.000000,2.625000,-0.472156734194,0.030227189101,0.000000000000,-0.441929545092,0.000000000000,-0.441929545092
probe_1p0nm,1.000000,2.675000,-0.964842022048,-0.012090875640,0.000000000000,-0.976932897688,0.000000000000,-0.976932897688
probe_1p0nm,1.000000,2.725000,0.931996336191,-0.012090875640,0.000000000000,0.919905460550,0.000000000000,0.919905460550
probe_1p0nm,1.000000,2.775000,0.410571073212,-0.030227189101,0.000000000000,0.380343884111,0.000000000000,0.380343884111
probe_1p0nm,1.000000,2.825000,-0.702076535192,-0.030227189101,0.000000000000,-0.732303724293,0.000000000000,-0.732303724293
probe_1p0nm,1.000000,2.875000,0.821142146424,-0.018136313461,0.000000000000,0.803005832963,0.000000000000,0.803005832963
probe_1p0nm,1.000000,2.925000,-0.775979328370,-0.066499816023,0.000000000000,-0.842479144393,0.000000000000,-0.842479144393
probe_1p0nm,1.000000,2.975000,-0.373619676623,0.006045437820,0.000000000000,-0.367574238802,0.000000000000,-0.367574238802
probe_1p0nm,1.000000,3.025000,-0.032845685857,0.018136313461,0.000000000000,-0.014709372396,0.000000000000,-0.014709372396
probe_1p0nm,1.000000,3.075000,1.367201673795,-0.006045437820,0.000000000000,1.361156235975,0.000000000000,1.361156235975
probe_1p0nm,1.000000,3.125000,-0.057479950250,0.000000000000,0.000000000000,-0.057479950250,0.000000000000,-0.057479950250
probe_1p0nm,1.000000,3.175000,-1.170127558654,0.000000000000,0.000000000000,-1.170127558654,0.000000000000,-1.170127558654
probe_1p0nm,1.000000,3.225000,-0.127277032696,-0.036272626921,0.000000000000,-0.163549659617,0.000000000000,-0.163549659617
probe_1p0nm,1.000000,3.275000,-0.139594164892,0.018136313461,0.000000000000,-0.121457851431,0.000000000000,-0.121457851431
probe_1p0nm,1.000000,3.325000,1.946106887024,0.048363502562,0.000000000000,1.994470389586,0.000000000000,1.994470389586
probe_1p0nm,1.000000,3.375000,-0.730816510317,-0.018136313461,0.000000000000,-0.748952823778,0.000000000000,-0.748952823778
probe_1p0nm,1.000000,3.425000,-0.636385163478,0.066499816023,0.000000000000,-0.569885347456,0.000000000000,-0.569885347456
probe_1p0nm,1.000000,3.475000,0.217602668802,-0.036272626921,0.000000000000,0.181330041881,0.000000000000,0.181330041881
probe_1p0nm,1.000000,3.525000,-0.258659776123,0.060454378202,0.000000000000,-0.198205397921,0.000000000000,-0.198205397921
probe_1p0nm,1.000000,3.575000,-0.279188329784,-0.072545253843,0.000000000000,-0.351733583627,0.000000000000,-0.351733583627
probe_1p0nm,1.000000,3.625000,0.989476286440,-0.030227189101,0.000000000000,0.959249097339,0.000000000000,0.959249097339
probe_1p0nm,1.000000,3.675000,0.468051023461,0.066499816023,0.000000000000,0.534550839484,0.000000000000,0.534550839484
probe_1p0nm,1.000000,3.725000,-1.465738731366,-0.018136313461,0.000000000000,-1.483875044827,0.000000000000,-1.483875044827
probe_1p0nm,1.000000,3.775000,1.260453194760,-0.018136313461,0.000000000000,1.242316881299,0.000000000000,1.242316881299
probe_1p0nm,1.000000,3.825000,-1.617650028454,-0.078590691663,0.000000000000,-1.696240720118,0.000000000000,-1.696240720118
probe_1p0nm,1.000000,3.875000,1.556064367473,0.048363502562,0.000000000000,1.604427870035,0.000000000000,1.604427870035
probe_1p0nm,1.000000,3.925000,-0.402359651748,0.036272626921,0.000000000000,-0.366087024826,0.000000000000,-0.366087024826
probe_1p0nm,1.000000,3.975000,-0.521425262979,0.024181751281,0.000000000000,-0.497243511698,0.000000000000,-0.497243511698
probe_1p0nm,1.000000,4.025000,-0.307928304909,0.018136313461,0.000000000000,-0.289791991448,0.000000000000,-0.289791991448
probe_1p0nm,1.000000,4.075000,0.004105710732,0.018136313461,0.000000000000,0.022242024193,0.000000000000,0.022242024193
probe_1p0nm,1.000000,4.125000,0.624068031282,-0.090681567304,0.000000000000,0.533386463978,0.000000000000,0.533386463978
probe_1p0nm,1.000000,4.175000,1.166021847921,0.066499816023,0.000000000000,1.232521663944,0.000000000000,1.232521663944
probe_1p0nm,1.000000,4.225000,-2.290986588522,0.054408940382,0.000000000000,-2.236577648140,0.000000000000,-2.236577648140
probe_1p0nm,1.000000,4.275000,0.730816510317,0.036272626921,0.000000000000,0.767089137238,0.000000000000,0.767089137238
probe_1p0nm,1.000000,4.325000,1.211184665975,0.078590691663,0.000000000000,1.289775357638,0.000000000000,1.289775357638
probe_1p0nm,1.000000,4.375000,-1.445210177705,0.030227189101,0.000000000000,-1.414982988604,0.000000000000,-1.414982988604
probe_1p0nm,1.000000,4.425000,0.796507882031,0.048363502562,0.000000000000,0.844871384593,0.000000000000,0.844871384593
probe_1p0nm,1.000000,4.475000,-0.628173742014,0.036272626921,0.000000000000,-0.591901115093,0.000000000000,-0.591901115093
probe_1p0nm,1.000000,4.525000,0.168334140017,0.102772442944,0.000000000000,0.271106582961,0.000000000000,0.271106582961
probe_1p0nm,1.000000,4.575000,0.353091122962,0.054408940382,0.000000000000,0.407500063344,0.000000000000,0.407500063344
probe_1p0nm,1.000000,4.625000,-0.870410675209,0.012090875640,0.000000000000,-0.858319799568,0.000000000000,-0.858319799568
probe_1p0nm,1.000000,4.675000,0.562482370300,0.012090875640,0.000000000000,0.574573245941,0.000000000000,0.574573245941
probe_1p0nm,1.000000,4.725000,-0.624068031282,0.102772442944,0.000000000000,-0.521295588338,0.000000000000,-0.521295588338
probe_1p0nm,1.000000,4.775000,-0.110854189767,0.066499816023,0.000000000000,-0.044354373744,-0.006045437820,-0.050399811565
probe_1p0nm,1.000000,4.825000,0.767767906906,0.096727005124,0.000000000000,0.864494912030,-0.030227189101,0.834267722929
probe_1p0nm,1.000000,4.875000,-0.344879701498,0.084636129483,0.000000000000,-0.260243572014,-0.090681567304,-0.350925139318
probe_1p0nm,1.000000,4.925000,-0.073902793178,0.120908756405,0.000000000000,0.047005963227,-0.163226821147,-0.116220857920
probe_1p0nm,1.000000,4.975000,-0.353091122962,0.181363134607,0.000000000000,-0.171727988355,-0.163226821147,-0.334954809501
probe_1p0nm,1.000000,5.025000,1.034639104494,0.114863318585,0.000000000000,1.149502423078,-0.114863318585,1.034639104494
probe_1p0nm,1.000000,5.075000,-0.981264864976,0.030227189101,0.000000000000,-0.951037675875,-0.024181751281,-0.975219427156
probe_1p0nm,1.000000,5.125000,0.258659776123,0.102772442944,0.000000000000,0.361432219068,-0.018136313461,0.343295905607
probe_1p0nm,1.000000,5.175000,0.636385163478,-0.024181751281,0.000000000000,0.612203412197,0.000000000000,0.612203412197
probe_1p0nm,1.000000,5.225000,-1.215290376707,0.012090875640,0.000000000000,-1.203199501066,0.000000000000,-1.203199501066
probe_1p0nm,1.000000,5.275000,-0.410571073212,-0.042318064742,0.000000000000,-0.452889137954,0.000000000000,-0.452889137954
probe_1p0nm,1.000000,5.325000,1.740821350418,-0.048363502562,0.000000000000,1.692457847856,0.000000000000,1.692457847856
probe_1p0nm,1.000000,5.375000,-0.607645188353,-0.012090875640,0.000000000000,-0.619736063994,0.000000000000,-0.619736063994
probe_1p0nm,1.000000,5.425000,0.730816510317,-0.054408940382,0.000000000000,0.676407569935,0.000000000000,0.676407569935
probe_1p0nm,1.000000,5.475000,-2.081595341184,-0.012090875640,0.000000000000,-2.093686216824,0.000000000000,-2.093686216824
probe_1p0nm,1.000000,5.525000,0.619962320550,-0.054408940382,0.000000000000,0.565553380168,0.000000000000,0.565553380168
probe_1p0nm,1.000000,5.575000,1.338461698670,-0.012090875640,0.000000000000,1.326370823030,0.000000000000,1.326370823030
probe_1p0nm,1.000000,5.625000,-0.509108130783,-0.030227189101,0.000000000000,-0.539335319884,0.000000000000,-0.539335319884
probe_1p0nm,1.000000,5.675000,0.394148230283,-0.012090875640,0.000000000000,0.382057354643,0.000000000000,0.382057354643
probe_1p0nm,1.000000,5.725000,-0.246342643927,-0.030227189101,0.000000000000,-0.276569833028,0.000000000000,-0.276569833028
probe_1p0nm,1.000000,5.775000,-0.234025511731,0.006045437820,0.000000000000,-0.227980073910,0.000000000000,-0.227980073910
probe_1p0nm,1.000000,5.825000,-0.172439850749,0.000000000000,0.000000000000,-0.172439850749,0.000000000000,-0.172439850749
probe_1p0nm,1.000000,5.875000,-0.353091122962,-0.036272626921,0.000000000000,-0.389363749884,0.000000000000,-0.389363749884
probe_1p0nm,1.000000,5.925000,1.280981748421,0.012090875640,0.000000000000,1.293072624061,0.000000000000,1.293072624061
probe_1p0nm,1.000000,5.975000,-0.636385163478,0.048363502562,0.000000000000,-0.588021660916,0.000000000000,-0.588021660916
probe_1p5nm,1.500000,0.025000,0.000000000000,0.000000000000,0.000000000000,0.000000000000,0.000000000000,0.000000000000
probe_1p5nm,1.500000,0.075000,0.000000000000,0.000000000000,0.000000000000,0.000000000000,0.000000000000,0.000000000000
probe_1p5nm,1.500000,0.125000,0.057479950250,0.000000000000,0.000000000000,0.057479950250,0.000000000000,0.057479950250
probe_1p5nm,1.500000,0.175000,-0.061585660982,0.000000000000,0.008781775705,-0.052803885277,0.000000000000,-0.052803885277
probe_1p5nm,1.500000,0.225000,-0.398253941015,0.000000000000,-0.031055932082,-0.429309873098,0.000000000000,-0.429309873098
probe_1p5nm,1.500000,0.275000,0.853987832281,-0.012090875640,-0.058968582148,0.782928374492,0.000000000000,0.782928374492
probe_1p5nm,1.500000,0.325000,-0.390042519551,-0.012090875640,-0.208214810514,-0.610348205705,0.000000000000,-0.610348205705
probe_1p5nm,1.500000,0.375000,0.262765486856,0.000000000000,0.127723432969,0.390488919824,0.000000000000,0.390488919824
probe_1p5nm,1.500000,0.425000,-0.751345063978,0.000000000000,0.089838833361,-0.661506230616,0.000000000000,-0.661506230616
probe_1p5nm,1.500000,0.475000,-0.016422842928,0.000000000000,-0.003912952872,-0.020335795801,0.000000000000,-0.020335795801
probe_1p5nm,1.500000,0.525000,1.346673120135,-0.024181751281,0.042707218141,1.365198586995,0.000000000000,1.365198586995
probe_1p5nm,1.500000,0.575000,-0.870410675209,0.006045437820,0.019581863964,-0.844783373425,0.000000000000,-0.844783373425
probe_1p5nm,1.500000,0.625000,0.336668280034,0.018136313461,0.010368616743,0.365173210238,0.000000000000,0.365173210238
probe_1p5nm,1.500000,0.675000,-0.398253941015,-0.163226821147,0.003511276643,-0.557969485519,0.000000000000,-0.557969485519
probe_1p5nm,1.500000,0.725000,0.180651272213,-0.145090507686,0.000000000000,0.035560764527,0.000000000000,0.035560764527
probe_1p5nm,1.500000,0.775000,0.213496958070,0.048363502562,-0.000360739910,0.261499720722,0.000000000000,0.261499720722
probe_1p5nm,1.500000,0.825000,-0.024634264393,0.024181751281,0.000000000000,-0.000452513112,0.000000000000,-0.000452513112
probe_1p5nm,1.500000,0.875000,-0.652808006407,0.036272626921,0.000000000000,-0.616535379485,0.000000000000,-0.616535379485
probe_1p5nm,1.500000,0.925000,0.394148230283,0.012090875640,0.000000000000,0.406239105924,0.000000000000,0.406239105924
probe_1p5nm,1.500000,0.975000,0.225814090266,0.126954194225,0.000000000000,0.352768284492,0.000000000000,0.352768284492
probe_1p5nm,1.500000,1.025000,0.119065611231,0.120908756405,0.000000000000,0.239974367636,0.000000000000,0.239974367636
probe_1p5nm,1.500000,1.075000,0.320245437105,0.066499816023,0.000000000000,0.386745253128,0.000000000000,0.386745253128
probe_1p5nm,1.500000,1.125000,-1.297404591349,0.120908756405,0.000000000000,-1.176495834944,0.000000000000,-1.176495834944
probe_1p5nm,1.500000,1.175000,0.287399751248,0.120908756405,0.000000000000,0.408308507653,0.000000000000,0.408308507653
probe_1p5nm,1.500000,1.225000,-0.078008503910,0.114863318585,0.000000000000,0.036854814674,0.000000000000,0.036854814674
probe_1p5nm,1.500000,1.275000,0.546059527372,0.084636129483,0.000000000000,0.630695656855,0.006045437820,0.636741094675
probe_1p5nm,1.500000,1.325000,-0.619962320550,0.042318064742,0.000000000000,-0.577644255808,0.042318064742,-0.535326191066
probe_1p5nm,1.500000,1.375000,-1.687447110900,0.000000000000,0.000000000000,-1.687447110900,0.090681567304,-1.596765543597
probe_1p5nm,1.500000,1.425000,1.707975664561,-0.006045437820,0.000000000000,1.701930226741,0.145090507686,1.847020734427
probe_1p5nm,1.500000,1.475000,0.295611172712,-0.096727005124,0.000000000000,0.198884167589,0.205544885888,0.404429053477
probe_1p5nm,1.500000,1.525000,-1.831146986525,-0.012090875640,0.000000000000,-1.843237862165,0.096727005124,-1.746510857041
probe_1p5nm,1.500000,1.575000,1.280981748421,-0.090681567304,0.000000000000,1.190300181117,0.024181751281,1.214481932398
probe_1p5nm,1.500000,1.625000,0.431099626872,-0.120908756405,0.000000000000,0.310190870467,0.000000000000,0.310190870467
probe_1p5nm,1.500000,1.675000,-1.018216261565,-0.102772442944,0.000000000000,-1.120988704509,0.000000000000,-1.120988704509
probe_1p5nm,1.500000,1.725000,0.476262444926,-0.187408572428,0.000000000000,0.288853872498,0.000000000000,0.288853872498
probe_1p5nm,1.500000,1.775000,0.927890625459,-0.157181383326,0.000000000000,0.770709242132,0.000000000000,0.770709242132
probe_1p5nm,1.500000,1.825000,-0.640490874210,-0.126954194225,0.000000000000,-0.767445068436,0.000000000000,-0.767445068436
probe_1p5nm,1.500000,1.875000,0.739027931781,-0.054408940382,0.000000000000,0.684618991399,0.000000000000,0.684618991399
probe_1p5nm,1.500000,1.925000,0.180651272213,-0.078590691663,0.000000000000,0.102060580550,0.000000000000,0.102060580550
probe_1p5nm,1.500000,1.975000,-0.332562569302,-0.193454010248,0.000000000000,-0.526016579549,0.000000000000,-0.526016579549
probe_1p5nm,1.500000,2.025000,0.139594164892,-0.175317696787,0.000000000000,-0.035723531895,0.000000000000,-0.035723531895
probe_1p5nm,1.500000,2.075000,-0.903256361066,-0.066499816023,0.000000000000,-0.969756177089,0.000000000000,-0.969756177089
probe_1p5nm,1.500000,2.125000,1.420575913313,-0.096727005124,0.000000000000,1.323848908189,0.000000000000,1.323848908189
probe_1p5nm,1.500000,2.175000,-0.156017007820,-0.120908756405,0.000000000000,-0.276925764225,0.000000000000,-0.276925764225
probe_1p5nm,1.500000,2.225000,-0.131382743428,-0.066499816023,0.000000000000,-0.197882559450,0.000000000000,-0.197882559450
probe_1p5nm,1.500000,2.275000,-0.890939228870,-0.084636129483,0.000000000000,-0.975575358353,0.000000000000,-0.975575358353
probe_1p5nm,1.500000,2.325000,0.636385163478,-0.066499816023,0.000000000000,0.569885347456,0.000000000000,0.569885347456
probe_1p5nm,1.500000,2.375000,0.550165238104,-0.030227189101,0.000000000000,0.519938049003,0.000000000000,0.519938049003
probe_1p5nm,1.500000,2.425000,0.648702295675,-0.048363502562,0.000000000000,0.600338793113,0.000000000000,0.600338793113
probe_1p5nm,1.500000,2.475000,-1.601227185526,-0.090681567304,0.000000000000,-1.691908752830,0.000000000000,-1.691908752830
probe_1p5nm,1.500000,2.525000,0.550165238104,0.012090875640,0.000000000000,0.562256113744,0.000000000000,0.562256113744
probe_1p5nm,1.500000,2.575000,1.244030351832,-0.036272626921,0.000000000000,1.207757724910,0.000000000000,1.207757724910
probe_1p5nm,1.500000,2.625000,-0.496790998586,0.036272626921,0.000000000000,-0.460518371665,0.000000000000,-0.460518371665
probe_1p5nm,1.500000,2.675000,-0.160122718553,-0.066499816023,0.000000000000,-0.226622534575,0.000000000000,-0.226622534575
probe_1p5nm,1.500000,2.725000,0.016422842928,-0.024181751281,0.000000000000,-0.007758908353,0.000000000000,-0.007758908353
probe_1p5nm,1.500000,2.775000,-0.414676783944,-0.072545253843,0.000000000000,-0.487222037787,0.000000000000,-0.487222037787
probe_1p5nm,1.500000,2.825000,0.661019427871,-0.024181751281,0.000000000000,0.636837676590,0.000000000000,0.636837676590
probe_1p5nm,1.500000,2.875000,-0.381831098087,-0.060454378202,0.000000000000,-0.442285476289,0.000000000000,-0.442285476289
probe_1p5nm,1.500000,2.925000,0.525530973711,-0.090681567304,0.000000000000,0.434849406407,0.000000000000,0.434849406407
probe_1p5nm,1.500000,2.975000,0.024634264393,-0.096727005124,0.000000000000,-0.072092740731,0.000000000000,-0.072092740731
probe_1p5nm,1.500000,3.025000,-0.135488454160,-0.018136313461,0.000000000000,-0.153624767621,0.000000000000,-0.153624767621
probe_1p5nm,1.500000,3.075000,0.020528553661,-0.102772442944,0.000000000000,-0.082243889284,0.000000000000,-0.082243889284
probe_1p5nm,1.500000,3.125000,0.578905213229,-0.084636129483,0.000000000000,0.494269083745,0.000000000000,0.494269083745
probe_1p5nm,1.500000,3.175000,-0.882727807405,-0.012090875640,0.000000000000,-0.894818683046,0.000000000000,-0.894818683046
probe_1p5nm,1.500000,3.225000,0.406465362480,-0.096727005124,0.000000000000,0.309738357356,0.000000000000,0.309738357356
probe_1p5nm,1.500000,3.275000,-0.562482370300,-0.036272626921,0.000000000000,-0.598754997222,0.000000000000,-0.598754997222
probe_1p5nm,1.500000,3.325000,2.048749655327,-0.012090875640,0.000000000000,2.036658779686,0.000000000000,2.036658779686
probe_1p5nm,1.500000,3.375000,-1.892732647506,-0.042318064742,0.000000000000,-1.935050712248,0.000000000000,-1.935050712248
probe_1p5nm,1.500000,3.425000,1.342567409403,0.042318064742,0.000000000000,1.384885474144,0.000000000000,1.384885474144
probe_1p5nm,1.500000,3.475000,-0.788296460567,0.042318064742,0.000000000000,-0.745978395825,0.000000000000,-0.745978395825
probe_1p5nm,1.500000,3.525000,0.242236933195,0.114863318585,0.000000000000,0.357100251780,0.000000000000,0.357100251780
probe_1p5nm,1.500000,3.575000,-0.862199253745,-0.030227189101,0.000000000000,-0.892426442846,0.000000000000,-0.892426442846
probe_1p5nm,1.500000,3.625000,0.402359651748,0.054408940382,0.000000000000,0.456768592130,0.000000000000,0.456768592130
probe_1p5nm,1.500000,3.675000,0.435205337604,0.120908756405,0.000000000000,0.556114094009,0.000000000000,0.556114094009
probe_1p5nm,1.500000,3.725000,-0.098537057571,0.048363502562,0.000000000000,-0.050173555009,0.000000000000,-0.050173555009
probe_1p5nm,1.500000,3.775000,-0.455733891265,0.139045069866,0.000000000000,-0.316688821399,0.000000000000,-0.316688821399
probe_1p5nm,1.500000,3.825000,-0.353091122962,0.006045437820,0.000000000000,-0.347045685142,0.000000000000,-0.347045685142
probe_1p5nm,1.500000,3.875000,0.759556485442,0.096727005124,0.000000000000,0.856283490566,0.000000000000,0.856283490566
probe_1p5nm,1.500000,3.925000,-1.363095963063,0.102772442944,0.000000000000,-1.260323520119,0.000000000000,-1.260323520119
probe_1p5nm,1.500000,3.975000,0.931996336191,-0.006045437820,0.000000000000,0.925950898371,0.000000000000,0.925950898371
probe_1p5nm,1.500000,4.025000,-0.201179825874,-0.030227189101,0.000000000000,-0.231407014975,0.000000000000,-0.231407014975
probe_1p5nm,1.500000,4.075000,0.094431346839,-0.018136313461,0.000000000000,0.076295033378,0.000000000000,0.076295033378
probe_1p5nm,1.500000,4.125000,-0.172439850749,-0.169272258967,0.000000000000,-0.341712109716,0.000000000000,-0.341712109716
probe_1p5nm,1.500000,4.175000,1.223501798171,0.024181751281,0.000000000000,1.247683549452,0.000000000000,1.247683549452
probe_1p5nm,1.500000,4.225000,-0.895044939602,0.024181751281,0.000000000000,-0.870863188321,0.000000000000,-0.870863188321
probe_1p5nm,1.500000,4.275000,-1.046956236690,0.036272626921,0.000000000000,-1.010683609769,0.000000000000,-1.010683609769
probe_1p5nm,1.500000,4.325000,1.736715639686,0.054408940382,0.000000000000,1.791124580068,0.000000000000,1.791124580068
probe_1p5nm,1.500000,4.375000,-1.777772747007,0.018136313461,0.000000000000,-1.759636433546,0.000000000000,-1.759636433546
probe_1p5nm,1.500000,4.425000,1.732609928954,0.120908756405,0.000000000000,1.853518685359,0.000000000000,1.853518685359
probe_1p5nm,1.500000,4.475000,-1.120859029868,0.006045437820,0.000000000000,-1.114813592048,0.000000000000,-1.114813592048
probe_1p5nm,1.500000,4.525000,-0.098537057571,0.120908756405,0.000000000000,0.022371698834,0.000000000000,0.022371698834
probe_1p5nm,1.500000,4.575000,0.258659776123,-0.006045437820,0.000000000000,0.252614338303,0.000000000000,0.252614338303
probe_1p5nm,1.500000,4.625000,-0.045162818053,0.006045437820,0.000000000000,-0.039117380233,0.000000000000,-0.039117380233
probe_1p5nm,1.500000,4.675000,-0.147805586356,0.024181751281,0.000000000000,-0.123623835075,0.000000000000,-0.123623835075
probe_1p5nm,1.500000,4.725000,-0.057479950250,0.078590691663,0.000000000000,0.021110741414,0.000000000000,0.021110741414
probe_1p5nm,1.500000,4.775000,-0.866304964477,0.012090875640,0.000000000000,-0.854214088836,-0.006045437820,-0.860259526657
probe_1p5nm,1.500000,4.825000,1.880415515310,0.084636129483,0.000000000000,1.965051644793,-0.030227189101,1.934824455692
probe_1p5nm,1.500000,4.875000,-0.447522469801,0.102772442944,0.000000000000,-0.344750026857,-0.090681567304,-0.435431594160
probe_1p5nm,1.500000,4.925000,-1.297404591349,0.096727005124,0.000000000000,-1.200677586225,-0.163226821147,-1.363904407372
probe_1p5nm,1.500000,4.975000,0.299716883445,0.066499816023,0.000000000000,0.366216699467,-0.163226821147,0.202989878321
probe_1p5nm,1.500000,5.025000,1.071590501083,0.108817880764,0.000000000000,1.180408381847,-0.114863318585,1.065545063263
probe_1p5nm,1.500000,5.075000,-0.697970824460,0.030227189101,0.000000000000,-0.667743635359,-0.024181751281,-0.691925386640
probe_1p5nm,1.500000,5.125000,-0.476262444926,0.205544885888,0.000000000000,-0.270717559037,-0.018136313461,-0.288853872498
probe_1p5nm,1.500000,5.175000,0.866304964477,0.090681567304,0.000000000000,0.956986531781,0.000000000000,0.956986531781
probe_1p5nm,1.500000,5.225000,-0.759556485442,0.000000000000,0.000000000000,-0.759556485442,0.000000000000,-0.759556485442
probe_1p5nm,1.500000,5.275000,0.451628180533,-0.012090875640,0.000000000000,0.439537304892,0.000000000000,0.439537304892
probe_1p5nm,1.500000,5.325000,0.221708379534,-0.060454378202,0.000000000000,0.161254001332,0.000000000000,0.161254001332
probe_1p5nm,1.500000,5.375000,-0.562482370300,-0.018136313461,0.000000000000,-0.580618683761,0.000000000000,-0.580618683761
probe_1p5nm,1.500000,5.425000,0.291505461980,-0.024181751281,0.000000000000,0.267323710699,0.000000000000,0.267323710699
probe_1p5nm,1.500000,5.475000,-0.246342643927,-0.030227189101,0.000000000000,-0.276569833028,0.000000000000,-0.276569833028
probe_1p5nm,1.500000,5.525000,-0.997687707905,-0.012090875640,0.000000000000,-1.009778583545,0.000000000000,-1.009778583545
probe_1p5nm,1.500000,5.575000,1.802407011400,0.066499816023,0.000000000000,1.868906827422,0.000000000000,1.868906827422
probe_1p5nm,1.500000,5.625000,-0.480368155658,-0.024181751281,0.000000000000,-0.504549906939,0.000000000000,-0.504549906939
probe_1p5nm,1.500000,5.675000,0.595328056157,-0.006045437820,0.000000000000,0.589282618337,0.000000000000,0.589282618337
probe_1p5nm,1.500000,5.725000,-1.038744815226,-0.024181751281,0.000000000000,-1.062926566507,0.000000000000,-1.062926566507
probe_1p5nm,1.500000,5.775000,0.385936808819,0.024181751281,0.000000000000,0.410118560100,0.000000000000,0.410118560100
probe_1p5nm,1.500000,5.825000,-0.036951396589,0.006045437820,0.000000000000,-0.030905958769,0.000000000000,-0.030905958769
probe_1p5nm,1.500000,5.875000,-0.636385163478,-0.018136313461,0.000000000000,-0.654521476939,0.000000000000,-0.654521476939
probe_1p5nm,1.500000,5.925000,0.821142146424,0.012090875640,0.000000000000,0.833233022064,0.000000000000,0.833233022064
probe_1p5nm,1.500000,5.975000,-0.702076535192,0.048363502562,0.000000000000,-0.653713032630,0.000000000000,-0.653713032630
probe_2p0nm,2.000000,0.025000,0.000000000000,0.000000000000,0.000000000000,0.000000000000,0.000000000000,0.000000000000
probe_2p0nm,2.000000,0.075000,0.000000000000,0.000000000000,0.000000000000,0.000000000000,0.000000000000,0.000000000000
probe_2p0nm,2.000000,0.125000,0.032845685857,0.000000000000,0.000000000000,0.032845685857,0.000000000000,0.032845685857
probe_2p0nm,2.000000,0.175000,0.234025511731,0.000000000000,0.009407046700,0.243432558431,0.000000000000,0.243432558431
probe_2p0nm,2.000000,0.225000,-0.890939228870,0.000000000000,-0.053909587138,-0.944848816008,0.000000000000,-0.944848816008
probe_2p0nm,2.000000,0.275000,1.478055863563,-0.006045437820,-0.118778603450,1.353231822293,0.000000000000,1.353231822293
probe_2p0nm,2.000000,0.325000,-0.886833518137,0.012090875640,-0.098069610544,-0.972812253041,0.000000000000,-0.972812253041
probe_2p0nm,2.000000,0.375000,0.180651272213,-0.030227189101,0.092214344962,0.242638428074,0.000000000000,0.242638428074
probe_2p0nm,2.000000,0.425000,-0.110854189767,-0.006045437820,0.087001191360,-0.029898436228,0.000000000000,-0.029898436228
probe_2p0nm,2.000000,0.475000,-0.587116634693,-0.018136313461,0.040797982500,-0.564454965654,0.000000000000,-0.564454965654
probe_2p0nm,2.000000,0.525000,1.428787334777,-0.060454378202,0.035104389222,1.403437345796,0.000000000000,1.403437345796
probe_2p0nm,2.000000,0.575000,-0.734922221049,-0.078590691663,0.005254003640,-0.808258909072,0.000000000000,-0.808258909072
probe_2p0nm,2.000000,0.625000,0.353091122962,-0.114863318585,0.002046121610,0.240273925988,0.000000000000,0.240273925988
probe_2p0nm,2.000000,0.675000,0.435205337605,-0.145090507686,-0.000706538952,0.289408290966,0.000000000000,0.289408290966
probe_2p0nm,2.000000,0.725000,-0.652808006407,-0.163226821147,0.000000000000,-0.816034827553,0.000000000000,-0.816034827553
probe_2p0nm,2.000000,0.775000,0.275082619052,-0.030227189101,-0.000360739910,0.244494690041,0.000000000000,0.244494690041
probe_2p0nm,2.000000,0.825000,0.176545561481,0.012090875640,0.000000000000,0.188636437122,0.000000000000,0.188636437122
probe_2p0nm,2.000000,0.875000,-0.246342643927,-0.018136313461,0.000000000000,-0.264478957388,0.000000000000,-0.264478957388
probe_2p0nm,2.000000,0.925000,0.398253941015,0.048363502562,0.000000000000,0.446617443577,0.000000000000,0.446617443577
probe_2p0nm,2.000000,0.975000,-0.283294040516,0.060454378202,0.000000000000,-0.222839662314,0.000000000000,-0.222839662314
probe_2p0nm,2.000000,1.025000,-0.192968404410,0.066499816023,0.000000000000,-0.126468588387,0.000000000000,-0.126468588387
probe_2p0nm,2.000000,1.075000,0.644596584943,0.036272626921,0.000000000000,0.680869211864,0.000000000000,0.680869211864
probe_2p0nm,2.000000,1.125000,-1.436998756241,0.048363502562,0.000000000000,-1.388635253679,0.000000000000,-1.388635253679
probe_2p0nm,2.000000,1.175000,1.416470202581,0.139045069866,0.000000000000,1.555515272446,0.000000000000,1.555515272446
probe_2p0nm,2.000000,1.225000,-0.636385163478,0.120908756405,0.000000000000,-0.515476407073,0.000000000000,-0.515476407073
probe_2p0nm,2.000000,1.275000,-0.242236933195,0.096727005124,0.000000000000,-0.145509928071,0.000000000000,-0.145509928071
probe_2p0nm,2.000000,1.325000,-0.279188329784,0.048363502562,0.000000000000,-0.230824827222,0.000000000000,-0.230824827222
probe_2p0nm,2.000000,1.375000,0.061585660982,0.030227189101,0.000000000000,0.091812850083,0.000000000000,0.091812850083
probe_2p0nm,2.000000,1.425000,-0.500896709318,0.012090875640,0.000000000000,-0.488805833678,0.000000000000,-0.488805833678
probe_2p0nm,2.000000,1.475000,1.018216261565,0.036272626921,0.000000000000,1.054488888487,0.000000000000,1.054488888487
probe_2p0nm,2.000000,1.525000,-1.112647608404,0.042318064742,0.000000000000,-1.070329543662,0.000000000000,-1.070329543662
probe_2p0nm,2.000000,1.575000,1.186550401582,0.030227189101,0.000000000000,1.216777590683,0.000000000000,1.216777590683
probe_2p0nm,2.000000,1.625000,0.804719303495,-0.078590691663,0.000000000000,0.726128611832,0.000000000000,0.726128611832
probe_2p0nm,2.000000,1.675000,-2.085701051916,-0.108817880764,0.000000000000,-2.194518932680,0.000000000000,-2.194518932680
probe_2p0nm,2.000000,1.725000,0.989476286440,-0.048363502562,0.000000000000,0.941112783878,0.000000000000,0.941112783878
probe_2p0nm,2.000000,1.775000,0.418782494676,-0.126954194225,0.000000000000,0.291828300451,0.000000000000,0.291828300451
probe_2p0nm,2.000000,1.825000,-0.225814090266,-0.096727005124,0.000000000000,-0.322541095390,0.030227189101,-0.292313906289
probe_2p0nm,2.000000,1.875000,0.361302544426,-0.054408940382,0.000000000000,0.306893604044,0.036272626921,0.343166230966
probe_2p0nm,2.000000,1.925000,-0.324351147837,-0.090681567304,0.000000000000,-0.415032715141,0.151135945506,-0.263896769635
probe_2p0nm,2.000000,1.975000,-1.687447110900,-0.090681567304,0.000000000000,-1.778128678204,0.175317696787,-1.602810981417
probe_2p0nm,2.000000,2.025000,2.282775167058,-0.084636129483,0.000000000000,2.198139037574,0.120908756405,2.319047793979
probe_2p0nm,2.000000,2.075000,-0.825247857156,-0.054408940382,0.000000000000,-0.879656797538,0.066499816023,-0.813156981515
probe_2p0nm,2.000000,2.125000,-0.234025511731,-0.066499816023,0.000000000000,-0.300525327753,0.030227189101,-0.270298138652
probe_2p0nm,2.000000,2.175000,0.168334140017,-0.126954194225,0.000000000000,0.041379945792,0.000000000000,0.041379945792
probe_2p0nm,2.000000,2.225000,-0.463945312729,-0.024181751281,0.000000000000,-0.488127064010,0.000000000000,-0.488127064010
probe_2p0nm,2.000000,2.275000,1.001793418637,-0.048363502562,0.000000000000,0.953429916075,0.000000000000,0.953429916075
probe_2p0nm,2.000000,2.325000,-1.124964740600,-0.048363502562,0.000000000000,-1.173328243162,0.000000000000,-1.173328243162
probe_2p0nm,2.000000,2.375000,1.289193169885,-0.048363502562,0.000000000000,1.240829667323,0.000000000000,1.240829667323
probe_2p0nm,2.000000,2.425000,0.123171321964,-0.108817880764,0.000000000000,0.014353441199,0.000000000000,0.014353441199
probe_2p0nm,2.000000,2.475000,-1.880415515310,-0.024181751281,0.000000000000,-1.904597266591,0.000000000000,-1.904597266591
probe_2p0nm,2.000000,2.525000,2.286880877790,-0.054408940382,0.000000000000,2.232471937407,0.000000000000,2.232471937407
probe_2p0nm,2.000000,2.575000,-0.874516385941,-0.048363502562,0.000000000000,-0.922879888503,0.000000000000,-0.922879888503
probe_2p0nm,2.000000,2.625000,1.149599004993,0.024181751281,0.000000000000,1.173780756274,0.000000000000,1.173780756274
probe_2p0nm,2.000000,2.675000,-1.486267285027,-0.030227189101,0.000000000000,-1.516494474128,0.000000000000,-1.516494474128
probe_2p0nm,2.000000,2.725000,0.993581997173,-0.084636129483,0.000000000000,0.908945867689,0.000000000000,0.908945867689
probe_2p0nm,2.000000,2.775000,-1.005899129369,-0.036272626921,0.000000000000,-1.042171756290,0.000000000000,-1.042171756290
probe_2p0nm,2.000000,2.825000,0.291505461980,-0.060454378202,0.000000000000,0.231051083778,0.000000000000,0.231051083778
probe_2p0nm,2.000000,2.875000,0.673336560067,-0.102772442944,0.000000000000,0.570564117123,0.000000000000,0.570564117123
probe_2p0nm,2.000000,2.925000,0.225814090266,-0.066499816023,0.000000000000,0.159314274244,0.000000000000,0.159314274244
probe_2p0nm,2.000000,2.975000,-0.607645188353,-0.126954194225,0.000000000000,-0.734599382579,0.000000000000,-0.734599382579
probe_2p0nm,2.000000,3.025000,-0.537848105907,-0.024181751281,0.000000000000,-0.562029857188,0.000000000000,-0.562029857188
probe_2p0nm,2.000000,3.075000,1.252241773296,0.012090875640,0.000000000000,1.264332648936,0.000000000000,1.264332648936
probe_2p0nm,2.000000,3.125000,0.201179825874,0.060454378202,0.000000000000,0.261634204076,0.000000000000,0.261634204076
probe_2p0nm,2.000000,3.175000,-1.182444690850,0.145090507686,0.000000000000,-1.037354183164,0.000000000000,-1.037354183164
probe_2p0nm,2.000000,3.225000,-0.053374239518,0.036272626921,0.000000000000,-0.017101612596,0.000000000000,-0.017101612596
probe_2p0nm,2.000000,3.275000,-0.106748479035,0.018136313461,0.000000000000,-0.088612165574,0.000000000000,-0.088612165574
probe_2p0nm,2.000000,3.325000,1.190656112314,0.084636129483,0.000000000000,1.275292241798,0.000000000000,1.275292241798
probe_2p0nm,2.000000,3.375000,-1.166021847921,0.084636129483,0.000000000000,-1.081385718438,0.000000000000,-1.081385718438
probe_2p0nm,2.000000,3.425000,1.042850525958,0.126954194225,0.000000000000,1.169804720183,0.000000000000,1.169804720183
probe_2p0nm,2.000000,3.475000,-1.071590501083,0.018136313461,0.000000000000,-1.053454187622,0.000000000000,-1.053454187622
probe_2p0nm,2.000000,3.525000,0.418782494676,0.132999632045,0.000000000000,0.551782126721,0.000000000000,0.551782126721
probe_2p0nm,2.000000,3.575000,-1.227607508903,-0.030227189101,0.000000000000,-1.257834698004,0.000000000000,-1.257834698004
probe_2p0nm,2.000000,3.625000,1.523218681616,0.048363502562,0.000000000000,1.571582184178,0.000000000000,1.571582184178
probe_2p0nm,2.000000,3.675000,-0.114959900499,0.102772442944,0.000000000000,-0.012187457555,0.000000000000,-0.012187457555
probe_2p0nm,2.000000,3.725000,-0.591222345425,0.036272626921,0.000000000000,-0.554949718503,0.000000000000,-0.554949718503
probe_2p0nm,2.000000,3.775000,0.086219925374,0.114863318585,0.000000000000,0.201083243959,0.000000000000,0.201083243959
probe_2p0nm,2.000000,3.825000,-0.369513965891,-0.108817880764,0.000000000000,-0.478331846655,0.000000000000,-0.478331846655
probe_2p0nm,2.000000,3.875000,0.340773990766,0.018136313461,0.000000000000,0.358910304227,0.000000000000,0.358910304227
probe_2p0nm,2.000000,3.925000,-0.895044939602,0.042318064742,0.000000000000,-0.852726874860,0.000000000000,-0.852726874860
probe_2p0nm,2.000000,3.975000,1.469844442098,0.012090875640,0.000000000000,1.481935317739,0.000000000000,1.481935317739
probe_2p0nm,2.000000,4.025000,-1.297404591349,-0.018136313461,0.000000000000,-1.315540904810,0.000000000000,-1.315540904810
probe_2p0nm,2.000000,4.075000,0.192968404410,-0.042318064742,0.000000000000,0.150650339668,0.000000000000,0.150650339668
probe_2p0nm,2.000000,4.125000,0.361302544426,-0.102772442944,0.000000000000,0.258530101482,0.000000000000,0.258530101482
probe_2p0nm,2.000000,4.175000,1.022321972297,0.030227189101,0.000000000000,1.052549161399,0.000000000000,1.052549161399
probe_2p0nm,2.000000,4.225000,-1.486267285027,0.024181751281,0.000000000000,-1.462085533746,0.000000000000,-1.462085533746
probe_2p0nm,2.000000,4.275000,0.615856609818,0.060454378202,0.000000000000,0.676310988020,0.000000000000,0.676310988020
probe_2p0nm,2.000000,4.325000,1.112647608404,0.018136313461,0.000000000000,1.130783921865,0.000000000000,1.130783921865
probe_2p0nm,2.000000,4.375000,-1.917366911899,-0.006045437820,0.000000000000,-1.923412349719,0.000000000000,-1.923412349719
probe_2p0nm,2.000000,4.425000,0.640490874210,0.024181751281,0.000000000000,0.664672625491,0.000000000000,0.664672625491
probe_2p0nm,2.000000,4.475000,0.431099626872,-0.054408940382,0.000000000000,0.376690686490,0.000000000000,0.376690686490
probe_2p0nm,2.000000,4.525000,-0.279188329784,0.030227189101,0.000000000000,-0.248961140683,0.000000000000,-0.248961140683
probe_2p0nm,2.000000,4.575000,0.328456858569,-0.078590691663,0.000000000000,0.249866166906,0.000000000000,0.249866166906
probe_2p0nm,2.000000,4.625000,-0.340773990766,-0.018136313461,0.000000000000,-0.358910304227,0.000000000000,-0.358910304227
probe_2p0nm,2.000000,4.675000,-0.357196833694,-0.042318064742,0.000000000000,-0.399514898436,0.000000000000,-0.399514898436
probe_2p0nm,2.000000,4.725000,-0.110854189767,0.054408940382,0.000000000000,-0.056445249385,0.000000000000,-0.056445249385
probe_2p0nm,2.000000,4.775000,-0.041057107321,-0.030227189101,0.000000000000,-0.071284296422,-0.006045437820,-0.077329734243
probe_2p0nm,2.000000,4.825000,1.322038855742,0.018136313461,0.000000000000,1.340175169203,-0.030227189101,1.309947980101
probe_2p0nm,2.000000,4.875000,-0.242236933195,0.054408940382,0.000000000000,-0.187827992813,-0.090681567304,-0.278509560116
probe_2p0nm,2.000000,4.925000,-1.104436186940,-0.018136313461,0.000000000000,-1.122572500400,-0.163226821147,-1.285799321547
probe_2p0nm,2.000000,4.975000,1.510901549419,0.054408940382,0.000000000000,1.565310489802,-0.163226821147,1.402083668655
probe_2p0nm,2.000000,5.025000,-0.373619676623,0.132999632045,0.000000000000,-0.240620044577,-0.114863318585,-0.355483363162
probe_2p0nm,2.000000,5.075000,-0.156017007820,0.072545253843,0.000000000000,-0.083471753978,-0.024181751281,-0.107653505259
probe_2p0nm,2.000000,5.125000,-0.394148230283,0.126954194225,0.000000000000,-0.267194036058,-0.018136313461,-0.285330349519
probe_2p0nm,2.000000,5.175000,-0.550165238104,0.048363502562,0.000000000000,-0.501801735542,0.000000000000,-0.501801735542
probe_2p0nm,2.000000,5.225000,0.771873617638,0.012090875640,0.000000000000,0.783964493279,0.000000000000,0.783964493279
probe_2p0nm,2.000000,5.275000,-0.796507882031,0.018136313461,0.000000000000,-0.778371568570,0.000000000000,-0.778371568570
probe_2p0nm,2.000000,5.325000,1.584804342597,-0.054408940382,0.000000000000,1.530395402215,0.000000000000,1.530395402215
probe_2p0nm,2.000000,5.375000,-1.034639104494,0.084636129483,0.000000000000,-0.950002975010,0.000000000000,-0.950002975010
probe_2p0nm,2.000000,5.425000,-0.344879701498,0.078590691663,0.000000000000,-0.266289009835,0.000000000000,-0.266289009835
probe_2p0nm,2.000000,5.475000,0.652808006407,0.030227189101,0.000000000000,0.683035195508,0.000000000000,0.683035195508
probe_2p0nm,2.000000,5.525000,-1.395941648920,0.024181751281,0.000000000000,-1.371759897639,0.000000000000,-1.371759897639
probe_2p0nm,2.000000,5.575000,1.424681624045,0.042318064742,0.000000000000,1.466999688787,0.000000000000,1.466999688787
probe_2p0nm,2.000000,5.625000,-0.907362071798,0.006045437820,0.000000000000,-0.901316633978,0.000000000000,-0.901316633978
probe_2p0nm,2.000000,5.675000,0.607645188353,0.042318064742,0.000000000000,0.649963253095,0.000000000000,0.649963253095
probe_2p0nm,2.000000,5.725000,0.073902793178,-0.018136313461,0.000000000000,0.055766479717,0.000000000000,0.055766479717
probe_2p0nm,2.000000,5.775000,-0.073902793178,0.006045437820,0.000000000000,-0.067857355358,0.000000000000,-0.067857355358
probe_2p0nm,2.000000,5.825000,-0.578905213229,0.012090875640,0.000000000000,-0.566814337588,0.000000000000,-0.566814337588
probe_2p0nm,2.000000,5.875000,0.049268528785,-0.042318064742,0.000000000000,0.006950464044,0.000000000000,0.006950464044
probe_2p0nm,2.000000,5.925000,0.952524889851,-0.060454378202,0.000000000000,0.892070511649,0.000000000000,0.892070511649
probe_2p0nm,2.000000,5.975000,-0.246342643927,0.006045437820,0.000000000000,-0.240297206107,0.000000000000,-0.240297206107
probe_3p0nm,3.000000,0.025000,0.000000000000,0.000000000000,0.000000000000,0.000000000000,0.000000000000,0.000000000000
probe_3p0nm,3.000000,0.075000,0.000000000000,0.000000000000,0.000000000000,0.000000000000,0.000000000000,0.000000000000
probe_3p0nm,3.000000,0.125000,0.049268528785,0.000000000000,0.000478625948,0.049747154733,0.000000000000,0.049747154733
probe_3p0nm,3.000000,0.175000,-0.016422842928,0.000000000000,0.024710467995,0.008287625066,0.000000000000,0.008287625066
probe_3p0nm,3.000000,0.225000,-0.172439850749,0.000000000000,0.030569879198,-0.141869971551,0.000000000000,-0.141869971551
probe_3p0nm,3.000000,0.275000,0.574799502497,0.000000000000,-0.011659922141,0.563139580355,0.000000000000,0.563139580355
probe_3p0nm,3.000000,0.325000,-0.291505461980,0.030227189101,-0.086005766597,-0.347284039476,0.000000000000,-0.347284039476
probe_3p0nm,3.000000,0.375000,-0.307928304909,0.048363502562,0.054761561927,-0.204803240420,0.000000000000,-0.204803240420
probe_3p0nm,3.000000,0.425000,-0.336668280034,0.066499816023,0.017977059211,-0.252191404800,0.000000000000,-0.252191404800
probe_3p0nm,3.000000,0.475000,-0.197074115142,0.072545253843,-0.035737432955,-0.160266294254,0.000000000000,-0.160266294254
probe_3p0nm,3.000000,0.525000,1.461633020634,0.042318064742,0.012435033835,1.516386119211,0.000000000000,1.516386119211
probe_3p0nm,3.000000,0.575000,-0.837564989352,-0.024181751281,-0.004166774820,-0.865913515453,0.000000000000,-0.865913515453
probe_3p0nm,3.000000,0.625000,-0.090325636107,-0.078590691663,-0.002004235360,-0.170920563129,0.000000000000,-0.170920563129
probe_3p0nm,3.000000,0.675000,-0.332562569302,-0.193454010248,-0.000997756330,-0.527014335879,0.000000000000,-0.527014335879
probe_3p0nm,3.000000,0.725000,0.541953816640,-0.126954194225,0.000000000000,0.414999622414,0.000000000000,0.414999622414
probe_3p0nm,3.000000,0.775000,0.098537057571,-0.042318064742,-0.000360739910,0.055858252919,0.000000000000,0.055858252919
probe_3p0nm,3.000000,0.825000,0.307928304909,-0.018136313461,0.000000000000,0.289791991448,0.000000000000,0.289791991448
probe_3p0nm,3.000000,0.875000,-1.022321972297,-0.024181751281,0.000000000000,-1.046503723578,0.000000000000,-1.046503723578
probe_3p0nm,3.000000,0.925000,0.870410675209,0.036272626921,0.000000000000,0.906683302130,0.000000000000,0.906683302130
probe_3p0nm,3.000000,0.975000,0.073902793178,0.048363502562,0.000000000000,0.122266295740,0.000000000000,0.122266295740
probe_3p0nm,3.000000,1.025000,-0.385936808819,0.114863318585,0.000000000000,-0.271073490234,0.000000000000,-0.271073490234
probe_3p0nm,3.000000,1.075000,0.459839601997,0.102772442944,0.000000000000,0.562612044941,0.000000000000,0.562612044941
probe_3p0nm,3.000000,1.125000,-0.948419179119,0.078590691663,0.000000000000,-0.869828487456,0.000000000000,-0.869828487456
probe_3p0nm,3.000000,1.175000,-0.123171321964,0.205544885888,0.000000000000,0.082373563925,0.000000000000,0.082373563925
probe_3p0nm,3.000000,1.225000,0.426993916140,0.139045069866,0.000000000000,0.566038986006,0.000000000000,0.566038986006
probe_3p0nm,3.000000,1.275000,0.332562569302,0.163226821147,0.000000000000,0.495789390448,0.000000000000,0.495789390448
probe_3p0nm,3.000000,1.325000,-0.373619676623,0.102772442944,0.000000000000,-0.270847233679,0.000000000000,-0.270847233679
probe_3p0nm,3.000000,1.375000,-1.613544317722,0.054408940382,0.000000000000,-1.559135377340,0.000000000000,-1.559135377340
probe_3p0nm,3.000000,1.425000,1.297404591349,0.102772442944,0.000000000000,1.400177034293,0.000000000000,1.400177034293
probe_3p0nm,3.000000,1.475000,0.476262444926,0.000000000000,0.000000000000,0.476262444926,0.000000000000,0.476262444926
probe_3p0nm,3.000000,1.525000,-1.646390003579,0.054408940382,0.000000000000,-1.591981063197,0.000000000000,-1.591981063197
probe_3p0nm,3.000000,1.575000,0.505002420050,0.042318064742,0.000000000000,0.547320484792,0.000000000000,0.547320484792
probe_3p0nm,3.000000,1.625000,0.890939228870,0.048363502562,0.000000000000,0.939302731432,0.000000000000,0.939302731432
probe_3p0nm,3.000000,1.675000,-0.948419179119,-0.006045437820,0.000000000000,-0.954464616939,0.000000000000,-0.954464616939
probe_3p0nm,3.000000,1.725000,-0.225814090266,0.042318064742,0.000000000000,-0.183496025525,0.000000000000,-0.183496025525
probe_3p0nm,3.000000,1.775000,0.915573493262,-0.066499816023,0.000000000000,0.849073677240,0.000000000000,0.849073677240
probe_3p0nm,3.000000,1.825000,-0.944313468387,-0.030227189101,0.000000000000,-0.974540657488,0.000000000000,-0.974540657488
probe_3p0nm,3.000000,1.875000,1.892732647506,-0.060454378202,0.000000000000,1.832278269304,0.000000000000,1.832278269304
probe_3p0nm,3.000000,1.925000,-0.578905213229,-0.054408940382,0.000000000000,-0.633314153611,0.000000000000,-0.633314153611
probe_3p0nm,3.000000,1.975000,-1.749032771882,-0.042318064742,0.000000000000,-1.791350836624,0.000000000000,-1.791350836624
probe_3p0nm,3.000000,2.025000,1.469844442098,-0.042318064742,0.000000000000,1.427526377356,0.000000000000,1.427526377356
probe_3p0nm,3.000000,2.075000,-0.262765486856,-0.054408940382,0.000000000000,-0.317174427238,0.000000000000,-0.317174427238
probe_3p0nm,3.000000,2.125000,0.135488454160,-0.060454378202,0.000000000000,0.075034075957,0.000000000000,0.075034075957
probe_3p0nm,3.000000,2.175000,-0.414676783944,-0.060454378202,0.000000000000,-0.475131162146,0.000000000000,-0.475131162146
probe_3p0nm,3.000000,2.225000,0.004105710732,-0.042318064742,0.000000000000,-0.038212354010,0.000000000000,-0.038212354010
probe_3p0nm,3.000000,2.275000,-0.028739975125,-0.090681567304,0.000000000000,-0.119421542429,0.000000000000,-0.119421542429
probe_3p0nm,3.000000,2.325000,1.075696211815,-0.060454378202,0.000000000000,1.015241833612,0.000000000000,1.015241833612
probe_3p0nm,3.000000,2.375000,0.275082619052,-0.090681567304,0.000000000000,0.184401051748,0.000000000000,0.184401051748
probe_3p0nm,3.000000,2.425000,-1.223501798171,-0.066499816023,0.000000000000,-1.290001614194,0.000000000000,-1.290001614194
probe_3p0nm,3.000000,2.475000,-0.406465362480,-0.060454378202,0.000000000000,-0.466919740682,0.000000000000,-0.466919740682
probe_3p0nm,3.000000,2.525000,1.387730227456,-0.042318064742,0.000000000000,1.345412162714,0.000000000000,1.345412162714
probe_3p0nm,3.000000,2.575000,0.361302544426,-0.066499816023,0.000000000000,0.294802728404,0.000000000000,0.294802728404
probe_3p0nm,3.000000,2.625000,-0.381831098087,-0.012090875640,0.000000000000,-0.393921973727,0.000000000000,-0.393921973727
probe_3p0nm,3.000000,2.675000,-0.094431346839,-0.060454378202,0.000000000000,-0.154885725041,0.000000000000,-0.154885725041
probe_3p0nm,3.000000,2.725000,1.092119054743,-0.042318064742,0.000000000000,1.049800990002,0.000000000000,1.049800990002
probe_3p0nm,3.000000,2.775000,-0.960736311316,-0.078590691663,0.000000000000,-1.039327002979,0.006045437820,-1.033281565159
probe_3p0nm,3.000000,2.825000,-0.546059527372,-0.054408940382,0.000000000000,-0.600468467754,0.030227189101,-0.570241278653
probe_3p0nm,3.000000,2.875000,0.730816510317,-0.024181751281,0.000000000000,0.706634759036,0.048363502562,0.754998261598
probe_3p0nm,3.000000,2.925000,0.020528553661,-0.084636129483,0.000000000000,-0.064107575823,0.126954194225,0.062846618402
probe_3p0nm,3.000000,2.975000,0.377725387355,-0.102772442944,0.000000000000,0.274952944411,0.175317696787,0.450270641198
probe_3p0nm,3.000000,3.025000,-1.079801922547,-0.066499816023,0.000000000000,-1.146301738570,0.132999632045,-1.013302106524
probe_3p0nm,3.000000,3.075000,0.665125138603,-0.042318064742,0.000000000000,0.622807073861,0.084636129483,0.707443203345
probe_3p0nm,3.000000,3.125000,-0.053374239518,-0.132999632045,0.000000000000,-0.186373871563,0.006045437820,-0.180328433743
probe_3p0nm,3.000000,3.175000,0.336668280034,-0.084636129483,0.000000000000,0.252032150550,0.000000000000,0.252032150550
probe_3p0nm,3.000000,3.225000,-0.119065611231,-0.084636129483,0.000000000000,-0.203701740715,0.000000000000,-0.203701740715
probe_3p0nm,3.000000,3.275000,-1.227607508903,-0.108817880764,0.000000000000,-1.336425389668,0.000000000000,-1.336425389668
probe_3p0nm,3.000000,3.325000,1.679235689436,-0.145090507686,0.000000000000,1.534145181750,0.000000000000,1.534145181750
probe_3p0nm,3.000000,3.375000,0.004105710732,-0.060454378202,0.000000000000,-0.056348667470,0.000000000000,-0.056348667470
probe_3p0nm,3.000000,3.425000,-0.426993916140,-0.012090875640,0.000000000000,-0.439084791781,0.000000000000,-0.439084791781
probe_3p0nm,3.000000,3.475000,-0.217602668802,-0.102772442944,0.000000000000,-0.320375111746,0.000000000000,-0.320375111746
probe_3p0nm,3.000000,3.525000,1.133176162065,0.048363502562,0.000000000000,1.181539664626,0.000000000000,1.181539664626
probe_3p0nm,3.000000,3.575000,-1.621755739187,-0.108817880764,0.000000000000,-1.730573619951,0.000000000000,-1.730573619951
probe_3p0nm,3.000000,3.625000,0.882727807405,-0.060454378202,0.000000000000,0.822273429203,0.000000000000,0.822273429203
probe_3p0nm,3.000000,3.675000,0.739027931781,0.036272626921,0.000000000000,0.775300558703,0.000000000000,0.775300558703
probe_3p0nm,3.000000,3.725000,-0.472156734194,-0.018136313461,0.000000000000,-0.490293047654,0.000000000000,-0.490293047654
probe_3p0nm,3.000000,3.775000,-0.619962320550,-0.042318064742,0.000000000000,-0.662280385292,0.000000000000,-0.662280385292
probe_3p0nm,3.000000,3.825000,0.439311048337,-0.114863318585,0.000000000000,0.324447729752,0.000000000000,0.324447729752
probe_3p0nm,3.000000,3.875000,0.390042519551,0.018136313461,0.000000000000,0.408178833012,0.000000000000,0.408178833012
probe_3p0nm,3.000000,3.925000,-0.390042519551,0.024181751281,0.000000000000,-0.365860768270,0.000000000000,-0.365860768270
probe_3p0nm,3.000000,3.975000,0.558376659568,-0.048363502562,0.000000000000,0.510013157006,0.000000000000,0.510013157006
probe_3p0nm,3.000000,4.025000,-0.841670700084,-0.018136313461,0.000000000000,-0.859807013545,0.000000000000,-0.859807013545
probe_3p0nm,3.000000,4.075000,0.677442270799,-0.042318064742,0.000000000000,0.635124206058,0.000000000000,0.635124206058
probe_3p0nm,3.000000,4.125000,-1.334355987938,-0.108817880764,0.000000000000,-1.443173868703,0.000000000000,-1.443173868703
probe_3p0nm,3.000000,4.175000,1.892732647506,0.018136313461,0.000000000000,1.910868960967,0.000000000000,1.910868960967
probe_3p0nm,3.000000,4.225000,-1.568381499669,0.030227189101,0.000000000000,-1.538154310568,0.000000000000,-1.538154310568
probe_3p0nm,3.000000,4.275000,1.215290376707,0.084636129483,0.000000000000,1.299926506190,0.000000000000,1.299926506190
probe_3p0nm,3.000000,4.325000,-0.020528553661,0.048363502562,0.000000000000,0.027834948901,0.000000000000,0.027834948901
probe_3p0nm,3.000000,4.375000,-0.578905213229,0.102772442944,0.000000000000,-0.476132770284,0.000000000000,-0.476132770284
probe_3p0nm,3.000000,4.425000,0.866304964477,0.084636129483,0.000000000000,0.950941093960,0.000000000000,0.950941093960
probe_3p0nm,3.000000,4.475000,-0.611750899086,0.048363502562,0.000000000000,-0.563387396524,0.000000000000,-0.563387396524
probe_3p0nm,3.000000,4.525000,-0.365408255158,0.102772442944,0.000000000000,-0.262635812214,0.000000000000,-0.262635812214
probe_3p0nm,3.000000,4.575000,0.443416759069,0.096727005124,0.000000000000,0.540143764193,0.000000000000,0.540143764193
probe_3p0nm,3.000000,4.625000,-1.030533393762,0.060454378202,0.000000000000,-0.970079015559,0.000000000000,-0.970079015559
probe_3p0nm,3.000000,4.675000,0.566588081032,0.042318064742,0.000000000000,0.608906145774,0.000000000000,0.608906145774
probe_3p0nm,3.000000,4.725000,-1.001793418637,0.120908756405,0.000000000000,-0.880884662232,0.000000000000,-0.880884662232
probe_3p0nm,3.000000,4.775000,0.279188329784,0.078590691663,0.000000000000,0.357779021447,-0.006045437820,0.351733583627
probe_3p0nm,3.000000,4.825000,1.280981748421,0.054408940382,0.000000000000,1.335390688803,-0.030227189101,1.305163499702
probe_3p0nm,3.000000,4.875000,-1.289193169885,0.048363502562,0.000000000000,-1.240829667323,-0.090681567304,-1.331511234627
probe_3p0nm,3.000000,4.925000,0.258659776123,0.036272626921,0.000000000000,0.294932403045,-0.163226821147,0.131705581898
probe_3p0nm,3.000000,4.975000,0.036951396589,0.090681567304,0.000000000000,0.127632963893,-0.163226821147,-0.035593857254
probe_3p0nm,3.000000,5.025000,1.662812846508,0.096727005124,0.000000000000,1.759539851632,-0.114863318585,1.644676533047
probe_3p0nm,3.000000,5.075000,-1.322038855742,0.108817880764,0.000000000000,-1.213220974977,-0.024181751281,-1.237402726258
probe_3p0nm,3.000000,5.125000,-1.075696211815,0.145090507686,0.000000000000,-0.930605704129,-0.018136313461,-0.948742017590
probe_3p0nm,3.000000,5.175000,0.710287956656,0.054408940382,0.000000000000,0.764696897039,0.000000000000,0.764696897039
probe_3p0nm,3.000000,5.225000,0.176545561481,0.072545253843,0.000000000000,0.249090815324,0.000000000000,0.249090815324
probe_3p0nm,3.000000,5.275000,-0.509108130783,0.054408940382,0.000000000000,-0.454699190400,0.000000000000,-0.454699190400
probe_3p0nm,3.000000,5.325000,0.730816510317,0.012090875640,0.000000000000,0.742907385957,0.000000000000,0.742907385957
probe_3p0nm,3.000000,5.375000,-0.619962320550,0.024181751281,0.000000000000,-0.595780569269,0.000000000000,-0.595780569269
probe_3p0nm,3.000000,5.425000,0.890939228870,0.066499816023,0.000000000000,0.957439044892,0.000000000000,0.957439044892
probe_3p0nm,3.000000,5.475000,-2.196555241683,-0.006045437820,0.000000000000,-2.202600679503,0.000000000000,-2.202600679503
probe_3p0nm,3.000000,5.525000,0.661019427871,0.006045437820,0.000000000000,0.667064865691,0.000000000000,0.667064865691
probe_3p0nm,3.000000,5.575000,0.644596584943,0.024181751281,0.000000000000,0.668778336223,0.000000000000,0.668778336223
probe_3p0nm,3.000000,5.625000,0.176545561481,0.000000000000,0.000000000000,0.176545561481,0.000000000000,0.176545561481
probe_3p0nm,3.000000,5.675000,0.090325636107,-0.006045437820,0.000000000000,0.084280198286,0.000000000000,0.084280198286
probe_3p0nm,3.000000,5.725000,0.246342643927,0.030227189101,0.000000000000,0.276569833028,0.000000000000,0.276569833028
probe_3p0nm,3.000000,5.775000,-0.927890625459,0.036272626921,0.000000000000,-0.891617998537,0.000000000000,-0.891617998537
probe_3p0nm,3.000000,5.825000,0.205285536606,0.000000000000,0.000000000000,0.205285536606,0.000000000000,0.205285536606
probe_3p0nm,3.000000,5.875000,-0.316139726373,-0.018136313461,0.000000000000,-0.334276039834,0.000000000000,-0.334276039834
probe_3p0nm,3.000000,5.925000,1.075696211815,-0.048363502562,0.000000000000,1.027332709253,0.000000000000,1.027332709253
probe_3p0nm,3.000000,5.975000,-0.525530973711,0.018136313461,0.000000000000,-0.507394660250,0.000000000000,-0.507394660250
