time_ps,temperature_K,potential_energy_kJ_mol,kinetic_energy_kJ_mol,yb_energy_kJ_mol,carbon_plane_nm,lowest_O_height_nm,highest_O_height_nm,mean_O_height_nm,waters_below_graphene
0.0,297.9715239342177,-76719.46633747872,40075.60481747974,0.3502256761011362,0.5000674359976381,0.28240951871812026,3.361794755719877,1.4665230684522728,0
2.0,300.06979013702903,-76440.41336801334,40357.81060021858,0.0008903262785537265,0.5004711747423138,0.27044006756121797,3.3008665470451923,1.442870342184887,0
4.0,301.6951922757303,-77112.37073541037,40576.41865014236,0.214686520839808,0.49962410936582274,0.26910627572013474,3.216780691181529,1.4275499900903066,0
6.0,300.0151734274951,-76450.08836466877,40350.46493967084,0.06582547355728928,0.49791283833469513,0.2716247716736968,3.2516610740147094,1.4419007952979332,0
8.0,302.08133838134677,-77085.4844949944,40628.35327304248,0.43051316819991203,0.49949005817974157,0.2619732567228966,3.4129838657411584,1.4309067513810187,0
10.0,299.64397861912664,-76938.08713193459,40300.54118771608,0.048656570548333555,0.500221846977135,0.26787786175423134,3.311388530531295,1.4250457432104064,0
12.0,300.56614242203824,-76957.95580682426,40424.56737536826,0.0013886539086614355,0.49981126807505205,0.26835420810876764,3.276049431299474,1.4146939520329174,0
14.0,301.42694717859354,-76733.0343444295,40540.34109358548,0.28186617947478915,0.4986543674335893,0.2643922998134471,3.229782806066951,1.4084622299215885,0
16.0,298.70114806945145,-75975.68801199738,40173.73543118019,0.020169421762695577,0.5002769852440175,0.2666176362817366,3.2179836755352476,1.4113211992366728,0
18.0,302.14359713784785,-77073.42313067964,40636.726748766,0.20668438652976023,0.5002286619470004,0.2624755872978983,3.2040586279658765,1.3886442923672087,0
20.0,302.0971545442991,-76770.28989568457,40630.48046388218,0.2371066741805284,0.5002125479454982,0.2734462930278472,3.1288454777326784,1.3866794094401595,0
22.0,297.6786897246681,-77063.70750165777,40036.22015446228,0.2730350107513933,0.49744551877573284,0.2711096874948581,3.14617191458087,1.381345284973161,0
24.0,299.1859951332475,-77240.52881573397,40238.94481451004,1.661892895694654,0.4986893747208207,0.27333646941953443,3.0561889439699903,1.361002657838594,0
26.0,297.27998174340837,-76599.66629051603,39982.59602527178,0.4178760930570991,0.5025987241048048,0.2584188841771692,3.0660848939645096,1.3394497233002138,0
28.0,299.68749645574553,-76638.44069052872,40306.39410815567,0.3533131480780107,0.5005723240591653,0.2638695833897309,3.085408929918108,1.3326587553055678,0
30.0,296.4889499439957,-76683.1851167616,39876.20640329461,0.260835330422001,0.5012999757867327,0.2538858189741191,3.0997496047630584,1.3277381289164503,0
32.0,300.5195461003286,-77332.92316044285,40418.30041485428,0.04111615873602983,0.4996210136691741,0.25601202992193306,3.0140004385633463,1.3053970693408357,0
34.0,300.9566404767456,-76937.81549648475,40477.08731256165,0.1795742701985854,0.5006867982522282,0.2648128727976614,2.9595225227071613,1.301566596062325,0
36.0,301.2163277579064,-76607.08905942831,40512.01388782132,0.06988878433695317,0.4991565369054759,0.26263987872794947,2.9712208695032327,1.3020008605762885,0
38.0,303.76102580832594,-77227.42484595906,40854.26240909592,1.0760504960083026,0.5011430225484997,0.27640366403581773,3.02685507675928,1.2991364132629188,0
40.0,300.4768094275582,-77244.60468424577,40412.5525568491,0.42660289306718746,0.5007284000832303,0.26510239882467956,2.954265730609417,1.29106433605442,0
42.0,300.04017298480767,-77345.05976336845,40353.82724881449,0.16333389289635508,0.5001920702400675,0.27145556793697323,2.9157483139024984,1.3006196991719907,0
44.0,299.77337024304467,-76771.15216468775,40317.943681479126,0.20971462656675371,0.5002277949151656,0.26369553430029125,3.009664944572229,1.308315073617563,0
46.0,298.61952861399163,-76470.74001436715,40162.75804314244,0.7157370190688341,0.5017186022168817,0.2789741470217887,3.0285226691752096,1.2960241448194008,0
48.0,299.19825447051903,-77046.08954308915,40240.593630978576,0.18521833076806285,0.49960613091718387,0.27252478325586427,3.0458972768334993,1.288665951964226,0
50.0,300.0227468643617,-77039.62844855955,40351.48352714849,0.2110849605094037,0.5007082917437569,0.26076856209556953,3.001044098645573,1.2857752759904126,0
52.0,302.1057884685539,-76723.82363319548,40631.641681343135,0.032311709607558484,0.5010025920181103,0.27035152308928234,3.0568985410297684,1.2967899989105105,0
54.0,300.25784003667695,-76818.08501125476,40383.10232395363,0.07185722471639273,0.49970889924984824,0.2796507039923097,3.1439854521311488,1.3004690524004405,0
56.0,297.47068693671076,-77133.76729838981,40008.24487205592,0.40594709649797345,0.49904155410692247,0.25681587970697145,2.899277629033287,1.2957155298336547,0
58.0,298.69951361885353,-77598.46243672783,40173.51560616003,0.8495578683025745,0.5002014256972482,0.2702229885018874,2.9220535262477587,1.2823999144844256,0
60.0,303.0865607859473,-77301.3980542596,40763.55040634083,0.7007367800096321,0.49884941926661314,0.2705358633985419,2.861895648861192,1.2760849388828008,0
62.0,299.4453070851783,-77523.11327291513,40273.82090995976,0.4204262142424595,0.4996882786145011,0.27127555271303555,2.9349156721486214,1.2776141889226036,0
64.0,303.27964073105045,-77496.07038241986,40789.518644768345,0.012602543069906205,0.5010583183350587,0.27017050109084517,2.9514816997266027,1.2777685299619026,0
66.0,300.74810698754857,-76817.7159402977,40449.040653626165,0.3200524386821953,0.499925576371683,0.25953840033288866,2.929635413171174,1.264025779941213,0
68.0,302.75199558641316,-77024.9095818582,40718.55314437035,0.025611356068606896,0.49982331636671695,0.26447295292096484,2.924117493164479,1.263321441239357,0
70.0,300.11555454655064,-77379.64610479388,40363.96567291304,0.5256537371450639,0.4997995997019697,0.2644800812367581,2.873292273598007,1.2577671736032408,0
72.0,301.4856182220676,-76996.88678337191,40548.23204075201,0.5021179904805149,0.500581866980179,0.27206730849176497,2.9438549811903463,1.2478952282820084,0
74.0,301.2565209660176,-77472.14143434865,40517.41966318987,0.1114165361045079,0.5002286442995146,0.2712968503195027,2.8566620346617695,1.2374913096383326,0
76.0,298.2360978515435,-76771.30711665621,40111.18861963562,0.7293881244380486,0.5006449549942443,0.24942130923441985,2.851654796585257,1.2438831264926227,0
78.0,298.1946931141104,-77220.71890767943,40105.61989993707,0.000714085068321443,0.49997537086934846,0.2637142714206135,2.973919925280125,1.2381171053833115,0
80.0,301.25378622006224,-76947.30116788473,40517.05185422364,0.0015917703739768735,0.5002973592240184,0.275330237077127,2.891795373669484,1.2312284280134476,0
82.0,301.7217133802942,-77434.2311283641,40579.98559939911,0.00018019964598615544,0.5011907544646166,0.2731154620068812,2.8160700998202586,1.2324385034059722,0
84.0,298.9871815256203,-77617.18978494906,40212.20542859018,0.3767689248533577,0.49981200203001674,0.27174053880172333,2.8201517649895633,1.2427656643591298,0
86.0,297.6920998886146,-77685.67328786815,40038.02375107367,0.2638205454720974,0.49978336592392525,0.2762097209457077,2.9235090337168375,1.2494073565583197,0
88.0,298.59150077868856,-76985.65139044274,40158.98844651567,0.48950226224237464,0.5005235828726412,0.2718942160836296,2.95927637381297,1.2457222871058784,0
90.0,300.9526565606642,-77329.75670228293,40476.55149677498,0.19404808942162868,0.5008754390307096,0.2568627742993833,2.8059912001142013,1.2298614294900427,0
92.0,302.4842408302152,-77059.91366710083,40682.54153609412,0.6991062720916952,0.5014044768406734,0.2809613621611,2.7970609401867206,1.228399860608327,0
94.0,296.9131019605353,-77236.7887734262,39933.25262158066,0.005019657251001962,0.49974726670138336,0.2723786658098004,2.862669319160134,1.2307409840104548,0
96.0,302.12074808445055,-77206.02745668625,40633.653671103035,0.43908804181647343,0.49736273803894065,0.26865038044786466,2.7345680631082385,1.2180520823413197,0
98.0,296.6868191681385,-77261.75692282536,39902.818774596366,0.04853207110087835,0.49919388572602874,0.2747462727268484,2.7431243897199105,1.2325482724009365,0
100.0,298.6000533050903,-77101.9296068243,40160.13871639295,7.990925268876921e-06,0.4998384512955152,0.26891270866305383,2.7361523623969592,1.2286411372683752,0
102.0,301.2175655480229,-77611.3853058418,40512.180364090265,0.09748194625718667,0.49847622625666416,0.2758520106266245,2.8452992228268377,1.2120488941378795,0
104.0,298.9666716407904,-77320.08502726385,40209.44695681261,0.011785638796056075,0.49892115184892954,0.2776550660488178,2.7861760819322146,1.2174052701643165,0
106.0,300.9839445191843,-77335.59471138939,40480.75956285003,0.022543416355098454,0.500712764258157,0.27333809484507854,2.7880702539527356,1.208156355984102,0
108.0,296.61192747001746,-77613.12367940182,39892.746234581864,0.45308610338344,0.5011915153190802,0.2730062114270737,2.76204685462268,1.2023322319448588,0
110.0,298.9752788651164,-77028.19803818979,40210.60458327338,0.003203399313156072,0.5010614945794977,0.2686670555699072,2.711936488301537,1.1895335977726227,0
112.0,299.5674544940446,-77161.27511964634,40290.24909484996,0.003850295059373015,0.5008536934833768,0.2807819317357171,2.729792064702872,1.1828383055361535,0
114.0,301.09136711551474,-77083.61556881841,40495.207337799,0.013037701741305143,0.5002416859019241,0.2655615475847797,2.750676987586291,1.1849881106123301,0
116.0,303.0479335060111,-76978.63009467965,40758.35524008649,0.5654869211327777,0.4992436737922124,0.26067470159314315,2.782249953684366,1.1808054736357454,0
118.0,301.40674947231,-76791.38490597962,40537.62460818261,0.3547063399120784,0.500597748132015,0.2715374010898266,2.9088658762420456,1.1934433695527615,0
120.0,297.51526573774777,-77602.64135486877,40014.24048663683,0.4511008068140285,0.4993205697176183,0.25957256847978194,2.809272494706359,1.1847707805360637,0
122.0,300.31253621903903,-77868.02824865677,40390.45867317931,0.0005060086362863811,0.5000108542284591,0.27085683558302254,2.804755774146966,1.1865638315343927,0
124.0,296.67096345037646,-77692.21598784765,39900.68626384252,0.2606818093886465,0.5001446308316925,0.2641512807729097,2.8266769502089995,1.1822901267818111,0
126.0,297.6291892576101,-77375.59404136764,40029.562601653524,0.07816435819774131,0.5007785942404104,0.2746714656846734,2.852358961300423,1.1805335596157218,0
128.0,300.98289036666336,-77185.56908065872,40480.61778487309,0.8956673908802268,0.499633300950834,0.25576669418029385,2.914540912697297,1.1808064912893026,0
130.0,300.9528913314634,-77209.3994823969,40476.583072214285,1.160948530397222,0.4993821017417651,0.2739679812109931,2.7810986467914214,1.1769849361814788,0
132.0,302.62803959129775,-77039.92273600481,40701.88171412959,0.574598966455507,0.4992678178214277,0.2752010401984023,2.6504342011228084,1.1778007811903428,0
134.0,299.18484706618847,-76906.1869118897,40238.79040552104,0.295160944064451,0.4997381255443879,0.2525441013218207,2.674611007045515,1.1732584726645219,0
136.0,296.43326894069367,-77429.27133189433,39868.71760082546,0.16759835193414863,0.4986074020894695,0.2693676840133836,2.608872314852071,1.178948147392383,0
138.0,301.7131244373033,-77338.29056082235,40578.83043168187,0.0010696218721179282,0.4985015775845627,0.26459877177639846,2.7484364645637704,1.1771535406086469,0
140.0,303.3608221954023,-77212.70512977196,40800.437125302706,0.4289181210089743,0.5011106872527991,0.2706464956431367,2.607434726431242,1.1780380327920892,0
142.0,300.8475298455169,-76970.38931191247,40462.41250578558,0.12294225847363797,0.5000091077394156,0.27807660594076145,2.628795420853621,1.1719945172156747,0
144.0,299.63609859194736,-76498.74454935477,40299.48136545179,0.16833096409561668,0.4988370532391889,0.26119183683325986,2.6708819432815254,1.1803460179200063,0
146.0,302.1328390124549,-77602.07519007346,40635.27983740973,0.0428698704003576,0.49950114089547204,0.2643123378421631,2.598663563172454,1.1910813770226165,0
148.0,299.89218411779035,-76622.47242343961,40333.92352354012,0.08303829618976999,0.49975929655592155,0.27235822004464316,2.753567407408522,1.1775659981520883,0
150.0,298.7430930748516,-77084.23322665785,40179.37681408245,0.011260909551398433,0.5011699154934083,0.2629394333338534,2.6958829409271043,1.1837781267682124,0
152.0,301.07228454214044,-77465.6881249887,40492.64083191498,0.52743434754919,0.5020209640485486,0.26082074501465946,2.82724914751092,1.1829127176065815,0
154.0,300.3254049863424,-77121.51499430032,40392.189454785985,0.054940746191371855,0.5012812088001732,0.27255001207749086,2.7445520837328266,1.1743360304511,0
156.0,301.7758320941684,-77286.90055694396,40587.264282146425,0.3629434836469946,0.4997600999923243,0.2618836416505911,2.865842895038232,1.1869672659968857,0
158.0,301.90066272388617,-77568.74620818149,40604.05334614702,0.0799973390127337,0.5017133441731596,0.2691925106914572,2.8008734948588607,1.1908185923647496,0
160.0,301.6924464618883,-77637.5356022052,40576.04935260353,0.3777166877089301,0.5005667748004633,0.27651536562534373,2.777408247213207,1.1903837081660082,0
162.0,300.5234681363767,-76873.1561344068,40418.82790810152,1.0085392608033696,0.4997689654383055,0.2663546524754683,2.779196635032556,1.1907505626452772,0
164.0,302.315741181303,-76763.16133939661,40659.87921839164,0.040150882651335075,0.50194751451264,0.2736396255121225,2.7669543695414447,1.1951982580325111,0
166.0,300.206486253643,-76750.98569305334,40376.19550988101,0.10971400317219543,0.5027615050376331,0.2577907386244269,2.81850733430711,1.1977485683221156,0
168.0,301.99729439468837,-76978.60929782165,40617.049798293825,0.3766729269934867,0.5000145511706715,0.27577920451668847,2.851649351327041,1.194013669235418,0
170.0,302.6180612683613,-76980.64270248113,40700.539682107665,0.02345451616459633,0.4986473688405296,0.27163742903155896,2.81989049946592,1.1909648079124786,0
172.0,300.4063382064766,-76907.12561620225,40403.074547777025,0.011291417931410396,0.5008773962944002,0.2642952760258097,2.9421336963874642,1.182672893635303,0
174.0,303.71535095505146,-77002.07536809251,40848.11938124629,1.154059969195381,0.4994314474705714,0.27786188860069655,2.8032996435998774,1.1730241439185476,0
176.0,301.30229696167635,-77573.16982977989,40523.576294158906,0.12617295726741545,0.49966119196548425,0.26468411813068543,2.7348995564639678,1.176282157068659,0
178.0,298.9154498792852,-77114.2862656361,40202.55789894212,0.04826368871906426,0.49884314818627773,0.2839286134456348,2.6401386846381585,1.1841605832448263,0
180.0,299.01754516180745,-77410.90165210317,40216.289178166626,0.000531292910325157,0.497221895104451,0.2820826819281074,2.6322273851066966,1.158425915132071,0
182.0,301.97618026071655,-77232.53240100387,40614.210058180586,0.05970439897526201,0.5002750505999644,0.2797301210235147,2.683118715107507,1.1576361512244893,0
184.0,297.42096216198536,-77047.17999758897,40001.55715104412,0.01622391686358611,0.5010879146986833,0.26227111543280457,2.63368642813354,1.1676342149548744,0
186.0,297.8263193692532,-77510.12244690373,40056.075566206404,0.025288586147561104,0.5008333593148021,0.2769352540199359,2.7222533585662294,1.183771150254466,0
188.0,300.5544549919542,-76968.42474963784,40422.995477412376,0.2698349377948812,0.49818376072542886,0.2722085318339716,2.796340272593372,1.182844980333584,0
190.0,298.0908506866239,-77562.61841067835,40091.65363889209,0.0202723519943858,0.49959327592014463,0.25998218648892807,2.9279412016086717,1.1884553499664203,0
192.0,300.8864053633489,-77335.581560547,40467.64105873299,0.06875418041858136,0.5009184832566309,0.2800226198959741,2.829933335674416,1.1817501098422336,0
194.0,304.2803362421222,-77535.27520132437,40924.10693466544,0.0015375273941367162,0.4993098514445504,0.2699366585972325,2.731908433280722,1.194579519984627,0
196.0,298.01515145354125,-77291.03696028492,40081.47248966698,0.04136286955471315,0.49929923224085576,0.2694947378717412,2.7172644883955615,1.1907220705426178,0
198.0,297.59702098623796,-77354.14938156551,40025.23613812389,0.30132791069301285,0.4997010135185248,0.2839302773532212,2.7258535514129107,1.2077563266115592,0
200.0,301.3338199580761,-77113.92119569541,40527.81597159419,0.19876642451338258,0.5006454739663961,0.26275694682901585,2.822981502133353,1.1955076680878836,0
202.0,302.62647577442294,-76932.38937025494,40701.671388974166,0.23511844305817955,0.499891086285637,0.2737483781102938,2.8138026153911104,1.1959861089115755,0
204.0,299.59626306021573,-77113.1649834055,40294.12369567754,1.8972534196830462,0.499014434747904,0.25819943714300225,2.7483542835598147,1.1818525630764758,0
206.0,302.2817569784349,-77584.28544087836,40655.308521614315,0.6635833404497836,0.5011489890687666,0.27139925142795507,2.85472697831174,1.1957149905005235,0
208.0,302.2205873502172,-77416.28497056104,40647.081527924056,0.20847003564519243,0.49939078427265704,0.27223471835412605,2.8236663352876534,1.176925939833449,0
210.0,301.3476301553062,-77108.04785059835,40529.67337058097,0.03945308014060372,0.49972846642059177,0.26906306627295107,2.7034758305807647,1.1678822278460448,0
212.0,298.31461026275184,-77222.117490632,40121.74812654188,0.3711872517887107,0.5002396048546208,0.27247700880214987,2.75528259347876,1.1597484148319253,0
214.0,302.59265019025787,-76747.29317685589,40697.12202557923,0.07714621894471828,0.4986989728294782,0.26880395525219053,2.69061715232249,1.150333936156117,0
216.0,302.7768875338756,-77189.15892239963,40721.90098055439,0.18195582614098282,0.4985270942371858,0.27188833390541056,2.634990199379511,1.1428444482948705,0
218.0,302.52115631766634,-76765.27945557598,40687.50647525073,0.0007264230295487203,0.500009720905931,0.25677099874465614,2.712134210774524,1.1565927562964953,0
220.0,299.82447478912275,-77097.82680816879,40324.81697449036,0.0074552273954046925,0.501615689023938,0.2769295579587996,2.7235154131522115,1.153149728614814,0
222.0,296.3250002664547,-76624.34263637394,39854.15603284197,1.0162262015154495,0.4996104764199998,0.2589192123140418,2.6190996679114162,1.14626402300186,0
224.0,298.96738835001014,-77192.3749496754,40209.543350438005,0.09255299220276479,0.501161520497137,0.26666465850477616,2.6288955527481597,1.14859319745532,0
226.0,299.45802704108667,-77550.62178797787,40275.53167721547,0.04788910697395824,0.5005017253147207,0.2673370384764894,2.6499858851132205,1.1561691898021789,0
228.0,300.40070892763373,-77418.82403724163,40402.3174393415,0.04179349842051259,0.49922908808529637,0.2726126685825016,2.6071761725673177,1.1541000680434867,0
230.0,303.80326394045994,-77204.93911888916,40859.94321600418,0.07750543921839996,0.49862820797485474,0.27136099528756263,2.548735054018643,1.1422236215985577,0
232.0,302.30258246840884,-77241.59466236655,40658.109440625994,0.3503900842438388,0.5006744420593324,0.27222352484983403,2.492506446514912,1.1407079528943775,0
234.0,299.77494432054533,-77385.19677712303,40318.155386634826,0.055945984265701174,0.4992151736751486,0.2559927380698744,2.5296864261929812,1.1255219882393974,0
236.0,299.9386315794347,-77477.21952035918,40340.17046315722,0.24508799697193634,0.5001970585223713,0.27017049484948485,2.523297422725047,1.1369157641955323,0
238.0,300.44850175087475,-77878.51874797337,40408.7453230266,0.49277695317826037,0.5009600409692311,0.2713943652609153,2.5512772014669642,1.1190660421868666,0
240.0,303.65542885777097,-77470.25562134711,40840.06017391419,0.21222761245536922,0.5015202676993127,0.26892959113878234,2.539904753848294,1.1213906279005772,0
242.0,298.34341919162745,-77156.99257313495,40125.622776151315,8.044658133430781e-05,0.4992597339481661,0.26951258478367063,2.566437086568405,1.1373163925139664,0
244.0,300.8057315126205,-77135.72033654549,40456.79084956465,0.033165521012711,0.4989456285230149,0.27115656333027266,2.700044218242394,1.1429530364057154,0
246.0,300.94607349273315,-76812.24393988925,40475.66610871706,0.008326892600307128,0.4986178906569399,0.254489534011147,2.7099004257951633,1.1590812049701875,0
248.0,301.36139259621126,-76799.85531796329,40531.52434659288,0.016180380264500274,0.5007164613340317,0.2696718421718901,2.6667708082938097,1.1536447443700049,0
250.0,297.9695671152732,-76743.00323807087,40075.34163561027,0.31847556773107494,0.5003810307276038,0.2688613566160505,2.70139896335776,1.1575433117374272,0
252.0,303.1798084602112,-77156.82446634804,40776.09172872831,0.10217811863608611,0.4998127821283102,0.2666249034933344,2.5444857098294014,1.146416186987938,0
254.0,298.36867799125855,-77029.52551730454,40129.01995202509,0.05113522284928841,0.5002939182272362,0.2457089967381999,2.4998432532826764,1.1443058308602392,0
256.0,301.80267878930306,-77106.92719958245,40590.8750216247,0.03512293078072843,0.4997936174671787,0.2664902980079353,2.556471351471236,1.1455167765840044,0
258.0,301.4023927625029,-77723.30672060291,40537.03865359799,0.833330557519764,0.4993588298552826,0.28030083251283383,2.547165425405989,1.1401257768038824,0
260.0,297.716387395868,-77198.09556178108,40041.290293224534,0.004699801290037001,0.5001751671785427,0.2679494632778726,2.5561711553315236,1.137600924223269,0
262.0,301.9552623898266,-77461.75834726589,40611.39671442096,0.46890103970032143,0.5008599149140122,0.2600427459238769,2.580768429898902,1.1377822848368406,0
264.0,300.0953416046385,-77519.57196315739,40361.24713839815,0.3877196444278792,0.5001026219497045,0.2674468247382158,2.5971819611023435,1.144540561243096,0
266.0,294.5611507991351,-77293.12754687085,39616.92754443974,0.6066390684985736,0.4994033187584873,0.27240489368752374,2.5666683028392416,1.1475962342746708,0
268.0,299.9065218119307,-77577.26498406252,40335.85186809055,1.0948563200828587,0.5000893693027415,0.2579568774237575,2.6357869480027185,1.16301910266543,0
270.0,300.0750324678694,-77320.94192805549,40358.515666180276,0.1569418224993953,0.49963449641086355,0.26305446637287433,2.637483376791827,1.1626243178791995,0
272.0,297.824879591937,-77023.35791705654,40055.88192372008,0.02604681782076567,0.5011469471519581,0.24303441554656313,2.6176153473858834,1.1622238809779788,0
274.0,302.30070767947313,-77249.80812231312,40657.857291361826,0.01881245263488871,0.4985265370108158,0.2631277052818342,2.7357328590927943,1.1626018820972577,0
276.0,300.62349692185626,-76941.86480879167,40432.28125432844,0.02877191069705006,0.5000214396024917,0.2741399818484015,2.7981150870228966,1.167859462344633,0
278.0,299.084033617817,-77065.93612126447,40225.23152625674,0.15274911184213816,0.49947865117438867,0.2680630960891864,2.774068814768516,1.1721861177507291,0
280.0,303.66946408824833,-77238.40546372498,40841.9478386907,0.13700449608964677,0.499631316605849,0.2743298938235617,2.6740055349509015,1.162620672193247,0
282.0,305.17695225588943,-77121.09225530014,41044.69707887228,0.22943185549843392,0.4987848162310049,0.25245642867134266,2.8622755995584157,1.1636086700726695,0
284.0,300.75152821790584,-76676.4623407633,40449.50079113856,0.3297708183442859,0.5002410047544376,0.27182747415973385,2.680410581458686,1.1688686624735352,0
286.0,302.3782699365194,-77302.89380628883,40668.28900752416,0.00662373633414331,0.5018013631192495,0.27177969810956637,2.7009192736866163,1.156224850406648,0
288.0,300.3961363392896,-76197.22707347095,40401.7024502276,0.38498519351349514,0.49974087876018275,0.2763568726540992,2.603625409056458,1.149150272396354,0
290.0,300.1483483903802,-76821.17444227613,40368.376272652255,0.008205941541401498,0.5001154845539993,0.26919096546783405,2.5969208358507303,1.147740637435555,0
292.0,305.5239816284411,-77322.97596182511,41091.370706643196,0.5646979988511668,0.499571463237036,0.27619485253604964,2.5222683689309875,1.1362491860230277,0
294.0,301.6874121700024,-77104.44182889361,40575.37226678844,0.16945192660548195,0.5003042871387586,0.27397137584941156,2.5426990249579884,1.1265541542420276,0
296.0,301.273542390212,-77640.88191489945,40519.70895533577,0.2752570886994916,0.4985457945984828,0.2668988236209151,2.597009773243551,1.1296931431102253,0
298.0,296.0061722117367,-77466.05162090191,39811.27533418694,0.11296609056245731,0.5003945277097291,0.2689603666304824,2.5927406398439468,1.1339174960587917,0
300.0,297.1071774800587,-76982.79346574272,39959.354759538255,0.374888070521182,0.49949729235955453,0.2771850883265793,2.6504643133823955,1.1325166862726288,0
302.0,298.3148143334633,-77523.07962978631,40121.77557298065,0.16055436510546706,0.4989144169250625,0.26868647246973293,2.6205495165234236,1.14031586382563,0
304.0,304.11418503707904,-77306.16686844046,40901.7604703277,0.7417714106945983,0.5013577163415518,0.2788631090007102,2.4358967315029325,1.1404617643067203,0
306.0,297.464153491366,-77461.56987033505,40007.36615797521,0.08304001340123786,0.5018141511386957,0.2685670016505788,2.369556355250303,1.1377175193291704,0
308.0,300.2716979538231,-77043.36318105308,40384.96614101846,0.004557830791999959,0.5013975124895034,0.2598439150299032,2.5405740899563805,1.1429775712589776,0
310.0,298.6928711166782,-77556.84265295789,40172.62222450844,0.0156776823113662,0.5013079874263647,0.2586732500159604,2.5382776148626687,1.1433291411190005,0
312.0,302.4386375131591,-76324.81136080471,40676.408129490104,0.3412729359344173,0.49924760339247276,0.2761900583944611,2.522133786649404,1.1473619842235323,0
314.0,302.0156158632337,-77089.89495974954,40619.513939576194,0.0004951301776203947,0.4989945175642794,0.27571125564793125,2.5950800124228137,1.1475958077589201,0
316.0,303.0218630956463,-76394.97028530564,40754.84890683218,0.003398025893606926,0.5008089242691697,0.26205958327682055,2.698656829534744,1.1417743902020647,0
318.0,300.26703935920403,-76687.08948106028,40384.339584512345,0.7143307623262144,0.5000262507171996,0.2637130546310299,2.64746693810106,1.1573398332993523,0
320.0,296.73750680421443,-77091.76856383518,39909.635995402205,0.2561238340942994,0.5008093195139469,0.26914390101674823,2.5816112260652213,1.1568197980127257,0
322.0,302.3096665986244,-76957.6915019803,40659.06221892926,0.08260727801756847,0.4992975337784732,0.2628487093278854,2.5796208363148176,1.1611702147524134,0
324.0,300.9490080060508,-77684.8502209544,40476.0607853442,0.016942622938809125,0.49960675772647045,0.2639449424262117,2.636170231238539,1.1679806848923846,0
326.0,302.4970223715819,-77195.46397059225,40684.26058627048,0.2980892584704153,0.5006614071926815,0.2502996492964157,2.6635659645630545,1.177082093889696,0
328.0,300.9878606437133,-76484.33988497243,40481.28626102899,0.051261879608190467,0.4980704907236734,0.2694007286562671,2.762852540390302,1.1753101070099643,0
330.0,300.3332373386787,-77338.7427023314,40393.242865034306,0.4157695184602072,0.4978619226518595,0.26425311728199014,2.6011026689808054,1.168776736948922,0
332.0,302.76062795506783,-77345.77852785797,40719.714152611254,0.3159187329361695,0.5010487723575219,0.25037534553409824,2.6262402756680876,1.160298167777558,0
334.0,299.2956663599433,-77953.93019129592,40253.69501843181,0.15227568646165,0.5000139443887373,0.27241642295522683,2.5756858965647567,1.1670403830569767,0
336.0,302.30428180449894,-77394.83341409022,40658.337992404035,0.0005040839893233217,0.49966952078511695,0.2679406094043164,2.6236989230491137,1.1730804539761703,0
338.0,296.2017373046089,-76813.91411255521,39837.577811935684,0.08040839779230008,0.4988687620822805,0.27102696079627653,2.6795689656881363,1.1602207515434795,0
340.0,295.65128569671344,-77133.77098812046,39763.54496202472,0.45910726333168195,0.5012286738925189,0.2718341270959348,2.6639080512373434,1.1601482396711489,0
342.0,299.6885000907763,-76975.99217801075,40306.52909179553,0.0676106933631041,0.5001853448366035,0.26897458195339874,2.639029357397201,1.1503785731344496,0
344.0,292.20442775222307,-77149.05378592398,39299.96067376272,0.8185046944469017,0.4997359810826489,0.2675899946070806,2.6333123329095085,1.160764175275446,0
346.0,296.66860448118547,-77712.61573846033,39900.368994877266,0.033537988923880664,0.5002406818872766,0.26196259878657335,2.636231768036509,1.1491729445896262,0
348.0,300.76883676583907,-77684.83974659548,40451.82869991916,0.16392023859666505,0.5011010778130406,0.2582011002387158,2.574472478787718,1.1499171365719227,0
350.0,298.00412175144504,-77065.22509570105,40079.98905267063,0.5773451869800652,0.5003419518971833,0.2794502210993036,2.6533853603251214,1.161877769730482,0
352.0,296.9192767139553,-77113.81123221747,39934.08309348159,0.5987179943352138,0.49999622524355763,0.2607364036300382,2.8285493523827543,1.1524266033845294,0
354.0,297.23992958574735,-77596.44502345717,39977.20922044788,0.060974727413036445,0.4992754050407857,0.27751176803657707,2.723699947213616,1.1389311935376945,0
356.0,298.47520131406594,-77840.77447397867,40143.34677940882,0.16991315723510653,0.4983773533442593,0.27153915880099694,2.695199977085225,1.143110090421684,0
358.0,302.1110818119099,-77436.69386732299,40632.35360822023,0.0026838129601819234,0.49962693232652744,0.25545689177031927,2.639706695247363,1.1420812338849449,0
360.0,299.35003256998897,-77435.9269861906,40261.00698811417,0.4429112338396616,0.4997796933390895,0.27126767119070466,2.6134163575778224,1.1364450034111737,0
362.0,296.652862382812,-77394.68374591402,39898.251765334375,0.04603028438269786,0.49954458383831424,0.2715866067490206,2.555392571483687,1.1252449568286118,0
364.0,300.58031403024376,-77516.90067211608,40426.47338223285,0.04985309997829937,0.5001347646742653,0.2795917587372765,2.640947586368937,1.1363336755622573,0
366.0,300.7524192881431,-76708.40622033388,40449.62063540496,1.3615801233198395,0.4999205846343586,0.2701320102140321,2.811995306569935,1.13588710886938,0
368.0,295.58147368318066,-77258.41202537366,39754.155612905335,0.37549555594840206,0.4989547465317741,0.2763238733006479,2.8661910440125298,1.1357930009594797,0
370.0,300.03977964928714,-76940.55444825906,40353.77434725305,0.24886130209467275,0.5012993785599634,0.26883182215504664,2.5762861482412944,1.1239272358394214,0
372.0,299.40289590915086,-77172.16687285842,40268.11682955678,0.5721611170514812,0.4993039015570168,0.268632580613331,2.657468910481853,1.1319418697529282,0
374.0,298.56756053491324,-76852.00056725251,40155.768609478546,0.37589228164081534,0.4996734999963139,0.263410773702008,2.6932654254600465,1.131217232425962,0
376.0,298.8482858958763,-76746.11344308325,40193.52469596513,0.36024079548120835,0.4996154094957561,0.2739063789842955,2.752988023506231,1.1390797337312693,0
378.0,308.5031349289616,-77119.35839388042,41492.05117699817,0.46480726894351426,0.4990255324416732,0.2679486026104983,2.687642670025935,1.1221426669731105,0
380.0,299.4906395198114,-76487.05510256998,40279.91788430074,0.8714421289509561,0.499382651265296,0.275052020409159,2.7971510147659626,1.1231104171165363,0
382.0,301.61097890819894,-77534.91412881203,40565.092394556006,0.003208158964230414,0.5000003418918908,0.2620632999554644,2.709997195534932,1.1214663695000413,0
384.0,298.71460285196866,-77153.94545160723,40175.54502875497,0.022808247052295054,0.499568081462794,0.2759886346823686,2.6663745597158552,1.120378563711058,0
386.0,301.87553231288007,-77212.84957274876,40600.67343786893,0.0013015824499177735,0.5009029095282934,0.2677964146038231,2.621328030017394,1.1286704731770332,0
388.0,296.09502406636534,-77376.4784471218,39823.22544192335,0.36623231560005964,0.5003249817282275,0.26905146536831304,2.668094630583461,1.1410038755832959,0
390.0,300.11300848245,-77557.46730402601,40363.62324066519,0.3684190766205492,0.49986880627531216,0.27137692772477384,2.6556710435117634,1.1368480672565993,0
392.0,301.10803687143766,-77974.13966377499,40497.4493324096,1.0869822021649478,0.49889245775169727,0.27350520327094535,2.6082127062585028,1.1445743938951862,0
394.0,299.82772400631126,-77887.70781822607,40325.25397713508,0.7791519858829747,0.49915079623983527,0.24229031464948025,2.6260821102963625,1.1341120982640618,0
396.0,299.3950573855606,-76992.04429966549,40267.062589307214,0.0161866986553177,0.49953874464037706,0.25279223332791656,2.6027288112625815,1.1434003123932932,0
398.0,299.9861605691906,-77084.070598603,40346.5628626244,0.5535069408012552,0.5008098830765494,0.2667908930852101,2.6424591416443337,1.152751509531343,0
400.0,301.3611718471071,-77129.83290558576,40531.49465699789,0.15300530613100402,0.49944399255818805,0.2691403534528599,2.5857699405856884,1.1529277468846664,0
402.0,300.0248247565855,-77230.31100882718,40351.76299273807,0.9466502292454497,0.4997257248546788,0.26946822917996804,2.5230033540560073,1.139250685711787,0
404.0,301.1814735596256,-77474.63039655215,40507.326181230805,0.07938173825044806,0.5006517318675435,0.27356219768902645,2.5179553044767062,1.1362820967969078,0
406.0,300.62816158438886,-77261.7420315186,40432.90862693705,0.05325704597936854,0.4995339017886672,0.2739169697480427,2.5885873179506858,1.1395683360354052,0
408.0,298.0793475553988,-77074.58570099098,40090.10652816467,0.11316261454288608,0.5009671309094407,0.2685400623585982,2.62712755118884,1.1502760829203067,0
410.0,299.3027945613325,-76370.93185473734,40254.65372407643,0.002940747501934377,0.501587594520089,0.28008241176441284,2.5819171985319898,1.1490061413914348,0
412.0,297.40835222917866,-77397.18895216077,39999.86118131767,0.056870551401672215,0.5005785871648621,0.27239987805058286,2.579151246557364,1.140705005738197,0
414.0,299.93271601246613,-76778.86581959005,40339.37485047258,0.24911195893919255,0.5007235477420048,0.2674918586657459,2.551494473011872,1.1372923504919177,0
416.0,300.5476378595714,-76350.11994357337,40422.07860891517,0.08565749096441447,0.49998801182360003,0.26092584893904375,2.5930256729043784,1.1379753492755988,0
418.0,301.50252603219695,-76495.5550253779,40550.50605240294,0.04363541913283007,0.49997498677112745,0.26234357557295634,2.458105901734976,1.1320368613221274,0
420.0,300.8465100783531,-76926.32688918081,40462.27535245857,0.24729130155823734,0.49995249008100207,0.2623881058116221,2.5637971153033217,1.1247930007215703,0
422.0,299.9791999383715,-76500.46945474378,40345.626694341256,0.09171112623663054,0.49902770084738823,0.25552956330025434,2.396300177770681,1.1292263893540544,0
424.0,298.47818267941295,-76680.87776390149,40143.74775738781,0.1034907703470153,0.5005287010206037,0.24119572871624095,2.3985622299619846,1.1369782583512085,0
426.0,302.46320401039316,-77119.1419273048,40679.71219432792,0.03019005564800266,0.5017737986724865,0.2759556013919767,2.542546220520281,1.1503109783699723,0
428.0,299.5755746973196,-77280.83458143356,40291.34121953754,0.49962736912480854,0.49984485407844786,0.2658502555712077,2.520825107181713,1.1521702868851542,0
430.0,298.11891204297007,-77167.83670775441,40095.42774392307,0.004346149609085826,0.5008877769626306,0.2727509627213839,2.642577183960424,1.1456541554116533,0
432.0,303.98894257797446,-77525.28405328013,40884.91601743779,0.09587670741918837,0.5004320079600205,0.25965723502538085,2.810340545682338,1.164086041127274,0
434.0,300.7175799062028,-76760.25833441212,40444.93492153441,0.008369897345286871,0.5005138663451538,0.27191034913505185,2.5857315586488294,1.1543491465087046,0
436.0,298.2835257737455,-77646.12719125906,40117.56742604768,0.10757331581723466,0.5001665084433534,0.27239056922574945,2.6418026973801023,1.1625264538191937,0
438.0,298.9895392837182,-76756.41733111814,40212.522534669784,0.007716347515999253,0.5017407793187123,0.26295447595190446,2.6564508273317777,1.161115675278803,0
440.0,300.18367032866473,-77160.3705964539,40373.12688781638,0.12722569191969044,0.4998635529918182,0.26983837247306114,2.6070935914347872,1.1558461324102174,0
442.0,296.5504656705228,-77294.68930806464,39884.47994538953,0.04253076008986545,0.49920201322861485,0.2753988374755318,2.617864349815772,1.1635971949843595,0
444.0,300.01766100993206,-76997.59229444957,40350.79950644212,0.701567733253225,0.5000031537825925,0.2644907480245252,2.526211334891216,1.1610701771068521,0
446.0,297.5405108870222,-77722.73241117108,40017.63582660933,0.005234870413024585,0.5002316956161219,0.2643825101435202,2.608530778730515,1.1591856228343171,0
448.0,300.29444834007063,-78210.90414385987,40388.02594846806,0.1850675316399135,0.49986119178083355,0.27467329661985795,2.6517337357233584,1.149732255871696,0
450.0,301.4773872001802,-76695.07511243643,40547.125011543154,0.11109266342613297,0.49909493497781643,0.2814567192336428,2.696845583030771,1.1605019956814138,0
452.0,299.5774531946037,-77545.6482387433,40291.59386755509,0.10728311605088905,0.49930383383631777,0.2733627786251283,2.58883658458807,1.1613548108444292,0
454.0,297.6922273552342,-77691.18659571116,40038.04089466446,0.05912969670788569,0.501421958425012,0.2685135476148045,2.6426564826100583,1.1729497014614652,0
456.0,299.5579385879963,-77698.62507843086,40288.969255470554,0.2290077594625762,0.499793135542081,0.26881467415374344,2.681641878269698,1.1618288425399503,0
458.0,299.9537482130684,-77927.82920954528,40342.20357097799,0.04403280133881623,0.49750013170665053,0.26852920764346155,2.5738658707449895,1.1477164051815119,0
460.0,295.54555311342347,-77245.54810313927,39749.324484952565,0.481915125124586,0.4994419771196155,0.26741879071961966,2.6979753521763863,1.1530618264933883,0
462.0,296.3261179948391,-77336.15469863848,39854.30636143859,0.009406671020794692,0.5004515711770895,0.26509777757783237,2.6213393079514375,1.1508213446322075,0
464.0,297.38682805447957,-77670.40234345861,39996.96629288043,0.00032633407205149065,0.4988333438997376,0.269375535479729,2.772856312583971,1.1567087824976223,0
466.0,300.3880133530076,-77062.48689960281,40400.609951240185,0.18057658553372444,0.49874228525881054,0.2695999747221001,2.6813860743049034,1.1476300656712193,0
468.0,299.81762533536704,-77517.74812229269,40323.89575893826,0.4241345885210467,0.5010134015177434,0.27741705447830034,2.572356356938221,1.148764300968338,0
470.0,301.3579922640622,-76444.84906682244,40531.067019779715,0.0041206781699752075,0.49921977002914963,0.27488379519224204,2.5933086657841926,1.1495991598128525,0
472.0,302.9727500206218,-76560.58939791715,40748.243456217075,0.06599813084099052,0.5020232119786459,0.2619958110078675,2.5456719983243907,1.1234280730624855,0
474.0,300.15677172971124,-77026.17819023761,40369.509167547105,0.049006585461053284,0.5011098162558059,0.2703581825601906,2.4644326388527844,1.1274499715916595,0
476.0,299.9823355915766,-77238.16740748007,40346.04842322673,0.04689619804976361,0.5003853361409398,0.2469596988561349,2.452222340087194,1.1249300151913597,0
478.0,300.7329089140262,-78009.0449648957,40446.99659256816,0.07082497772203904,0.5016235979556822,0.27115659980080364,2.613102432203021,1.1166095637797346,0
480.0,295.5404919871681,-77369.25132422976,39748.643790055736,0.8106250449527819,0.4999855127046647,0.280798657771037,2.4202540206356997,1.1202081073945562,0
482.0,295.44495217040424,-77382.39089235617,39735.79418654192,0.020500496527053505,0.4995638780886349,0.2603307485059716,2.455968542576125,1.1199410457453023,0
484.0,304.86980614994354,-77489.51182055601,41003.38754096546,0.10290459184561049,0.49886665590243645,0.27256663559258415,2.5977269497775723,1.1296025852323166,0
486.0,297.95673185726633,-76750.87382150092,40073.61536082796,0.37606520211734135,0.4987083941052621,0.2619694173807681,2.620424203630324,1.1134892503617762,0
488.0,299.2825666515402,-77174.35505554813,40251.93317646028,0.08545146724616387,0.5006968756372718,0.2611070242469189,2.5309437848582403,1.113649922992575,0
490.0,298.7036039676406,-77635.91090715979,40174.06573658656,0.14411040608802264,0.49971065265399156,0.27037163942888004,2.541156938854659,1.1250631133006492,0
492.0,298.65792125718565,-77512.09361870599,40167.92165198743,0.04242887669468312,0.499600368127235,0.2640786934623018,2.637563939396111,1.1263328324684387,0
494.0,298.7716121133671,-77394.06512672256,40183.212474961154,0.044381476445293486,0.500862551648943,0.2752328816430919,2.6449185445643053,1.124843725265551,0
496.0,298.2734328540493,-77493.05592556868,40116.20998136351,0.062693463910551,0.4985665017603447,0.27545155468362553,2.6034117603439304,1.124357154890086,0
498.0,301.25757461631156,-77643.66994114523,40517.56137361991,0.20684805774579176,0.4995139228879054,0.25793333064460955,2.574957424378533,1.1164932678862298,0
500.0,296.336631989927,-77486.17357671761,39855.72043855117,0.4763686454984494,0.4991351726218292,0.25965713586858946,2.6720067744451206,1.1144624494031221,0
