stage,target_temperature_K,measured_temperature_K,potential_energy_kJ_mol,kinetic_energy_kJ_mol,yb_energy_kJ_mol,carbon_plane_nm,lowest_water_O_height_nm,highest_water_O_height_nm
1,50.0,43.84097102084491,-103528.45982410887,3845.9884241612363,0.6300571728273782,0.5010717122747396,0.2942928595127482,3.586523020554591
1,50.0,48.816923654083396,-103435.66926266882,4282.50832280834,0.17874514349423845,0.5013077939493539,0.28488711055697025,3.598558186988858
1,50.0,50.294483085106364,-103575.63864405465,4412.128546434835,0.07968701381691108,0.5001565042664238,0.2871907457218241,3.436863540280977
1,50.0,51.10170072830789,-103780.0324960933,4482.942436712395,0.6043488242061347,0.500568878636687,0.28245498581258255,3.3871076691445174
1,50.0,50.89559531495022,-103904.43936269102,4464.861654843908,0.7681143553153695,0.4998404688118098,0.27503332835193445,3.369062250366385
1,50.0,49.728355259988504,-103986.76185208687,4362.464476244336,0.49767066239824714,0.5000428617476511,0.2806773513390035,3.3737737125951175
1,50.0,50.89736050468298,-104263.4354553062,4465.016507693207,0.324342915134471,0.500362734934736,0.27673587709431235,3.363835060995573
1,50.0,51.02183659700311,-104292.62278719025,4475.9362843085655,0.37818845913992855,0.4990419325633658,0.2796437298567275,3.3486336198812334
1,50.0,50.3986465421159,-104251.62673792697,4421.266378936054,0.37497824377053496,0.5005282956792984,0.2770145233422673,3.36463371770579
1,50.0,49.681065896297696,-104315.41025842784,4358.315974486601,0.29647177176543643,0.4996721555489412,0.2788971023652138,3.3343263391680704
1,50.0,50.53701015439187,-104422.2272842708,4433.404450670038,0.4837921780577227,0.5004178132012439,0.27508167155551344,3.3149120014543065
1,50.0,50.04859591667584,-104430.00180976524,4390.557874494564,0.3340406607745933,0.4998412342515564,0.27060382066218786,3.297040349860423
1,50.0,50.160534627228394,-104379.4567743903,4400.377798072351,0.42954026010484336,0.5000912763764394,0.2719229874766329,3.3016009926230527
1,50.0,50.49666418960863,-104425.33388804854,4429.865064796395,0.6255910424638097,0.5005009880367217,0.28482654099199123,3.295190464331762
1,50.0,50.189320418155646,-104430.08938960207,4402.903057347148,0.24459098662564652,0.4995036728555073,0.2754358887407056,3.3243774854179486
1,50.0,50.24974530810364,-104449.95131870836,4408.203884903197,0.058392019711464,0.500208303501315,0.2766818536816704,3.2960849565411463
1,50.0,49.8939236315429,-104500.15862073726,4376.989109836568,0.167583240889268,0.5001082277961652,0.2814977082951574,3.3088521509065636
1,50.0,50.5658097614765,-104509.29821464792,4435.930921979609,0.45568472241300617,0.5008309241127665,0.2815815358958894,3.2930941866475534
1,50.0,50.407942077722154,-104496.62394388404,4422.0818381173995,0.6159576371455391,0.49939553416225946,0.27114088618045284,3.2825498251317184
1,50.0,50.34308335470629,-104532.08536246838,4416.392048586818,0.636631752880715,0.4995804696114029,0.2724345863539873,3.2788385951252392
2,100.0,90.23209529577255,-100524.25373761496,7915.691325138599,0.5328230475960125,0.5001523305753529,0.2814302218122763,3.309764094584737
2,100.0,96.66356158151956,-100266.14681904775,8479.897461759192,0.018036513689897355,0.5005383612652635,0.2733576104149701,3.3093296561560805
2,100.0,98.98572955227078,-100156.6482692865,8683.611725529052,0.886808832708762,0.5000602011950934,0.2774900875887405,3.296904367039215
2,100.0,99.27469760262558,-100179.54719593539,8708.961706397144,0.16353290257447559,0.4994120026940951,0.27613435414702187,3.2942451574420115
2,100.0,99.26142746348212,-100242.88555358083,8707.797571562893,0.09103051773232027,0.5006296753365562,0.2844646272141491,3.297436539988345
2,100.0,98.37984305191607,-100076.74959403835,8630.45978996604,0.2277335050766514,0.49899313962799136,0.27894566096424184,3.308973971374513
2,100.0,99.92500981907153,-100267.50104106637,8766.010927669013,0.27496809328861826,0.5004624238815242,0.27356421695715494,3.2903913364437276
2,100.0,101.4017518941555,-100398.62864011596,8895.559448014155,0.7903046188318106,0.49889369829774516,0.2792221664861199,3.320056873123914
2,100.0,99.83527585214648,-100337.70540123573,8758.138935101062,0.021610122908967976,0.5001166022572231,0.26602209715130953,3.2528700194026916
2,100.0,99.20661595573058,-100485.32963106653,8702.989182984478,0.13360534641860192,0.5011234165874571,0.2680669623910431,3.262143561728547
2,100.0,101.31451412552975,-100434.0516935424,8887.90643667632,0.0014463003228476932,0.4984656605231179,0.27554864678322355,3.2434708839901547
2,100.0,100.55440479046884,-100419.56981409283,8821.225164896294,0.019697100981032473,0.4995700456460513,0.2881178666453796,3.2836198427752463
2,100.0,100.22948489837091,-100472.41717457003,8792.721276531363,0.07212459222365217,0.49978087650053377,0.27745229923165754,3.258874883235503
2,100.0,98.86011624730632,-100400.84921284113,8672.592185916568,0.09840667875110759,0.4978129256878853,0.27410184630922246,3.2449753307569402
2,100.0,99.23620216595782,-100503.62762810814,8705.58465975881,0.029967999014475437,0.5012879280703755,0.27982200639583277,3.2667290315849655
2,100.0,99.70692968461313,-100457.29148723825,8746.87965267358,0.002635845598321529,0.499198555412699,0.277616777540876,3.2907914568318315
2,100.0,99.9589374369077,-100488.39328151837,8768.987258311763,0.014532031129683102,0.500213516960643,0.28159663368310883,3.2493736516188525
2,100.0,101.02908786578655,-100629.56816549867,8862.86716255983,0.04288553287960261,0.5001774441704476,0.28453242072052265,3.287714995905609
2,100.0,99.85002725578127,-100555.95514620992,8759.433015188672,0.00577950803094891,0.4994387999566985,0.2683813756425024,3.263105836349344
2,100.0,100.65003900981205,-100528.58776658203,8829.61476238885,0.004848621392688822,0.5012980705766651,0.28376231179379696,3.275277944505841
3,150.0,139.40113736066104,-96974.8426716685,12229.08955071042,0.001587251434671048,0.4999300744680968,0.2791463960468741,3.273554295049344
3,150.0,146.26190591172946,-96471.04329504818,12830.956612817978,0.11609477178760216,0.5002866009538003,0.2819272767193326,3.2887281842602567
3,150.0,153.0223738641818,-96129.6022347419,13424.024715134468,0.01676146249030397,0.49998526468789567,0.27994068877932815,3.332912220670797
3,150.0,150.24141197662144,-95788.01890616713,13180.06234435337,0.0019236353830497281,0.5002501663013229,0.2751437478343103,3.2662606231138134
3,150.0,149.9946292344169,-96012.58219042339,13158.41310740216,0.11846192022770656,0.5010928863127622,0.2873374078281201,3.2926638757521007
3,150.0,149.21799967084337,-96255.72127877304,13090.28258378887,0.20115749863342433,0.49789572486904715,0.2853250079450769,3.31578541023345
3,150.0,149.27056630865778,-96042.72688673972,13094.894039142704,0.5212769477946874,0.5007484903273974,0.28022377707858637,3.3229111531367317
3,150.0,148.68551932458954,-96109.99022814806,13043.570268799043,0.39996221807910415,0.49954356905093744,0.2869678563390178,3.2715893202568203
3,150.0,150.8741533872491,-96254.23094775702,13235.57015095748,0.13017372833710597,0.49977239042358235,0.2806935207909965,3.271148719622073
3,150.0,152.01053279476375,-96196.60545975296,13335.260051636882,6.036852327143665e-05,0.5004807225205015,0.2694903622290836,3.279565992880414
3,150.0,152.36514364132168,-96330.23862426192,13366.36860555772,0.2710385668061868,0.4989903635689089,0.2786595462075002,3.301960801726024
3,150.0,151.03418270235335,-96316.12060260866,13249.608865864702,0.014060898939785653,0.5010474951019893,0.2824562887616394,3.3097741929299254
3,150.0,152.17075203622372,-96214.32371842826,13349.315428003658,0.1534248269888917,0.500405112733411,0.2710842049293214,3.315831564434326
3,150.0,152.47850339407856,-96336.67604202405,13376.313191334833,0.00013968946583025745,0.500472366846242,0.28374469683338177,3.349512836245179
3,150.0,151.6319624729944,-96392.72078289394,13302.049631307376,2.851924548748579e-07,0.4997266619773216,0.27089747773846556,3.303328519308293
3,150.0,149.5334674774976,-96426.07978612778,13117.957279497841,0.14399857587436563,0.5013096627566817,0.2713487498909072,3.25792674965711
3,150.0,150.4651946201148,-96527.67056718236,13199.69387705812,0.002778741620953193,0.49892979326285547,0.28140771862128156,3.251501237841594
3,150.0,150.8938594742221,-96469.2570716741,13237.298885075794,0.008733352753974282,0.5006395384722718,0.28107668921139817,3.235509600077399
3,150.0,148.7084688200966,-96493.43816503207,13045.583533834131,0.00422827046089217,0.49961252433345854,0.2827697465443471,3.2551308635527745
3,150.0,150.3769781219517,-96818.30229292542,13191.955005795575,0.13901324609551913,0.5000587530147684,0.2720248563298244,3.2554273897170645
4,200.0,190.12156296845467,-92964.38978556637,16678.58428620239,0.05613331406666483,0.49851714807184333,0.27953006689520166,3.2866944987975915
4,200.0,194.9744995392802,-92168.84215595422,17104.31249066459,0.13591491608052897,0.5011419785189252,0.2659346568639832,3.2148702525103214
4,200.0,198.18404610125089,-92089.5711990128,17385.872835627677,0.20771474897385825,0.4994668460285204,0.2752798105384387,3.2702975497148397
4,200.0,198.01514000172958,-92124.89173462556,17371.055396862,1.6962197822798173e-05,0.5001058466683544,0.27455019974086625,3.271155302472316
4,200.0,195.52224161845444,-91514.86360786634,17152.363654835397,0.00010524077829352524,0.5010984676177359,0.272854650949824,3.2780802335260204
4,200.0,204.9602225132257,-91776.4394331224,17980.318976616167,0.043123498508642014,0.5018424265535079,0.27221090250732705,3.2564669191673277
4,200.0,200.84152640438796,-91401.1358057328,17619.002673888834,0.05641724759397386,0.49975493424761863,0.2776234196885867,3.252944214011142
4,200.0,202.17207945214693,-92052.71286994487,17735.726630960413,0.23942239590539036,0.49914566400026406,0.28053952712468266,3.255255816954576
4,200.0,200.66145053467156,-91829.15405691403,17603.20535703491,0.38555902426826216,0.5018725636278436,0.2654723065303397,3.2809550558068437
4,200.0,201.72863115582797,-92056.97491856804,17696.824732242298,0.1426112902264246,0.4981233572654053,0.27165387806498004,3.273628960458642
4,200.0,200.61614406228782,-91904.75504659873,17599.23080619194,1.5556764337979085,0.501462147005949,0.27544350446445987,3.237022623847377
4,200.0,199.66199659177178,-91936.40946874884,17515.527365298658,3.309437586921961e-05,0.4988366073837801,0.277352098728913,3.2316133022695355
4,200.0,200.4346927776405,-91912.4369015547,17583.312829832088,1.5309147317708387,0.49883504778932075,0.29266086830043025,3.2626495584471122
4,200.0,197.96437148348343,-91811.10741023254,17366.60168315676,0.8000232454499725,0.5035555308726701,0.2708836930338375,3.2472087996680483
4,200.0,199.41192646451302,-92205.97521927708,17493.58973955108,1.723659719695329,0.49893010764331686,0.28540318130331793,3.2359705438064887
4,200.0,200.41026704444968,-91954.3997902238,17581.170060524837,0.376336560337313,0.502692457463519,0.2748503588289133,3.2000759600054405
4,200.0,200.16817742674021,-92378.49959856446,17559.9325321207,1.5889758170038757,0.49741017875736504,0.2794251872684741,3.1886211359901555
4,200.0,199.7861675645978,-91958.66282424226,17526.42037503329,3.1100157661004877,0.5013391956906206,0.2685765371175235,3.1260275718069215
4,200.0,203.9967740331531,-92118.63808441279,17895.79959633435,0.1265967101872773,0.49900925949076474,0.28154741617116347,3.2036306643974486
4,200.0,199.30697023627204,-92142.797970074,17484.382360483985,1.1756519726557673,0.49934605365869567,0.2690809412348175,3.2016032604842644
5,250.0,238.6331306922381,-87693.76078923116,20934.304986705916,1.4297053466827978,0.49923182907554964,0.2822996228597082,3.207182730107574
5,250.0,244.23237086135788,-86895.80448911665,21425.50334233299,1.9288362839296216,0.5021773402186843,0.2732902685149311,3.262340116737614
5,250.0,248.33016582355506,-86864.48009959282,21784.986073262997,0.6595135751409198,0.49933136400171035,0.2644493480153956,3.17738041801125
5,250.0,250.04190226238637,-86912.08919125458,21935.149684507604,0.2835351954465044,0.5016953747558722,0.26610573567410045,3.1805477761155423
5,250.0,246.62359273491086,-86174.51831132278,21635.27542153519,0.6456960910462961,0.4991029563053189,0.282370423288085,3.185194525343067
5,250.0,247.24222042690118,-86083.56593715679,21689.54508953887,0.347445126318471,0.4998679941174651,0.2691659730414223,3.2468929580646284
5,250.0,251.0769417008661,-86148.90941111709,22025.949445695616,0.31231138133669734,0.49867413127233756,0.2852731857987531,3.2716721724110376
5,250.0,249.74177950363278,-85927.78749739355,21908.821146860824,0.22203399772311408,0.5024377563354081,0.2738877323119615,3.3220820538226503
5,250.0,249.75869591777075,-85710.53002091625,21910.30515443269,0.2116873394291413,0.49771614100809475,0.2698019298030408,3.324630656872163
5,250.0,247.34880866539493,-86195.72877578333,21698.895638166177,0.06701412782320962,0.5003228784992829,0.27801586355420216,3.3218574810272585
5,250.0,246.94981007599884,-86429.0900693622,21663.893129774096,0.03268884178995773,0.49906049015356896,0.2670552971278916,3.2831992172617284
5,250.0,245.4038573300565,-86168.12012596068,21528.27304137853,0.07173716798011462,0.5003349113357308,0.27323981545762,3.3121443414139042
5,250.0,250.71321189816985,-86356.80101183639,21994.040923185312,0.016258212454326737,0.4983541823877095,0.2761873029965754,3.271968498572411
5,250.0,245.7926770332926,-85700.23532074969,21562.382597871263,0.7484191472409484,0.5014966636875346,0.2780071993327198,3.2276687736246554
5,250.0,251.2394864609277,-85716.86559055874,22040.20883026326,0.06290570320867055,0.5005843423201626,0.2753028061778753,3.2530853298784566
5,250.0,249.65591740280433,-85742.98147923581,21901.288817211844,0.12100194147851917,0.4987691427473724,0.2834543077188787,3.1985221132821646
5,250.0,250.08315037992335,-85875.24286697933,21938.76821253907,0.01904396733354473,0.5008451887076406,0.2638658928397032,3.2007821586910294
5,250.0,250.44642942218374,-86444.79941073433,21970.63719168667,0.13778447851233203,0.49745257093008005,0.2711336986405835,3.1499100983565773
5,250.0,250.0071514085599,-85493.81549050414,21932.101134750737,0.5557070137650892,0.5018829983330295,0.27346796787983263,3.15721262132626
5,250.0,249.27735504995044,-85421.40103318624,21868.07909596258,0.8226138837797401,0.49931645058062074,0.2790928479718748,3.1265461552963028
6,300.0,291.3482783571861,-81404.44079239736,25558.788500105817,0.0005515704921879648,0.5019986426491888,0.2676246933098857,3.1589558674401688
6,300.0,294.7061858226987,-80385.55167296273,25853.36393812761,1.7146733622778516,0.49844878309029017,0.27836509785640207,3.2001958677557285
6,300.0,297.47696606507594,-80181.12958752422,26096.43311497159,0.49947265220060577,0.501583426737797,0.2828310458840051,3.133256376562864
6,300.0,298.4864265114393,-79579.31930177694,26184.988936180845,0.02225428322760784,0.4992469539872624,0.24851953857160103,3.109312010955674
6,300.0,298.03398242416654,-79344.58185776195,26145.297873649317,0.13579137939324729,0.501178805984976,0.27318563553734343,3.153789974497135
6,300.0,295.9597221883803,-79304.17185590195,25963.33153782754,0.2821705363085984,0.5003559306065221,0.2734350563749114,3.2303558899322575
6,300.0,291.43294014550054,-79086.29779423308,25566.215531265127,0.0004376956477243995,0.49987347834759366,0.28113180959684836,3.161732541215576
6,300.0,295.04382286248216,-78916.84483279719,25882.98344965617,0.20896601760964026,0.49854110401312346,0.2653175723320057,3.119222056842337
6,300.0,298.31452631216234,-78972.82177992456,26169.908837334136,0.10726743951622263,0.4982637981345448,0.2558291778718118,3.175469371456785
6,300.0,298.57826049783466,-78602.47578768479,26193.045154836524,0.8066614949944682,0.502209978302399,0.2739664569085043,3.1236819216364546
6,300.0,305.40469134458857,-78468.14081324567,26791.899911097957,0.0383429549759094,0.4984350842200298,0.26573653568174915,3.0512525299493722
6,300.0,304.0272897306631,-78939.46138449281,26671.066121626012,0.3595247114484032,0.4997000809332779,0.2912854328764858,3.1351524155901798
6,300.0,301.33041334538757,-78703.20151762094,26434.48022679645,0.004318004537545158,0.49942535321850956,0.2622471004024951,3.0713457523914545
6,300.0,297.8940768435276,-78461.8266252384,26133.024531360505,0.014581005241732684,0.49985425559360686,0.278522643895342,3.1866100996408067
6,300.0,296.4827757893591,-78985.64304626035,26009.216883150388,0.18938098734906672,0.5003360361632991,0.2642029344412753,3.130114951225506
6,300.0,300.81814981349703,-78565.36986496346,26389.541449942393,0.2568066223685395,0.5017245342168277,0.27441705732659627,3.0420776363161073
6,300.0,296.641746867544,-78826.08463805809,26023.162763276647,0.45778493031307554,0.5011025205640998,0.2683110182801949,3.0351233068262538
6,300.0,299.0663577692109,-79077.31784906215,26235.86392485613,0.004084151082060104,0.5015805402189676,0.26861357864011903,3.0086262689081944
6,300.0,301.10735575188653,-79197.93955873989,26414.91229975126,0.07791115346644246,0.5001846842826752,0.2662507743681706,2.946497407827164
6,300.0,293.2113670679971,-78687.47637910582,25722.229624882864,0.015336656886059338,0.49892857859166195,0.2688594989506745,2.916015875028017
