time_ps,pyrene_height_nm,lateral_displacement_nm,lateral_x_nm,lateral_y_nm,path_length_nm,tilt_deg
110.000,0.31069968,0.00000000,0.00000000,0.00000000,0.00000000,7.020935
111.000,0.33324860,0.01703962,0.00592591,0.01597599,0.01703962,1.148929
112.000,0.33061309,0.09410857,0.07851168,-0.05188776,0.11640854,5.685617
113.000,0.32368312,0.08165237,0.05244693,-0.06258137,0.14458166,1.278401
114.000,0.33291202,0.08603896,0.06992903,-0.05012617,0.16604688,7.675651
115.000,0.32609799,0.06176450,0.05097960,-0.03487024,0.19037431,2.957573
116.000,0.33690053,0.18290733,0.18255234,-0.01139015,0.32402572,2.423255
117.000,0.31719785,0.13677253,0.13229511,0.03470920,0.39222352,0.493372
118.000,0.33623258,0.13297328,0.09843459,-0.08940092,0.52086977,8.161351
119.000,0.34940708,0.16759150,0.13663039,-0.09705179,0.55982429,4.001104
120.000,0.32877248,0.09019931,0.08790346,0.02022120,0.68681746,5.634160
121.000,0.34733574,0.10979192,0.10733865,-0.02307987,0.73428018,3.880552
122.000,0.32904892,0.19441391,0.19116995,-0.03536688,0.81900714,2.047557
123.000,0.31378758,0.26924548,0.15770974,-0.21822183,1.00489829,2.381952
124.000,0.33422260,0.29580446,0.06170543,-0.28929694,1.12434911,3.989536
125.000,0.33403137,0.25613919,0.14805908,-0.20901147,1.24225886,1.080646
126.000,0.31740609,0.32535940,-0.00431332,-0.32533081,1.43395533,2.060611
127.000,0.34876189,0.36230610,0.09004217,-0.35093890,1.53172411,1.688991
128.000,0.35328524,0.34284887,0.12634568,-0.31871949,1.58026311,6.523808
129.000,0.34608166,0.28214936,0.15290766,-0.23712341,1.66607372,6.448713
130.000,0.32665375,0.24717600,0.16579742,-0.18332264,1.72139702,5.735759
131.000,0.33313844,0.32921191,0.12663239,-0.30388274,1.84815915,4.626265
132.000,0.33848109,0.33339828,0.11242387,-0.31387146,1.86552741,1.744955
133.000,0.32763894,0.28036061,0.10233147,-0.26101789,1.91933591,3.601251
134.000,0.33132141,0.32170625,0.16113878,-0.27844067,1.98066985,3.743294
135.000,0.32120035,0.30341882,0.16382719,-0.25538918,2.00387758,2.027579
136.000,0.31100849,0.31032672,0.10628481,-0.29155825,2.07184322,1.924883
137.000,0.33226303,0.33058567,0.16070929,-0.28889343,2.12633289,6.306148
138.000,0.33747065,0.36996876,0.26393487,-0.25925907,2.23372803,8.109586
139.000,0.33290336,0.33685453,0.26828424,-0.20370208,2.28945501,4.888682
140.000,0.35687135,0.33569264,0.28899861,-0.17079037,2.32834287,6.911230
141.000,0.35619956,0.32028991,0.27247114,-0.16836004,2.34504807,7.554657
142.000,0.33105263,0.33186615,0.30397733,-0.13316504,2.39228501,2.798483
143.000,0.32632107,0.27237361,0.26231341,-0.07334206,2.46518680,0.931672
144.000,0.32041227,0.26709045,0.23155869,-0.13310854,2.53240202,4.463044
145.000,0.31957825,0.26399753,0.21253355,-0.15660200,2.56263277,4.005506
146.000,0.32237003,0.29069787,0.21365358,-0.19712280,2.60316905,4.715259
147.000,0.33156472,0.20614602,0.12566701,-0.16341354,2.69739193,2.609396
148.000,0.34108323,0.35470162,0.12346594,-0.33251977,2.86651248,2.501863
149.000,0.33294936,0.31796964,0.07755842,-0.30836567,2.91838658,0.773543
150.000,0.33058683,0.28296530,0.14594393,-0.24242469,3.01338548,3.389054
151.000,0.35073367,0.34149377,0.13398450,-0.31411169,3.08606321,7.363912
152.000,0.33019368,0.29794985,0.10487006,-0.27888417,3.13176472,5.277820
153.000,0.31603864,0.28469393,0.14980859,-0.24209094,3.18984409,2.411271
154.000,0.35205263,0.29115484,0.17918230,-0.22948823,3.22180724,0.527119
155.000,0.34162481,0.28759555,0.16675872,-0.23431331,3.23513491,2.549140
156.000,0.31699238,0.26583764,0.16134477,-0.21127592,3.25879990,3.368890
157.000,0.30821536,0.27865997,0.13383174,-0.24441859,3.30187429,0.537048
158.000,0.34220873,0.25626238,0.16715659,-0.19423976,3.36211099,6.203460
159.000,0.33362195,0.24018811,0.14541898,-0.19116393,3.38406513,5.220821
160.000,0.33181248,0.21806351,0.09914079,-0.19422357,3.43044435,6.438671
161.000,0.33249826,0.29735087,0.17742419,-0.23861727,3.52043929,5.745456
162.000,0.30161105,0.25842531,0.17376038,-0.19128767,3.56791048,1.623171
163.000,0.31408191,0.19830863,0.11020653,-0.16486611,3.63673774,0.207479
164.000,0.31825600,0.16014427,0.03979274,-0.15512165,3.70782259,5.375818
165.000,0.33225297,0.23535518,0.02964388,-0.23348083,3.78683627,3.304583
166.000,0.33013969,0.23284655,-0.00554664,-0.23278048,3.82203376,5.737570
167.000,0.34254931,0.23105066,0.00396066,-0.23101671,3.83170328,5.980649
168.000,0.34798641,0.23080718,-0.00480797,-0.23075709,3.84047576,5.154155
169.000,0.31963423,0.26354019,-0.09669884,-0.24515866,3.93348832,3.797771
170.000,0.35628629,0.23516338,-0.10512436,-0.21035846,3.96929395,2.815012
171.000,0.33875607,0.18101003,-0.09954599,-0.15117946,4.02873529,3.766552
172.000,0.33537956,0.25309778,-0.11827124,-0.22376416,4.10369644,1.753346
173.000,0.31671728,0.25995091,-0.13834206,-0.22008169,4.12410228,2.794423
174.000,0.34804066,0.30808197,-0.16808827,-0.25818759,4.17244374,1.996746
175.000,0.32887422,0.43278464,-0.27336673,-0.33551927,4.30307200,3.590633
176.000,0.31806957,0.39579687,-0.22919638,-0.32268279,4.34906977,6.180251
177.000,0.32241178,0.29108102,-0.20918946,-0.20240537,4.47099981,3.310916
178.000,0.33758435,0.39272555,-0.29424155,-0.26010627,4.57377749,3.098194
179.000,0.32502654,0.35321808,-0.23571749,-0.26305945,4.63237602,1.214504
180.000,0.34227763,0.35670575,-0.27507876,-0.22709177,4.68569565,2.215053
181.000,0.34523463,0.39023264,-0.19866009,-0.33588046,4.81864223,7.112347
182.000,0.34220955,0.32591283,-0.18265974,-0.26991590,4.88651958,1.169690
183.000,0.31944095,0.41992571,-0.24779299,-0.33902247,4.98148303,2.425919
184.000,0.34387324,0.47562744,-0.27314593,-0.38937484,5.03785796,2.631878
185.000,0.34663050,0.40868312,-0.27873728,-0.29887694,5.12852843,5.983008
186.000,0.32677206,0.39418343,-0.20454235,-0.33696142,5.21192696,6.721845
187.000,0.32912679,0.39583166,-0.21070251,-0.33509276,5.21836431,5.599337
188.000,0.31129577,0.47641189,-0.25658700,-0.40141176,5.29900918,9.216675
189.000,0.33149078,0.50125335,-0.16336500,-0.47388480,5.41708832,3.903546
190.000,0.34410697,0.43843844,-0.14405449,-0.41409730,5.47991698,6.133316
191.000,0.34683924,0.45857615,-0.17987947,-0.42182397,5.51656573,0.990908
192.000,0.32881562,0.45514106,-0.19413074,-0.41166326,5.53406826,6.331220
193.000,0.32781035,0.45638937,-0.11701880,-0.44113247,5.61661938,4.055503
194.000,0.34242153,0.39706631,-0.04088342,-0.39495595,5.70566357,2.698491
195.000,0.34518598,0.39372883,-0.10970620,-0.37813615,5.77651186,3.188930
196.000,0.34555506,0.36637135,-0.10128379,-0.35209311,5.80388295,6.549428
197.000,0.31884362,0.30944270,-0.04314890,-0.30641958,5.87781357,0.871106
198.000,0.33550693,0.31229703,-0.01151416,-0.31208470,5.90995156,2.854991
199.000,0.33899255,0.23551493,0.05177117,-0.22975428,6.01379438,4.165558
200.000,0.34761605,0.24003090,0.06346331,-0.23148918,6.02561454,4.690726
201.000,0.32241178,0.15605860,0.01769551,-0.15505210,6.11470617,1.525724
202.000,0.34336791,0.21856953,-0.01791987,-0.21783370,6.18688639,2.844068
203.000,0.34494109,0.25009191,0.01150963,-0.24982692,6.23035662,5.042049
204.000,0.32859369,0.26418392,-0.00206711,-0.26417583,6.25011059,4.224336
205.000,0.33951613,0.23775358,-0.01968777,-0.23693703,6.28255191,4.019026
206.000,0.32502274,0.26043626,0.01819447,-0.25979993,6.32679867,1.659418
207.000,0.32290905,0.25179678,-0.02600272,-0.25045055,6.37197391,2.150222
208.000,0.32975650,0.23586448,-0.00066785,-0.23586353,6.40120808,9.604760
209.000,0.32814440,0.16719772,-0.00275343,-0.16717504,6.46992822,4.170351
210.000,0.32909851,0.22416631,-0.04970097,-0.21858716,6.53955061,4.146096
211.000,0.37445028,0.24633540,-0.02526307,-0.24503654,6.57556146,3.870194
212.000,0.33981708,0.16479175,-0.05368381,-0.15580235,6.66921231,4.568318
213.000,0.33038192,0.16435183,-0.11620263,-0.11622595,6.74320484,0.547155
214.000,0.32694556,0.08934740,-0.08632575,-0.02303962,6.84106351,6.375629
215.000,0.33326406,0.16443108,-0.13479687,-0.09416679,6.92713630,1.905775
216.000,0.33760335,0.18798159,-0.15892820,-0.10039375,6.95205810,1.325889
217.000,0.34064327,0.17055200,-0.13350585,-0.10613281,6.97812020,6.379257
218.000,0.33654472,0.12444044,-0.08743580,-0.08854606,7.02743291,2.011686
219.000,0.34143769,0.19162802,-0.09597396,-0.16586229,7.10521914,2.642566
220.000,0.33054621,0.18219765,-0.06441690,-0.17043018,7.13710509,2.750792
221.000,0.31379328,0.13980563,-0.06476243,-0.12390094,7.18363562,4.708608
222.000,0.33033378,0.13397956,-0.10465814,-0.08364925,7.24030894,3.851072
223.000,0.32836899,0.13426172,-0.10633907,-0.08196470,7.24268871,5.880600
224.000,0.32643706,0.11747606,-0.11215017,-0.03497090,7.29004043,0.947500
225.000,0.32535563,0.25461015,-0.18531459,-0.17459906,7.44767626,5.310613
226.000,0.32691143,0.27033646,-0.19043124,-0.19187951,7.46569830,3.342929
227.000,0.35525280,0.28858517,-0.20133963,-0.20674562,7.48413723,5.145366
228.000,0.30870105,0.29608070,-0.22958328,-0.18696337,7.51861971,2.072166
229.000,0.31675136,0.27525412,-0.20440268,-0.18434851,7.54393571,1.441572
230.000,0.31859365,0.28030420,-0.19945927,-0.19694275,7.55746538,4.501760
231.000,0.34753031,0.37330027,-0.32001736,-0.19220296,7.67811661,1.496064
232.000,0.32870902,0.28999387,-0.24012753,-0.16258909,7.76331852,1.449019
233.000,0.30206299,0.27504515,-0.22000312,-0.16507109,7.78359542,0.709140
234.000,0.32919851,0.40914324,-0.32434872,-0.24939146,7.91775178,9.355531
235.000,0.33713429,0.45868684,-0.35299778,-0.29289279,7.96983954,6.490691
236.000,0.31653664,0.48106601,-0.41151235,-0.24916278,8.04288930,3.998460
237.000,0.34048190,0.40984951,-0.33768159,-0.23226659,8.11862874,2.091438
238.000,0.33138493,0.31866283,-0.27793241,-0.15588320,8.21560495,5.459841
239.000,0.34517604,0.39624016,-0.35352966,-0.17894983,8.29464300,2.927637
240.000,0.35663956,0.35864707,-0.31210788,-0.17668160,8.33612683,2.221142
241.000,0.33555388,0.33069024,-0.29119012,-0.15673016,8.36503380,3.809971
242.000,0.33093854,0.37005396,-0.33018686,-0.16708254,8.40538125,5.438731
243.000,0.32489139,0.40583520,-0.37236353,-0.16139272,8.44793998,1.771446
244.000,0.32520873,0.42045792,-0.38720123,-0.16389043,8.46298644,3.830423
245.000,0.35852979,0.36612239,-0.31634595,-0.18431181,8.53672586,1.663658
246.000,0.31604324,0.36335120,-0.33559712,-0.13927910,8.58570087,6.001883
247.000,0.34102591,0.43902494,-0.38920716,-0.20312726,8.66907127,3.048317
248.000,0.35028951,0.47027636,-0.44725072,-0.14535006,8.75096914,4.976302
249.000,0.33772843,0.40204405,-0.38478688,-0.11652670,8.81976244,8.601059
250.000,0.33922509,0.43120311,-0.42206551,-0.08829963,8.86652207,4.527748
251.000,0.32842634,0.36046440,-0.34431593,-0.10668236,8.94641526,9.848919
252.000,0.34647437,0.48312106,-0.42558596,-0.22865378,9.09298212,4.799345
253.000,0.34191298,0.51334117,-0.44635745,-0.25354326,9.12540035,3.311625
254.000,0.33807589,0.50127536,-0.40933104,-0.28935288,9.17691039,7.071547
255.000,0.32373070,0.52188069,-0.44734308,-0.26878173,9.22013177,7.793896
256.000,0.32672549,0.49889806,-0.41240335,-0.28075390,9.25706574,1.332367
257.000,0.36422692,0.51686973,-0.47059639,-0.21376005,9.34580471,6.108718
258.000,0.36162386,0.45349732,-0.38831652,-0.23424368,9.43059596,5.149134
259.000,0.34594390,0.41684039,-0.36496328,-0.20138947,9.47090443,2.593520
260.000,0.35572219,0.47367485,-0.37210945,-0.29309115,9.56288414,5.059157
261.000,0.34682002,0.46652494,-0.29395295,-0.36226673,9.66725703,1.962540
262.000,0.34721173,0.42751934,-0.32057167,-0.28285437,9.75101191,2.441200
263.000,0.34335217,0.51041642,-0.29380137,-0.41737953,9.88817484,2.936450
264.000,0.33966390,0.47408038,-0.28771334,-0.37679337,9.92921507,4.194279
265.000,0.32610551,0.43622557,-0.24919338,-0.35804386,9.97205584,4.975908
266.000,0.33655940,0.45646567,-0.27533842,-0.36407371,9.99888721,3.947692
267.000,0.34691263,0.46349830,-0.28646902,-0.36437093,10.01002178,5.231619
268.000,0.34603472,0.47251006,-0.29859374,-0.36620696,10.02228473,2.407128
269.000,0.32336412,0.52208682,-0.32758462,-0.40652548,10.07194411,1.343046
270.000,0.32576246,0.56288701,-0.31009092,-0.46977166,10.13756506,1.346248
271.000,0.33389823,0.54306333,-0.32577475,-0.43449810,10.17616826,6.445733
272.000,0.33623024,0.68003194,-0.33596188,-0.59124703,10.33324788,5.269869
273.000,0.33221645,0.70071665,-0.40151920,-0.57427011,10.40096773,3.953442
274.000,0.34859703,0.76473131,-0.44890682,-0.61910956,10.46620700,4.626730
275.000,0.33140996,0.72914789,-0.50601837,-0.52497815,10.57630901,6.268196
276.000,0.33362371,0.65180174,-0.39001291,-0.52224078,10.69234675,0.741513
277.000,0.32566819,0.60260579,-0.30260835,-0.52111604,10.77975856,1.363723
278.000,0.34910606,0.58529674,-0.28280259,-0.51244022,10.80138119,8.168949
279.000,0.32296036,0.59186242,-0.30038053,-0.50997319,10.81913140,2.572453
280.000,0.30072832,0.60362443,-0.33382487,-0.50291491,10.85331244,3.197574
281.000,0.34433928,0.58450125,-0.30044818,-0.50137073,10.88672484,3.899179
282.000,0.33651530,0.68859101,-0.30484761,-0.61743462,11.00287208,2.347270
283.000,0.31688885,0.64004708,-0.34302968,-0.54036182,11.08888422,4.376719
284.000,0.33666221,0.59544933,-0.30445765,-0.51172791,11.13692278,1.657058
285.000,0.34732240,0.77331470,-0.41045626,-0.65539399,11.31546031,2.864300
286.000,0.33186067,0.75793984,-0.40002576,-0.64377962,11.33107086,4.138105
287.000,0.34300714,0.73437801,-0.35150267,-0.64479216,11.37960451,1.305363
288.000,0.34128844,0.74911745,-0.34823558,-0.66325631,11.39835547,3.214428
289.000,0.34672147,0.70434736,-0.37421892,-0.59671216,11.46979257,1.624617
290.000,0.33750110,0.71837105,-0.36606196,-0.61810647,11.49268913,4.676213
291.000,0.33078988,0.66347912,-0.33161656,-0.57466077,11.54813293,6.356903
292.000,0.33130957,0.69106677,-0.33378164,-0.60511411,11.57866314,4.017418
293.000,0.33415597,0.59873141,-0.26148090,-0.53861586,11.67689458,5.924469
294.000,0.35045191,0.66052285,-0.30033381,-0.58829417,11.73996187,8.363278
295.000,0.33984326,0.63497252,-0.26217449,-0.57832053,11.77940305,3.545084
296.000,0.34053468,0.65776994,-0.32815325,-0.57006731,11.84589599,4.623215
297.000,0.34276938,0.65855905,-0.33331940,-0.56797729,11.85146891,3.801997
298.000,0.34096699,0.73065163,-0.35045805,-0.64111696,11.92658978,3.048574
299.000,0.30884416,0.64666742,-0.36922154,-0.53089943,12.03839306,1.637694
300.000,0.32460708,0.48492213,-0.28551028,-0.39196091,12.20060122,3.734391
301.000,0.33998001,0.52803327,-0.35786917,-0.38826382,12.27305450,0.900051
302.000,0.31923555,0.48020477,-0.33816549,-0.34094094,12.32431550,6.453546
303.000,0.33054176,0.51108213,-0.36367251,-0.35909225,12.35562171,2.527936
304.000,0.32854606,0.46629390,-0.34320454,-0.31565907,12.40363607,3.191384
305.000,0.33866912,0.52005622,-0.36868614,-0.36678196,12.46075753,0.857978
306.000,0.33503883,0.61504284,-0.43839274,-0.43138093,12.55579456,2.631580
307.000,0.32976850,0.53548680,-0.39628416,-0.36014577,12.63854467,0.869532
308.000,0.33444402,0.58081063,-0.42439719,-0.39651988,12.68451660,4.139667
309.000,0.34486977,0.52757437,-0.37011666,-0.37596326,12.74255927,3.112567
310.000,0.33941060,0.55894155,-0.34641985,-0.43864443,12.80957022,4.100452
311.000,0.34705199,0.48875855,-0.28184540,-0.39930952,12.88518170,2.152042
312.000,0.33574855,0.48682349,-0.30737858,-0.37751228,12.91875345,2.729863
313.000,0.33532507,0.52753215,-0.35241328,-0.39254942,12.96623229,0.975183
314.000,0.33416925,0.48610758,-0.33490367,-0.35233523,13.01009307,0.689554
315.000,0.34106905,0.52002216,-0.34948291,-0.38507758,13.04593461,3.778490
316.000,0.34356474,0.44764339,-0.30977209,-0.32314991,13.11950082,2.925296
317.000,0.31892768,0.46367768,-0.29580156,-0.35706922,13.15618454,8.335244
318.000,0.33273646,0.44801162,-0.30681422,-0.32646508,13.18870979,3.750245
319.000,0.33458824,0.44932973,-0.34829237,-0.28388312,13.24815439,2.801419
320.000,0.32233084,0.47885905,-0.39134431,-0.27596307,13.29192878,4.121841
321.000,0.31525552,0.48614315,-0.40536352,-0.26835718,13.30787831,4.166451
322.000,0.32102779,0.49969518,-0.44082427,-0.23530668,13.35635305,3.471247
323.000,0.33025709,0.53842012,-0.47788004,-0.24804614,13.39553754,4.947676
324.000,0.33563018,0.50547561,-0.42568228,-0.27258061,13.45321376,3.920315
325.000,0.34772432,0.55927250,-0.48166114,-0.28423278,13.51039248,7.244351
326.000,0.31149749,0.56499369,-0.50218587,-0.25889617,13.54299935,1.367735
327.000,0.33482370,0.55797171,-0.44880156,-0.33152616,13.63313813,4.602024
328.000,0.34822864,0.49362587,-0.41416268,-0.26858103,13.70498478,5.188860
329.000,0.34599541,0.65403586,-0.54100212,-0.36753178,13.86585583,7.866615
330.000,0.33481611,0.66320632,-0.50868662,-0.42553560,13.93225414,9.861469
331.000,0.33930803,0.71461466,-0.54555732,-0.46156400,13.98380503,7.320433
332.000,0.36454877,0.71413754,-0.48879657,-0.52064415,14.06573333,5.887129
333.000,0.34339980,0.62567012,-0.43950508,-0.44530708,14.15576291,10.824111
334.000,0.32480365,0.65523787,-0.49119875,-0.43365937,14.20875258,7.373099
335.000,0.33687940,0.63643425,-0.48476567,-0.41237217,14.23099060,3.825666
336.000,0.35369945,0.56856808,-0.44609718,-0.35251521,14.30225145,7.841549
337.000,0.32461663,0.60444442,-0.48719380,-0.35776424,14.34368193,6.475023
338.000,0.32457011,0.58603246,-0.45148616,-0.37362319,14.38275291,1.993705
339.000,0.32042207,0.55726051,-0.39063505,-0.39742111,14.44809201,1.473792
340.000,0.33983830,0.64748343,-0.48927479,-0.42408133,14.55027110,1.443607
341.000,0.35994090,0.54168394,-0.43864677,-0.31782150,14.66797558,11.510315
342.000,0.32316045,0.64691057,-0.57059298,-0.30482279,14.80056054,5.451292
343.000,0.33357776,0.55747033,-0.48285243,-0.27861568,14.89213137,8.542609
344.000,0.32274582,0.46238404,-0.39192652,-0.24534180,14.98895426,7.078340
345.000,0.34050783,0.45444995,-0.36603594,-0.26933706,15.02425432,7.247518
346.000,0.35923029,0.53240746,-0.47809190,-0.23427727,15.14166696,3.483633
347.000,0.32631217,0.55438334,-0.47168639,-0.29129510,15.19904346,4.808683
348.000,0.31911862,0.54607365,-0.48259804,-0.25552998,15.23643608,1.929047
349.000,0.33402459,0.52080735,-0.40489689,-0.32756497,15.34239130,5.236373
350.000,0.34101629,0.52696831,-0.45513775,-0.26560352,15.42216201,3.300967
351.000,0.32347305,0.49932546,-0.44933015,-0.21778047,15.47033640,7.299148
352.000,0.33485422,0.49779426,-0.45008340,-0.21265948,15.47551250,6.284378
353.000,0.34743965,0.43983292,-0.39939720,-0.18421421,15.53363499,0.903740
354.000,0.32714525,0.46322181,-0.44448459,-0.13041431,15.60382974,3.478853
355.000,0.31271267,0.48030585,-0.45659454,-0.14904741,15.62605233,4.774381
356.000,0.32800546,0.50997421,-0.49211069,-0.13379371,15.66470556,3.423312
357.000,0.33080209,0.44730284,-0.43099663,-0.11967343,15.72742964,7.092848
358.000,0.32749622,0.51751856,-0.49482692,-0.15156447,15.79878329,0.530818
359.000,0.34384380,0.48986392,-0.47017242,-0.13749385,15.82717038,2.536130
360.000,0.32784730,0.46775486,-0.44537248,-0.14296141,15.85256587,4.699780
361.000,0.35502180,0.44271314,-0.41859837,-0.14411916,15.87936501,5.101848
362.000,0.34891482,0.43520018,-0.41657468,-0.12595528,15.89764126,5.281309
363.000,0.36419619,0.46550149,-0.43768623,-0.15850048,15.93643414,5.218080
364.000,0.32475544,0.56995130,-0.54068475,-0.18028998,16.04171224,2.328601
365.000,0.32133344,0.61033987,-0.55346132,-0.25728451,16.11975965,3.656556
366.000,0.34248051,0.57964132,-0.53621971,-0.22011924,16.16072952,5.255795
367.000,0.32984613,0.60863249,-0.56416130,-0.22837585,16.18986548,3.448612
368.000,0.32956959,0.58568049,-0.55240479,-0.19460367,16.22562546,6.432639
369.000,0.32616469,0.57335663,-0.53539531,-0.20515770,16.24564320,4.295460
370.000,0.35543826,0.56211558,-0.49593948,-0.26460907,16.31699605,2.479229
371.000,0.35014371,0.57250212,-0.49079864,-0.29474629,16.34756859,5.916821
372.000,0.34220277,0.54796248,-0.43200796,-0.33709346,16.42002289,4.750359
373.000,0.34091505,0.50825524,-0.44530611,-0.24500175,16.51306979,1.155044
374.000,0.32426371,0.49522073,-0.43212312,-0.24189498,16.52661391,3.909010
375.000,0.32306879,0.44021083,-0.38639688,-0.21090999,16.58184939,1.501547
376.000,0.34504353,0.50418965,-0.45764925,-0.21157590,16.65310488,1.899810
377.000,0.35586215,0.51432072,-0.48184703,-0.17985895,16.69299846,9.152638
378.000,0.33533229,0.48573200,-0.45038473,-0.18190430,16.72452717,2.312407
379.000,0.32213407,0.48054654,-0.43819963,-0.19724619,16.74411927,3.698617
380.000,0.33883113,0.33829113,-0.33731808,-0.02563977,16.94318170,3.111749
381.000,0.34409865,0.41914772,-0.40897935,-0.09176440,17.04068967,1.691076
382.000,0.31976966,0.43768661,-0.43300689,-0.06383264,17.07753401,5.591456
383.000,0.33530538,0.42571017,-0.42111742,-0.06236397,17.08951385,4.940425
384.000,0.32188464,0.53378614,-0.50674728,-0.16773443,17.22529089,8.750125
385.000,0.33824530,0.39651691,-0.39494756,-0.03524320,17.39864920,4.291674
386.000,0.33165098,0.44769871,-0.44769818,-0.00068638,17.46171109,3.117155
387.000,0.34874322,0.47852929,-0.47805525,0.02129457,17.49919060,2.626070
388.000,0.33313231,0.55047427,-0.54957384,-0.03147247,17.58806843,3.397478
389.000,0.30902758,0.48830866,-0.47705299,-0.10423912,17.69080235,2.232831
390.000,0.32414521,0.33652238,-0.33432021,-0.03843584,17.84797334,2.034228
391.000,0.31080829,0.31752142,-0.31311811,-0.05269629,17.87352503,4.398771
392.000,0.32375812,0.32756255,-0.31768333,-0.07984066,17.90105062,0.923021
393.000,0.30925967,0.35076607,-0.34480211,-0.06440763,17.93225329,2.811742
394.000,0.32404757,0.29893006,-0.29503949,-0.04807160,17.98462870,6.820845
395.000,0.35076795,0.30797242,-0.29254034,-0.09626609,18.03288795,2.404931
396.000,0.31978267,0.30356545,-0.30023243,-0.04486051,18.08486585,6.550745
397.000,0.30377839,0.37226549,-0.36373310,-0.07924535,18.15707840,4.335805
398.000,0.33074686,0.37254041,-0.35131722,-0.12394582,18.20347114,6.867842
399.000,0.33052000,0.33094717,-0.32197416,-0.07654192,18.25922187,4.056517
400.000,0.33125802,0.33368286,-0.32696201,-0.06663407,18.27031440,3.610536
401.000,0.34614663,0.29436538,-0.27220559,-0.11204952,18.34145390,6.227653
402.000,0.31314369,0.31693031,-0.31609653,-0.02297404,18.44075574,2.413056
403.000,0.33490267,0.28337386,-0.28316126,-0.01097476,18.47580875,4.248099
404.000,0.32914662,0.23809788,-0.23282873,-0.04981347,18.53938398,2.977232
405.000,0.32708933,0.29148363,-0.28599828,0.05628223,18.65805706,3.214489
406.000,0.31969098,0.16750121,-0.14882494,0.07686218,18.79676560,3.322250
407.000,0.31404805,0.23488793,-0.20901814,0.10716230,18.86415491,4.097681
408.000,0.33434804,0.25008028,-0.24313364,0.05853359,18.92355709,4.949577
409.000,0.33580371,0.26020697,-0.25795271,-0.03417704,19.01744460,1.720105
410.000,0.34054400,0.39645854,-0.39645779,-0.00077586,19.15992020,5.781300
411.000,0.33097738,0.30182525,-0.30100942,0.02217681,19.25808952,2.128816
412.000,0.32387869,0.31787135,-0.31664086,-0.02794205,19.31058945,1.796458
413.000,0.34130353,0.38788561,-0.37859438,-0.08438923,19.39440188,3.529974
414.000,0.33460318,0.35991068,-0.33184574,-0.13933451,19.46654354,5.816824
415.000,0.34543127,0.45719357,-0.42184579,-0.17627276,19.56382892,7.738194
416.000,0.31031890,0.37815331,-0.31134685,-0.21462308,19.68079371,4.473039
417.000,0.32072910,0.44885120,-0.40219799,-0.19925905,19.77293482,5.060125
418.000,0.32161223,0.43115952,-0.38896428,-0.18602504,19.79165033,2.040280
419.000,0.31115132,0.43037413,-0.38308669,-0.19612873,19.80333924,4.873712
420.000,0.33700914,0.48214541,-0.39769978,-0.27257859,19.88117319,5.481620
421.000,0.32889423,0.56813903,-0.50385893,-0.26250359,19.98780935,2.412002
422.000,0.33118008,0.69065933,-0.57673368,-0.37998495,20.12605768,5.475754
423.000,0.32281734,0.71003839,-0.64678811,-0.29294993,20.23778376,1.154875
424.000,0.32441770,0.68435314,-0.62444471,-0.28001432,20.26360153,2.396942
425.000,0.33045352,0.71524924,-0.66707925,-0.25804409,20.31156396,5.674575
426.000,0.33387985,0.66851322,-0.60814946,-0.27760432,20.37365521,1.283442
427.000,0.34858755,0.85391217,-0.79185514,-0.31958010,20.56209550,2.154586
428.000,0.32498611,0.84747492,-0.78879347,-0.30986867,20.57227811,6.421045
429.000,0.31882467,0.85985457,-0.81645550,-0.26972265,20.62103147,3.790752
430.000,0.33794531,0.87820178,-0.81869594,-0.31776614,20.66912717,0.851798
431.000,0.32217310,0.80026732,-0.72354068,-0.34193079,20.76730280,5.305518
432.000,0.32762650,0.81633502,-0.74894097,-0.32479270,20.79794411,4.624401
433.000,0.32221892,0.74137754,-0.70308102,-0.23519722,20.89859441,2.400777
434.000,0.33017882,0.72494445,-0.66465755,-0.28943877,20.96506628,3.549775
435.000,0.33016496,0.73330065,-0.69748651,-0.22636788,21.03616957,4.736276
436.000,0.31574625,0.78141519,-0.75805970,-0.18961858,21.10701886,4.500977
437.000,0.34304096,0.75397218,-0.72521247,-0.20625453,21.14383863,7.873748
438.000,0.34528447,0.70679541,-0.68089008,-0.18960078,21.19118651,2.492929
439.000,0.31600886,0.68651584,-0.65140592,-0.21673563,21.23125665,4.799630
440.000,0.31749117,0.69600210,-0.65779600,-0.22742765,21.24371267,1.435178
441.000,0.34808967,0.70545655,-0.67004705,-0.22069411,21.25769226,4.380253
442.000,0.32484059,0.69723220,-0.64780320,-0.25784444,21.30099278,1.915608
443.000,0.33016941,0.68075218,-0.63755904,-0.23862523,21.32277169,3.006154
444.000,0.33732497,0.67619741,-0.64696215,-0.19667971,21.36575826,3.364878
445.000,0.33883888,0.73415883,-0.67554470,-0.28745183,21.46092411,2.641899
446.000,0.32974294,0.65853413,-0.60593218,-0.25790191,21.53654884,1.305063
447.000,0.32274672,0.62131059,-0.59866991,-0.16619622,21.62854164,0.985363
448.000,0.33626070,0.61537026,-0.59872083,-0.14217569,21.65256222,4.088782
449.000,0.34329360,0.63522030,-0.62505507,-0.11318562,21.69172746,3.832059
450.000,0.30636612,0.59025296,-0.58905793,-0.03754085,21.77550052,4.689682
451.000,0.35289418,0.56025629,-0.55468495,-0.07881446,21.82921283,5.320234
452.000,0.34218805,0.57054514,-0.56468824,-0.08154114,21.83958108,4.517310
453.000,0.34965287,0.64960308,-0.64902912,0.02730132,21.97727664,5.045506
454.000,0.35195771,0.57049786,-0.57029951,-0.01504226,22.06667088,2.130103
455.000,0.35607141,0.58125314,-0.57651351,0.07407689,22.15600641,4.972954
456.000,0.30920309,0.47792040,-0.47672933,0.03372028,22.26364255,2.540140
457.000,0.32765247,0.51802695,-0.51637484,0.04133937,22.30401355,0.776321
458.000,0.33533622,0.53971961,-0.53483860,0.07242191,22.34016648,6.868413
459.000,0.33085609,0.51128930,-0.50715521,0.06488715,22.36885694,0.686141
460.000,0.35811527,0.47566184,-0.47548202,0.01307788,22.42958084,3.452527
461.000,0.34073688,0.55033619,-0.54584401,0.07017289,22.52019347,1.941586
462.000,0.33369659,0.51945262,-0.50923676,0.10251315,22.56903999,8.438686
463.000,0.32720854,0.43081871,-0.42668183,0.05955982,22.66210075,4.602024
464.000,0.33107563,0.40392885,-0.40320198,0.02422155,22.70452830,1.167178
465.000,0.34125770,0.39931375,-0.39340774,0.06842381,22.74980265,1.841538
466.000,0.30526812,0.45323472,-0.45315598,0.00844848,22.83446014,4.060714
467.000,0.32751818,0.39073188,-0.39056807,-0.01131296,22.90009367,2.014214
468.000,0.32703434,0.37372978,-0.37360050,0.00982928,22.92720258,2.216732
469.000,0.34859845,0.40881956,-0.40164581,0.07625009,22.99930156,6.768020
470.000,0.32671803,0.40156953,-0.37680182,0.13884695,23.06664835,2.230989
471.000,0.32349903,0.45525961,-0.42831164,0.15430636,23.12042805,2.140460
472.000,0.35016036,0.37466773,-0.33980607,0.15782186,23.20900340,9.653983
473.000,0.32757860,0.39720291,-0.35688221,0.17437097,23.23278297,2.216555
474.000,0.33280799,0.36272125,-0.34282808,0.11847199,23.29042162,0.976787
475.000,0.32165774,0.42089756,-0.40911779,0.09888067,23.35954576,2.751717
476.000,0.33885268,0.41209784,-0.40634157,0.06863785,23.38991574,5.631759
477.000,0.35811090,0.33155576,-0.32841532,0.04552578,23.47119715,4.437428
478.000,0.33602322,0.37921605,-0.37746775,0.03637184,23.52109640,4.631681
479.000,0.33462471,0.39401744,-0.39396593,-0.00637106,23.56691283,8.626278
480.000,0.31906314,0.34161250,-0.34159566,-0.00339150,23.61936779,5.471565
481.000,0.33441742,0.37146891,-0.34871063,-0.12802362,23.74420283,3.554185
482.000,0.33385680,0.38130066,-0.37841792,-0.04679822,23.83069034,1.595078
483.000,0.30960985,0.38684589,-0.38629818,-0.02057821,23.85806894,2.900566
484.000,0.33529223,0.36934504,-0.36876867,0.02062583,23.90284680,7.557540
485.000,0.34486362,0.44985153,-0.44826971,0.03769172,23.98415892,4.840760
486.000,0.32979115,0.43539295,-0.43486272,-0.02148118,24.04483165,8.556209
487.000,0.35844569,0.41499969,-0.41471013,-0.01550004,24.06585308,6.164656
488.000,0.32628660,0.33751923,-0.33579138,0.03410836,24.15906876,5.122161
489.000,0.33599439,0.41269218,-0.40329573,0.08756365,24.24517512,8.051764
490.000,0.33663349,0.41905340,-0.41210030,0.07602036,24.25969296,6.326883
491.000,0.33970686,0.39470288,-0.39467741,0.00448465,24.33331982,1.608881
492.000,0.32112710,0.44508246,-0.43440406,0.09690980,24.43392109,2.006816
493.000,0.33098977,0.35369244,-0.35166205,0.03784369,24.53558251,5.175437
494.000,0.33043443,0.39095072,-0.38256912,0.08051915,24.58827446,6.085278
495.000,0.32608052,0.35761526,-0.30735756,0.18281138,24.71524090,7.329567
496.000,0.32250113,0.36494215,-0.30844910,0.19504339,24.72752152,2.105149
497.000,0.33123609,0.28219580,-0.25711890,0.11629419,24.82152271,4.819751
498.000,0.32146044,0.29962313,-0.21489280,0.20879441,24.92320523,5.762590
499.000,0.32948805,0.27694004,-0.21678433,0.17233787,24.95971082,3.575386
500.000,0.33556497,0.27866424,-0.16560674,0.22411642,25.03251305,4.068808
