lag_frames,lag_ps,lag_ns,n_time_origins,msd_nm2,sd_squared_displacement_nm2,descriptive_sem_nm2
1,2.0,0.002,2499,0.008215210599657035,0.00865592536518662,0.00017315314139576717
2,4.0,0.004,2498,0.014453760194046915,0.014994514366583722,0.00030001031546829214
3,6.0,0.006,2497,0.020615601599064084,0.02177073464692276,0.0004356761771135235
4,8.0,0.008,2496,0.02655899502690076,0.027319894274478965,0.0005468355290403109
5,10.0,0.01,2495,0.03209627990849177,0.03321504722552578,0.0006649662435701069
6,12.0,0.012,2494,0.037715886250155865,0.03900897347947557,0.0007811173735181416
7,14.0,0.014,2493,0.04329115692660679,0.04457167818733085,0.0008926841976807941
8,16.0,0.016,2492,0.04849132170642485,0.050167606348426756,0.0010049613535470293
9,18.0,0.018,2491,0.05374063990722537,0.0550391645401696,0.0011027700666337717
10,20.0,0.02,2490,0.058727262057019,0.06064890047822496,0.001215411267796461
11,22.0,0.022,2489,0.06370793203858541,0.06574917106217974,0.0013178859666901322
12,24.0,0.024,2488,0.06838202579241304,0.07071752971684601,0.001417757304838607
13,26.0,0.026,2487,0.07278290647710785,0.07423609324783025,0.0014885972624221135
14,28.0,0.028,2486,0.07742417579713998,0.07884675142979454,0.001581369078400295
15,30.0,0.03,2485,0.08234051970676584,0.08316052126659716,0.0016682226228079853
16,32.0,0.032,2484,0.08700683630684988,0.0873482302276546,0.0017525818685813954
17,34.0,0.034,2483,0.09183838197943583,0.09199383021707647,0.0018461642701251876
18,36.0,0.036,2482,0.09672876718049775,0.09559691468502997,0.0019188586640609517
19,38.0,0.038,2481,0.10191635105598454,0.10056956025440225,0.0020190783361710516
20,40.0,0.04,2480,0.10695738948422896,0.1050583259764727,0.002109621952161059
21,42.0,0.042,2479,0.11199415418453143,0.10939156368333777,0.002197078463262899
22,44.0,0.044,2478,0.11703306751963839,0.11397666785185818,0.002289629990674045
23,46.0,0.046,2477,0.12176990468741376,0.11808329607464267,0.0023726051233607217
24,48.0,0.048,2476,0.12672448646193038,0.12248847508104858,0.0024616137423140163
25,50.0,0.05,2475,0.1318539363126636,0.12709427652519553,0.0025546910802166536
26,52.0,0.052,2474,0.13713407975598613,0.1331427512468863,0.0026768108211125343
27,54.0,0.054,2473,0.14221474623675984,0.13735435609802876,0.0027620426417479223
28,56.0,0.056,2472,0.14767339491849923,0.1423993670692037,0.0028640713025792526
29,58.0,0.058,2471,0.152759733125343,0.14631357902381403,0.0029433930573244988
30,60.0,0.06,2470,0.1579628114956944,0.15189904308423471,0.003056374455744453
31,62.0,0.062,2469,0.1636851023269758,0.15810236054313487,0.0031818361318954633
32,64.0,0.064,2468,0.16932667551227748,0.16321381574882668,0.0032853704040444894
33,66.0,0.066,2467,0.1751313322582663,0.16839512115514005,0.0033903530867804713
34,68.0,0.068,2466,0.18086774082107623,0.17335047515527113,0.0034908283976861076
35,70.0,0.07,2465,0.18653934765472988,0.17833833541714555,0.0035919993291017
36,72.0,0.072,2464,0.19214310591033112,0.1832384136352587,0.0036914430399718205
37,74.0,0.074,2463,0.19765562162927183,0.18897898275202918,0.003807862878356054
38,76.0,0.076,2462,0.2031770758521929,0.19502257033877157,0.0039304371108088215
39,78.0,0.078,2461,0.20857991287879343,0.20118002448831138,0.0040553566069728856
40,80.0,0.08,2460,0.21392395818475074,0.20697547481937292,0.004173028339106472
41,82.0,0.082,2459,0.21964483646386787,0.21353476697093265,0.004306151756087336
42,84.0,0.084,2458,0.2255643049410078,0.22013130646921222,0.004440080783825991
43,86.0,0.086,2457,0.2313567513249229,0.2278579448592592,0.004596863392205116
44,88.0,0.088,2456,0.23719864008310904,0.2353667971889148,0.004749315449514107
45,90.0,0.09,2455,0.24277642766307508,0.24256017926650436,0.004895462821696694
46,92.0,0.092,2454,0.24867791066334222,0.25015245293586724,0.0050497221961495024
47,94.0,0.094,2453,0.25475600307635776,0.25790403231250697,0.005207261146103797
48,96.0,0.096,2452,0.2607032374114939,0.26656232972827465,0.005383175546854913
49,98.0,0.098,2451,0.26657770769342687,0.27435920174631184,0.005541762058840007
50,100.0,0.1,2450,0.2721222331177181,0.2808882870026655,0.005674800357013084
51,102.0,0.102,2449,0.27826601106423765,0.2888278424330779,0.0058363948219757765
52,104.0,0.104,2448,0.28408717519126575,0.296077897079905,0.005984119818976486
53,106.0,0.106,2447,0.2897478228218291,0.30330534598285114,0.006131448438312644
54,108.0,0.108,2446,0.29541747072378943,0.3100989856951884,0.006270066101427096
55,110.0,0.11,2445,0.30120231027475874,0.31709994922436546,0.006412933563575757
56,112.0,0.112,2444,0.30727655395312486,0.32341918548595294,0.006542069871838615
57,114.0,0.114,2443,0.3128285691066339,0.3294656950483183,0.006665741503287522
58,116.0,0.116,2442,0.31827324589458167,0.3356943011831908,0.006793148974677841
59,118.0,0.118,2441,0.32360892435572103,0.3413976552899163,0.006909977676826835
60,120.0,0.12,2440,0.32918792830250476,0.3476083799998381,0.0070371259573926755
61,122.0,0.122,2439,0.3349266359917499,0.35378566102409026,0.007163649467743414
62,124.0,0.124,2438,0.3406060015687379,0.35945159399184445,0.007279868980987476
63,126.0,0.126,2437,0.34644532509438297,0.3649349171751674,0.007392437378525649
64,128.0,0.128,2436,0.3524407713889021,0.3694164439533911,0.0074847548687081685
65,130.0,0.13,2435,0.35864595435277585,0.3744514120391236,0.007588326168278353
66,132.0,0.132,2434,0.36449002738260455,0.3794802862934966,0.007691816813051115
67,134.0,0.134,2433,0.3703068335008126,0.38479874713439893,0.007801221246522761
68,136.0,0.136,2432,0.3763317518992198,0.3903559703239456,0.007915512531603528
69,138.0,0.138,2431,0.38220922694734916,0.39546029763965596,0.00802066559055585
70,140.0,0.14,2430,0.38822521564513157,0.40019582523002534,0.008118380773995553
71,142.0,0.142,2429,0.394574012777049,0.40616820736986325,0.008241232542758131
72,144.0,0.144,2428,0.4009975992528024,0.41202970365357977,0.008361884889276226
73,146.0,0.146,2427,0.40754904494806354,0.41822533286763447,0.008489369708274914
74,148.0,0.148,2426,0.4136197799445933,0.4237863232172355,0.0086040225198836
75,150.0,0.15,2425,0.41967863537046174,0.42860560197727177,0.008703661086448183
76,152.0,0.152,2424,0.42552145129313146,0.43354573164659543,0.008805795735951936
77,154.0,0.154,2423,0.43139892581061606,0.43859861275201134,0.00891026348317809
78,156.0,0.156,2422,0.4373933273485182,0.4434333186401771,0.009010341523404655
79,158.0,0.158,2421,0.4435963997494802,0.44860708733456905,0.009117352284710816
80,160.0,0.16,2420,0.4494241785794328,0.45342578051585053,0.009217189708948558
81,162.0,0.162,2419,0.4552836267828833,0.4584646359231154,0.009321545149025582
82,164.0,0.164,2418,0.4607125657065162,0.46303022899669627,0.009416319733423278
83,166.0,0.166,2417,0.4661212229787982,0.467199727869487,0.009503077169061768
84,168.0,0.168,2416,0.4719263136891658,0.4726804755052818,0.009616547891316551
85,170.0,0.17,2415,0.47802563732348186,0.47834522955507774,0.009733810333998751
86,172.0,0.172,2414,0.48361646724505375,0.48331229038623275,0.009836921513914498
87,174.0,0.174,2413,0.48920607161570306,0.4880846733244294,0.009936112711731383
88,176.0,0.176,2412,0.49463880153286666,0.4920627502039729,0.010019172130142464
89,178.0,0.178,2411,0.5004408379648294,0.49599765311508665,0.010101387149994529
90,180.0,0.18,2410,0.5062197777854986,0.5002793259868072,0.010190700422827015
91,182.0,0.182,2409,0.5120824146554365,0.5052535774026806,0.010294161968935404
92,184.0,0.184,2408,0.5178340625529597,0.5093780077095645,0.010380348854114927
93,186.0,0.186,2407,0.5237029213715654,0.5140984733362088,0.010478720802159674
94,188.0,0.188,2406,0.5296044224166228,0.5188307952984271,0.010577375794547764
95,190.0,0.19,2405,0.5353460117200153,0.5227701408670746,0.010659902527944276
96,192.0,0.192,2404,0.5411616072497524,0.5278146359624823,0.010765004038712545
97,194.0,0.194,2403,0.5469524735680397,0.5319002101703227,0.01085058807535507
98,196.0,0.196,2402,0.5523781174836864,0.5357630504462968,0.010931663560637269
99,198.0,0.198,2401,0.5580452854765984,0.5388003556660187,0.010995925625837117
100,200.0,0.2,2400,0.5635465143744562,0.5413981782857314,0.011051244037269979
101,202.0,0.202,2399,0.5685110256366012,0.5440892636863811,0.011108490097875644
102,204.0,0.204,2398,0.5734234462765624,0.546878457867813,0.011167763980622438
103,206.0,0.206,2397,0.577917774804551,0.5487337181389965,0.011207987299997979
104,208.0,0.208,2396,0.5825137428398426,0.5511090314895208,0.011258852287730927
105,210.0,0.21,2395,0.5868063417110432,0.5524660330105259,0.011288931110059864
106,212.0,0.212,2394,0.5914231426335972,0.5550852559151529,0.01134482023898867
107,214.0,0.214,2393,0.5959303862568687,0.5576167241989706,0.011398939311554208
108,216.0,0.216,2392,0.601027862283657,0.5613829002643662,0.011478326980142036
109,218.0,0.218,2391,0.6061558501156649,0.5649308459491331,0.011553285361181453
110,220.0,0.22,2390,0.6114085417706687,0.5694689664430945,0.011648529703074843
111,222.0,0.222,2389,0.6167429862728621,0.5739103978327486,0.01174183621777202
112,224.0,0.224,2388,0.6219427543075613,0.5777316600098927,0.011822491393717185
113,226.0,0.226,2387,0.6272151277048368,0.5818306668938048,0.011908865727825312
114,228.0,0.228,2386,0.632261679040833,0.5858352064226635,0.011993342821693943
115,230.0,0.23,2385,0.637141113711235,0.5895168359364973,0.012071243786906395
116,232.0,0.232,2384,0.6417753529251999,0.593507535921201,0.012155507962381223
117,234.0,0.234,2383,0.6464727287990448,0.5968126620478307,0.012225763980285412
118,236.0,0.236,2382,0.651549551310784,0.6004373433095925,0.012302597516077792
119,238.0,0.238,2381,0.6565988843222521,0.6042278002297199,0.012382861212763033
120,240.0,0.24,2380,0.6610230152236426,0.6071637663883181,0.012445643819838021
121,242.0,0.242,2379,0.6651284734015737,0.6099872754919293,0.012506147731798211
122,244.0,0.244,2378,0.6692720217817746,0.6129976886880675,0.012570510405269793
123,246.0,0.246,2377,0.6731839119972182,0.6159858014217452,0.012634443302888829
124,248.0,0.248,2376,0.6773786998582483,0.619039590915611,0.012699751036839792
125,250.0,0.25,2375,0.6814845265066991,0.621719286928927,0.012757410589257952
126,252.0,0.252,2374,0.6857496269374485,0.6244517711142685,0.012816178408587165
127,254.0,0.254,2373,0.6897042917366913,0.6262851624449548,0.01285651478751313
128,256.0,0.256,2372,0.6935451138631354,0.628266067312267,0.012899897566426352
129,258.0,0.258,2371,0.6974915918583919,0.6297069954874812,0.01293220978170353
130,260.0,0.26,2370,0.701741530159289,0.6314136739684993,0.012969995033562358
131,262.0,0.262,2369,0.706473316177725,0.6340111031238871,0.013026097759115791
132,264.0,0.264,2368,0.7111132468279084,0.6361757700190283,0.013073331542416767
133,266.0,0.266,2367,0.7152903189307747,0.637573881557015,0.013104829916860542
134,268.0,0.268,2366,0.719707961121935,0.6390744366968351,0.013138448278929168
135,270.0,0.27,2365,0.724264956352948,0.6406042151548572,0.01317268235608051
136,272.0,0.272,2364,0.7286815020085596,0.6424087613883451,0.013212582718502744
137,274.0,0.274,2363,0.7330372236529746,0.6446501689330747,0.013261487491566411
138,276.0,0.276,2362,0.7372130941567521,0.6466453017753194,0.013305346221139531
139,278.0,0.278,2361,0.7412282027441565,0.6496170907807418,0.013369324010425388
140,280.0,0.28,2360,0.7450658577814266,0.6514445228612752,0.013409773288411362
141,282.0,0.282,2359,0.7487700240617586,0.6534543666757584,0.013453995993500953
142,284.0,0.284,2358,0.7524892406151221,0.6552743894626312,0.013494328992736808
143,286.0,0.286,2357,0.755874095072181,0.6558600731698199,0.013509255074501127
144,288.0,0.288,2356,0.7594130098410131,0.6569153655015423,0.013533863041465208
145,290.0,0.29,2355,0.7628356511362815,0.6573807018718285,0.013546325128915982
146,292.0,0.292,2354,0.7663970310560061,0.6583587196507857,0.01356935994074347
147,294.0,0.294,2353,0.7697240127799801,0.6588473211408536,0.01358231570320971
148,296.0,0.296,2352,0.7734792138691521,0.6602155245497421,0.013613414672212986
149,298.0,0.298,2351,0.7775164805594835,0.6621239690791473,0.013655669434752707
150,300.0,0.3,2350,0.7814293085403288,0.6643103241416753,0.013703675648575796
151,302.0,0.302,2349,0.7853853059142718,0.6665115530211692,0.013752009804130893
152,304.0,0.304,2348,0.7895213081418466,0.6686153487319484,0.013798354415130968
153,306.0,0.306,2347,0.7933894606701754,0.6695225489706944,0.013820019743455805
154,308.0,0.308,2346,0.7974700670766228,0.6698452376663538,0.013829627104828527
155,310.0,0.31,2345,0.8014445993754061,0.6690689765926152,0.013816545432647225
156,312.0,0.312,2344,0.8052079395341323,0.6680472874522765,0.013798389539017013
157,314.0,0.314,2343,0.8086138151476511,0.6666347764275005,0.013772152451938281
158,316.0,0.316,2342,0.8117461764252292,0.6645743805559989,0.013732517140877872
159,318.0,0.318,2341,0.8151857334552992,0.6633359092557348,0.013709853098456643
160,320.0,0.32,2340,0.8186654129111041,0.6620363071594491,0.013685916274490326
161,322.0,0.322,2339,0.8224177485576922,0.6619904126268575,0.013687892597712562
162,324.0,0.324,2338,0.8264776049324059,0.6624568659606392,0.013700466409461405
163,326.0,0.326,2337,0.8305539543578162,0.6637696195295516,0.013730552556889453
164,328.0,0.328,2336,0.8344220379410155,0.6656708177020915,0.013772827215025107
165,330.0,0.33,2335,0.8384360518130192,0.6686013175270883,0.013836421567669479
166,332.0,0.332,2334,0.8421497940620708,0.6706540722302754,0.013881875340947227
167,334.0,0.334,2333,0.8462451986254846,0.6733950683616032,0.013941598199230623
168,336.0,0.336,2332,0.8502416193182762,0.67468317269259,0.013971260987561716
169,338.0,0.338,2331,0.8542150795201245,0.6764889759952428,0.01401165989055185
170,340.0,0.34,2330,0.8582575262703339,0.6774653126096574,0.014034892902822282
171,342.0,0.342,2329,0.8625498617500155,0.6785481128164063,0.01406034259011029
172,344.0,0.344,2328,0.8667753091435377,0.6788321214081444,0.01406924836635842
173,346.0,0.346,2327,0.8709728241030227,0.6801893315965236,0.014100406215559936
174,348.0,0.348,2326,0.875575534801389,0.6818469392403148,0.014137806722150769
175,350.0,0.35,2325,0.8797854287984616,0.6843863552891135,0.014193511819348505
176,352.0,0.352,2324,0.884113222663803,0.6863871632151615,0.014238068922362089
177,354.0,0.354,2323,0.8886349953766626,0.6888809604774417,0.014292874384151623
178,356.0,0.356,2322,0.8930409043192729,0.6910785293195527,0.01434155664722856
179,358.0,0.358,2321,0.8975323594223247,0.6928823697789154,0.014382087966133252
180,360.0,0.36,2320,0.9022131603397419,0.6954124723243335,0.014437715615112484
181,362.0,0.362,2319,0.906514928938157,0.6971222788261728,0.014476333776252346
182,364.0,0.364,2318,0.9110218389041581,0.6999704059215224,0.014538612555287432
183,366.0,0.366,2317,0.9149660494155818,0.7020380342478063,0.014584704173438897
184,368.0,0.368,2316,0.9188507194310386,0.7036006648563776,0.01462032287354636
185,370.0,0.37,2315,0.9225448088093795,0.7041590714897162,0.01463508606943339
186,372.0,0.372,2314,0.9264022065954834,0.7056583107196622,0.014669414607606996
187,374.0,0.374,2313,0.9297205986472937,0.7073245953859522,0.01470723200519407
188,376.0,0.376,2312,0.9335518821099962,0.7094181022649048,0.014753951494353114
189,378.0,0.378,2311,0.9372193899053701,0.7122638542193322,0.014816339905032904
190,380.0,0.38,2310,0.9408739264272848,0.7151845420757722,0.014880315147365179
191,382.0,0.382,2309,0.944273366705315,0.7174293003184253,0.014930252175933913
192,384.0,0.384,2308,0.9476274870607392,0.7200993579417019,0.014989064259002545
193,386.0,0.386,2307,0.951373021087082,0.7223848283660517,0.015039895510948729
194,388.0,0.388,2306,0.9553779244893121,0.7254291658757267,0.0151065523813208
195,390.0,0.39,2305,0.9597355767256375,0.7300824215948775,0.015206750731783101
196,392.0,0.392,2304,0.9640726317544848,0.7350506245829336,0.015313554678811117
197,394.0,0.394,2303,0.9680718339733917,0.7391515276774997,0.015402333042904896
198,396.0,0.396,2302,0.9721082931766972,0.7429520670233047,0.015484890394708739
199,398.0,0.398,2301,0.9760822722623052,0.7454612472799895,0.015540563501650164
200,400.0,0.4,2300,0.979985637988698,0.7477695688002531,0.015592073348809623
201,402.0,0.402,2299,0.9841668739025364,0.7499876123470139,0.015641723498220052
202,404.0,0.404,2298,0.9885576088871281,0.7537740626695717,0.015724113758953856
203,406.0,0.406,2297,0.9926320278363396,0.7566296377221844,0.015787117862783268
204,408.0,0.408,2296,0.9970242703817296,0.7595357642109881,0.015851205137737256
205,410.0,0.41,2295,1.0009732687779693,0.7634570195947136,0.015936511028989353
206,412.0,0.412,2294,1.004726755444675,0.7666256474752993,0.016006140977230115
207,414.0,0.414,2293,1.0088155971134714,0.7707630441487875,0.016096033081263242
208,416.0,0.416,2292,1.01284896079229,0.7733478157483823,0.016153534240699225
209,418.0,0.418,2291,1.0161430951629253,0.7754154343436976,0.01620025671666694
210,420.0,0.42,2290,1.0196224314492457,0.7769913351891352,0.01623672497683447
211,422.0,0.422,2289,1.0230646862122652,0.7783897731756373,0.0162695007027514
212,424.0,0.424,2288,1.0264947167821437,0.7799821611617911,0.01630634625549027
213,426.0,0.426,2287,1.0304875263257354,0.7822670898180772,0.016357690149521143
214,428.0,0.428,2286,1.0345945562673373,0.7845495275152343,0.016409005181927776
215,430.0,0.43,2285,1.0384667437022344,0.7871992346333432,0.01646802664361862
216,432.0,0.432,2284,1.0423732281424476,0.7902311046198578,0.01653507123875547
217,434.0,0.434,2283,1.0461232489745822,0.7926248892871025,0.01658879154337776
218,436.0,0.436,2282,1.0502156451135771,0.795751744153269,0.01665788191637675
219,438.0,0.438,2281,1.0542057406488428,0.8000094716978862,0.016750681702137837
220,440.0,0.44,2280,1.0583375584852939,0.8033304026831682,0.01682390394066933
221,442.0,0.442,2279,1.062280640952098,0.8076445906347738,0.016917965151874503
222,444.0,0.444,2278,1.0663797649235927,0.8115568984406669,0.017003648312322966
223,446.0,0.446,2277,1.070463527440186,0.815158647906378,0.017082861701855034
224,448.0,0.448,2276,1.0743176564958263,0.8187774338177107,0.017162467813886924
225,450.0,0.45,2275,1.0781660904875712,0.8209490207168713,0.017211768202784083
226,452.0,0.452,2274,1.0821908022449864,0.8242002564718124,0.017283731665501203
227,454.0,0.454,2273,1.086144310954809,0.8283280053362562,0.017374112408202993
228,456.0,0.456,2272,1.0901583787677864,0.831101947442728,0.0174361315284503
229,458.0,0.458,2271,1.0943487077340468,0.8344931860517895,0.017511132240412113
230,460.0,0.46,2270,1.0982026973015229,0.8367532697193245,0.017562425278640558
231,462.0,0.462,2269,1.1025439208413312,0.8400637315512415,0.017635792777653644
232,464.0,0.464,2268,1.1067333789154725,0.8443856291448173,0.017730431629793646
233,466.0,0.466,2267,1.1109678465015194,0.8490951580640878,0.017833254368727635
234,468.0,0.468,2266,1.115433616556046,0.8535351389500837,0.017930460867742044
235,470.0,0.47,2265,1.1197613425465076,0.8577923451588334,0.018023870698955516
236,472.0,0.472,2264,1.1242146543743237,0.8633621695758844,0.01814490938762089
237,474.0,0.474,2263,1.1287176061905253,0.86862392496713,0.018259526451741517
238,476.0,0.476,2262,1.1334431585296758,0.8741999287356411,0.018380802408253683
239,478.0,0.478,2261,1.1381646994899106,0.8792799441445774,0.01849170200329657
240,480.0,0.48,2260,1.1430325083290844,0.8844502829399655,0.01860455152932579
241,482.0,0.482,2259,1.14825087326926,0.8887860618730032,0.01869989292685258
242,484.0,0.484,2258,1.1534719837102767,0.894488786603147,0.01882404410754463
243,486.0,0.486,2257,1.1583446185012962,0.8995369281827511,0.018934472798380696
244,488.0,0.488,2256,1.1632238284668248,0.9048313300886894,0.019050136071884084
245,490.0,0.49,2255,1.1680630465565887,0.9110404652977703,0.01918511444183567
246,492.0,0.492,2254,1.1728754586219896,0.917135296807415,0.019317746031426778
247,494.0,0.494,2253,1.1774776809846965,0.9235239153536735,0.01945662687725766
248,496.0,0.496,2252,1.1818771008990987,0.9278469955416715,0.019552044306443982
249,498.0,0.498,2251,1.186132890537623,0.9325442611413649,0.01965539184785919
250,500.0,0.5,2250,1.190615140641065,0.9376378066628296,0.019767140595594295
251,502.0,0.502,2249,1.1950513738390827,0.9427141667839144,0.019878577616264152
252,504.0,0.504,2248,1.199974420980522,0.9481215974964563,0.019997047865299034
253,506.0,0.506,2247,1.2043883674450035,0.9523495024321343,0.020090688634756926
254,508.0,0.508,2246,1.2091395263224791,0.9562586522676618,0.020177646153370674
255,510.0,0.51,2245,1.2140104046381812,0.9608947517159955,0.02027998589759951
256,512.0,0.512,2244,1.2189949006305358,0.9661251988013525,0.020394918932240276
257,514.0,0.514,2243,1.2242903771887972,0.9716530914419595,0.020516184689146285
258,516.0,0.516,2242,1.230223386192463,0.977690552966769,0.020648267346365597
259,518.0,0.518,2241,1.235986988815719,0.9836362328944421,0.020778471149325038
260,520.0,0.52,2240,1.241709839017977,0.990297483242124,0.02092385328522557
261,522.0,0.522,2239,1.247880907184415,0.997940956177204,0.021090059255056866
262,524.0,0.524,2238,1.254123532888514,1.004440149889847,0.021232152413672024
263,526.0,0.526,2237,1.2604187777648517,1.0110665609781009,0.021376999897063525
264,528.0,0.528,2236,1.2668523765767483,1.0187273886073143,0.02154378879292058
265,530.0,0.53,2235,1.2732134671005466,1.026344399247218,0.021709726537621668
266,532.0,0.532,2234,1.2797087553825248,1.034179303851094,0.021880349659336603
267,534.0,0.534,2233,1.2859523774817094,1.0408919835578572,0.022027301805381243
268,536.0,0.536,2232,1.2924017233887464,1.0477824794195052,0.022178084659141943
269,538.0,0.538,2231,1.298738438681746,1.055406073274779,0.02234445692992295
270,540.0,0.54,2230,1.304932758286422,1.062752354767041,0.022505032497118584
271,542.0,0.542,2229,1.3112613767690247,1.0697249494216121,0.0226577661854124
272,544.0,0.544,2228,1.317794330740417,1.077416072592925,0.022825792065770376
273,546.0,0.546,2227,1.3244282120193043,1.0843901131113896,0.022978699234429932
274,548.0,0.548,2226,1.3306767410842677,1.0912657508227055,0.023129590570985493
275,550.0,0.55,2225,1.3365484314514902,1.096458907861794,0.023244882356951806
276,552.0,0.552,2224,1.343008359332299,1.1023787857412584,0.0233756370594946
277,554.0,0.554,2223,1.3495413683050779,1.1072164696349682,0.023483498964818772
278,556.0,0.556,2222,1.3561915761383445,1.111652452763269,0.023582888804067257
279,558.0,0.558,2221,1.3629172247303802,1.115933963344471,0.02367904681860305
280,560.0,0.56,2220,1.3693920374189763,1.1194354392701644,0.02375869402458914
281,562.0,0.562,2219,1.3756637198644341,1.121694791814701,0.02381200978114062
282,564.0,0.564,2218,1.3819923871944528,1.1245524399924838,0.02387805462066708
283,566.0,0.566,2217,1.388532626805376,1.1284162564732323,0.02396549963382196
284,568.0,0.568,2216,1.3952668187391297,1.1325821278855885,0.02405940186024322
285,570.0,0.57,2215,1.4018912239627366,1.1369011124059565,0.02415660100645488
286,572.0,0.572,2214,1.4086262867584962,1.1420678620588776,0.024271862452892437
287,574.0,0.574,2213,1.4151087981700525,1.14651040701169,0.02437178253075088
288,576.0,0.576,2212,1.421741547537465,1.151316031452726,0.024479468869816327
289,578.0,0.578,2211,1.4283114544164972,1.1567120566612947,0.024599761189428946
290,580.0,0.58,2210,1.4346926331586412,1.161315288506192,0.024703245058768766
291,582.0,0.582,2209,1.4408608117546196,1.1662174396225204,0.024813137013245116
292,584.0,0.584,2208,1.4474459468840315,1.1717503091660801,0.024936502577405213
293,586.0,0.586,2207,1.4542512716002325,1.177034718272991,0.025054636518313023
294,588.0,0.588,2206,1.460858531497858,1.1815139294578518,0.025155681768750573
295,590.0,0.59,2205,1.4670512840320116,1.18533958885982,0.025242856162973427
296,592.0,0.592,2204,1.4734653866870966,1.1900975469833914,0.025349930029720885
297,594.0,0.594,2203,1.4798025042733172,1.1950196526369588,0.02546055104746838
298,596.0,0.596,2202,1.4856619660197188,1.19796296143047,0.025529054674786153
299,598.0,0.598,2201,1.4920103104823423,1.2012415137172325,0.02560473652688872
300,600.0,0.6,2200,1.4983351974578991,1.205466926418032,0.025700641225532034
301,602.0,0.602,2199,1.5048391018333331,1.210518405604951,0.02581420665565249
302,604.0,0.604,2198,1.5114315732509225,1.2158509944300344,0.025933821080239703
303,606.0,0.606,2197,1.5178925197983875,1.2206713985946305,0.02604256401257563
304,608.0,0.608,2196,1.5245852278113128,1.2254016287866227,0.026149433535754663
305,610.0,0.61,2195,1.5310320584094017,1.2303691939952015,0.02626141885086028
306,612.0,0.612,2194,1.5375971194833664,1.2354517701660006,0.026375911951437157
307,614.0,0.614,2193,1.5437305768791267,1.239564332470918,0.02646974487367016
308,616.0,0.616,2192,1.5497979696334214,1.2435684320606515,0.02656130532064608
309,618.0,0.618,2191,1.5556029298755154,1.2471199309548568,0.026643239652159666
310,620.0,0.62,2190,1.5614362271168427,1.2509219183277376,0.02673056538710875
311,622.0,0.622,2189,1.566673765472631,1.254089901694879,0.02680438146899905
312,624.0,0.624,2188,1.5716555281011861,1.257703207226252,0.026887752979160847
313,626.0,0.626,2187,1.5766846997678536,1.2604237284091122,0.02695207329222195
314,628.0,0.628,2186,1.5814221042881624,1.2626022880078789,0.027004832830351138
315,630.0,0.63,2185,1.586361350111824,1.2651274898345155,0.02706503368369903
316,632.0,0.632,2184,1.5913342300708184,1.2673759450256776,0.02711934168148363
317,634.0,0.634,2183,1.5964924714314055,1.270437223666991,0.02719107277242303
318,636.0,0.636,2182,1.6017848204219143,1.27424071405156,0.027278727298702045
319,638.0,0.638,2181,1.6070890689093293,1.278180066497548,0.027369332617015244
320,640.0,0.64,2180,1.6118408081537465,1.280792375146559,0.02743155877125653
321,642.0,0.642,2179,1.6169443760981925,1.2826643448144355,0.027477954962658643
322,644.0,0.644,2178,1.6218706489485408,1.2848186377331587,0.027530423373817538
323,646.0,0.646,2177,1.6270605806117087,1.2880421075418318,0.02760583235761145
324,648.0,0.648,2176,1.6319694576596908,1.2901194570546144,0.027656707693711008
325,650.0,0.65,2175,1.6365804379006577,1.2921630773137573,0.027706884644853158
326,652.0,0.652,2174,1.6411350216625626,1.2953122347599566,0.027780796792602005
327,654.0,0.654,2173,1.6456185188943364,1.2978827405984437,0.027842331114810253
328,656.0,0.656,2172,1.6501013398311337,1.3000822345497736,0.02789593441364318
329,658.0,0.658,2171,1.6544843992968201,1.3028243919231832,0.027961210515653583
330,660.0,0.66,2170,1.658752086700517,1.3051787483598847,0.028018193276090234
331,662.0,0.662,2169,1.6631615603632426,1.3077015340507054,0.028078820283776455
332,664.0,0.664,2168,1.6676816840823898,1.311031852820582,0.028156819999863088
333,666.0,0.666,2167,1.6721953297741816,1.313465664112064,0.02821559861113121
334,668.0,0.668,2166,1.6768095630815731,1.3164225498338387,0.02828564502619706
335,670.0,0.67,2165,1.6811956761944384,1.3185095850740476,0.028337030717761707
336,672.0,0.672,2164,1.685661160670522,1.320998999308624,0.02839709147337326
337,674.0,0.674,2163,1.6896956325034322,1.3231360346394945,0.028449604779241112
338,676.0,0.676,2162,1.6939801451500214,1.325444450430613,0.02850582970365953
339,678.0,0.678,2161,1.6981056651778008,1.3280652484644286,0.028568802005396497
340,680.0,0.68,2160,1.7019467586141102,1.3300073726051307,0.028617202246848633
341,682.0,0.682,2159,1.7060487870435899,1.3325422663596473,0.02867838375955258
342,684.0,0.684,2158,1.7102134407888163,1.33489833706584,0.028735745713249647
343,686.0,0.686,2157,1.7146233588022846,1.3376487012233498,0.02880162553914344
344,688.0,0.688,2156,1.7185502067949703,1.339124732803693,0.028840092767498566
345,690.0,0.69,2155,1.7223710003051926,1.3406354940447818,0.028879327523106662
346,692.0,0.692,2154,1.7259473860517087,1.3416445636310705,0.0289077723347198
347,694.0,0.694,2153,1.7302325106320873,1.343018809813835,0.028944102025123635
348,696.0,0.696,2152,1.7342453312300339,1.3439556248773739,0.028971020657487818
349,698.0,0.698,2151,1.738626990037246,1.345705771631867,0.0290154900502478
350,700.0,0.7,2150,1.7427771277048072,1.347744830076917,0.02906621251955817
351,702.0,0.702,2149,1.7468768473140088,1.350693118261441,0.02913657367323621
352,704.0,0.704,2148,1.7508903470648893,1.3542877062742724,0.02922091410161085
353,706.0,0.706,2147,1.7545168368061026,1.3574318221715538,0.029295573470842894
354,708.0,0.708,2146,1.757810187402265,1.3600199124127448,0.029358266482968326
355,710.0,0.71,2145,1.7611442966738904,1.363501610801192,0.02944028480733959
356,712.0,0.712,2144,1.7645485275316137,1.366725059332988,0.029516765630214485
357,714.0,0.714,2143,1.7672738003892292,1.3682185875733046,0.029555914435286344
358,716.0,0.716,2142,1.769845700680345,1.36986099851568,0.029598299999558323
359,718.0,0.718,2141,1.7722693465791393,1.3711637255200457,0.02963336577581395
360,720.0,0.72,2140,1.7745256001965668,1.3738892859293304,0.029699206776840924
361,722.0,0.722,2139,1.777109952354379,1.3764845732518967,0.02976226341699969
362,724.0,0.724,2138,1.7796178911762262,1.3804225729026203,0.029854390000950515
363,726.0,0.726,2137,1.7821640488615689,1.385400391171909,0.02996905472973982
364,728.0,0.728,2136,1.7846461608704984,1.3885909930775016,0.030045104560953582
365,730.0,0.73,2135,1.7870240672194528,1.3910094738552852,0.030104481264486532
366,732.0,0.732,2134,1.789788123960474,1.3940344360587762,0.030177016093979898
367,734.0,0.734,2133,1.792326078645522,1.3965441521509467,0.030238430301387877
368,736.0,0.736,2132,1.7945615626584204,1.3993032912515802,0.030305276824796286
369,738.0,0.738,2131,1.7968245153704476,1.4017800726601979,0.030366039807387977
370,740.0,0.74,2130,1.7989332297330327,1.4044167026113594,0.030430296512017077
371,742.0,0.742,2129,1.801268358426651,1.407114664989565,0.03049591430510365
372,744.0,0.744,2128,1.803829139572817,1.410304078072705,0.03057221815393413
373,746.0,0.746,2127,1.8065857560539595,1.414254342929372,0.030665056987158282
374,748.0,0.748,2126,1.8092282910476403,1.417558254882891,0.030743923108217993
375,750.0,0.75,2125,1.811813887805319,1.4206482585657414,0.03081818771299429
376,752.0,0.752,2124,1.8144609243519163,1.4247933237770767,0.030915381865880998
377,754.0,0.754,2123,1.816419706270431,1.4284035093525296,0.031001014870496807
378,756.0,0.756,2122,1.8178584442805619,1.431754647312342,0.03108106643770508
379,758.0,0.758,2121,1.81980057573667,1.436421555291372,0.031189727425723682
380,760.0,0.76,2120,1.8217372933060878,1.4403493937202272,0.03128238982563412
381,762.0,0.762,2119,1.8236810680132165,1.4436608364172376,0.031361707266710316
382,764.0,0.764,2118,1.8254243674310695,1.4471551396175677,0.031445037245725324
383,766.0,0.766,2117,1.8273908817072255,1.4493829733465564,0.03150088288890927
384,768.0,0.768,2116,1.829461224179829,1.4523125676113398,0.031572012339376954
385,770.0,0.77,2115,1.8321170460592868,1.455356197569402,0.031645656798894424
386,772.0,0.772,2114,1.8348244876241808,1.459371237515148,0.0317404654512309
387,774.0,0.774,2113,1.8375431524974806,1.46257937263791,0.031817766880913714
388,776.0,0.776,2112,1.840425107638806,1.4664797647047811,0.03191016999328395
389,778.0,0.778,2111,1.843427087178535,1.4708686613759074,0.0320132508908358
390,780.0,0.78,2110,1.8459291228327999,1.474552503783731,0.032101033383248746
391,782.0,0.782,2109,1.8481009263454822,1.4780530982701647,0.03218486903553492
392,784.0,0.784,2108,1.8504343998987338,1.481815716116512,0.0322744532164706
393,786.0,0.786,2107,1.8525979671785888,1.484562798117024,0.03234195775454534
394,788.0,0.788,2106,1.8544318409597838,1.488079143452241,0.032426258932621424
395,790.0,0.79,2105,1.8565022234434234,1.4910603345314632,0.03249893783181594
396,792.0,0.792,2104,1.8589951507534574,1.4951545865499956,0.032595918981664904
397,794.0,0.794,2103,1.8612084923060632,1.4983169573343602,0.032672627271429125
398,796.0,0.796,2102,1.8633160107324922,1.5017098979505936,0.032754402944876713
399,798.0,0.798,2101,1.8656154480214142,1.5041484068346083,0.032815396934301716
400,800.0,0.8,2100,1.8675430851030148,1.5067297976030563,0.032879539758864276
401,802.0,0.802,2099,1.8698419500510692,1.5100927551851104,0.03296077424759228
402,804.0,0.804,2098,1.8719025888049952,1.5122047213806975,0.03301473743895364
403,806.0,0.806,2097,1.8738427305791265,1.513502189829209,0.03305094172611757
404,808.0,0.808,2096,1.8756582172388485,1.5146433691763226,0.033083751401102375
405,810.0,0.81,2095,1.8773184265902072,1.5148926069432986,0.033097091642818245
406,812.0,0.812,2094,1.879437218280609,1.5153233827741623,0.033114407296131444
407,814.0,0.814,2093,1.8814691876683078,1.5154590660737286,0.033125282902775985
408,816.0,0.816,2092,1.8834197182796717,1.5174042989846077,0.03317572863765145
409,818.0,0.818,2091,1.8856037459992245,1.5200230762932243,0.03324092992844591
410,820.0,0.82,2090,1.8876778711603317,1.5211537311203789,0.033273613219776094
411,822.0,0.822,2089,1.890132935132267,1.5227870450422454,0.033317311819792965
412,824.0,0.824,2088,1.8922665428667402,1.5259566156985975,0.03339465331767956
413,826.0,0.826,2087,1.8942789950213534,1.5292418833422412,0.03347456634710235
414,828.0,0.828,2086,1.8960799704211964,1.5335560469663314,0.03357704716687144
415,830.0,0.83,2085,1.8979984787752826,1.53714548422319,0.03366370744409196
416,832.0,0.832,2084,1.9001433558821945,1.5429851685971716,0.033799703789424006
417,834.0,0.834,2083,1.9022527834491196,1.5471362453819062,0.03389876885517387
418,836.0,0.836,2082,1.9038291692573073,1.5513232926147957,0.03399867177018816
419,838.0,0.838,2081,1.905899019110526,1.5560851097772226,0.03411122427814857
420,840.0,0.84,2080,1.9076320351164804,1.561713887540161,0.03424284222325636
421,842.0,0.842,2079,1.9091130944922483,1.5658580766225412,0.03434196585267483
422,844.0,0.844,2078,1.9107317918691478,1.571867850837299,0.03448206449931155
423,846.0,0.846,2077,1.9124037002461587,1.5765024540549644,0.03459205819197965
424,848.0,0.848,2076,1.9138605702186435,1.5807615430579556,0.03469386523823859
425,850.0,0.85,2075,1.9161341113574384,1.585682360347214,0.03481025017244349
426,852.0,0.852,2074,1.9186723913941262,1.5895762007792245,0.03490414272552632
427,854.0,0.854,2073,1.9208392307467101,1.592320802956032,0.03497284136516764
428,856.0,0.856,2072,1.9232757058580603,1.5954003069158236,0.03504893255736563
429,858.0,0.858,2071,1.926089339316371,1.5981526757089466,0.03511787404153799
430,860.0,0.86,2070,1.9287374337717573,1.6007270760908041,0.03518293924034028
431,862.0,0.862,2069,1.9316822689875417,1.6016819425273634,0.035212433029184635
432,864.0,0.864,2068,1.9340897632937544,1.6030040637175638,0.03525001905630048
433,866.0,0.866,2067,1.9365578462052035,1.604671746074272,0.0352952260432779
434,868.0,0.868,2066,1.938734055111546,1.6051922339752858,0.035315217987403884
435,870.0,0.87,2065,1.9407683540417693,1.6062712358002809,0.03534751230469326
436,872.0,0.872,2064,1.9430435781281044,1.6079485166723653,0.03539299322072816
437,874.0,0.874,2063,1.945024030952056,1.6089645168092301,0.035423939097019894
438,876.0,0.876,2062,1.9471729251792969,1.6106993294634178,0.03547073170828858
439,878.0,0.878,2061,1.949585274956905,1.6128098757898057,0.035525825497318884
440,880.0,0.88,2060,1.9511833299082453,1.6135713586286644,0.03555122469581338
441,882.0,0.882,2059,1.9531467985736288,1.6154940946072769,0.03560222999787044
442,884.0,0.884,2058,1.9555172742324016,1.617123204476991,0.03564678967889038
443,886.0,0.886,2057,1.9579275556761402,1.6198427156304767,0.03571541504508987
444,888.0,0.888,2056,1.9602131798233915,1.6220330434230674,0.03577240525328432
445,890.0,0.89,2055,1.9624806477854357,1.6248374633446023,0.03584297181946089
446,892.0,0.892,2054,1.9650742263532766,1.627907609255098,0.03591943804325259
447,894.0,0.894,2053,1.9671068880690943,1.6307789382920952,0.035991555712411985
448,896.0,0.896,2052,1.9694071358069238,1.634348701568587,0.036079128965913906
449,898.0,0.898,2051,1.9716244076303269,1.6378381855286033,0.03616497440828677
450,900.0,0.9,2050,1.974174810152939,1.6414644721720433,0.03625388533192024
451,902.0,0.902,2049,1.9767047926230024,1.6454413486869934,0.03635058691872404
452,904.0,0.904,2048,1.9795522643231844,1.6489142627526039,0.03643620177461196
453,906.0,0.906,2047,1.9823576335005864,1.653457104791102,0.03654550868270226
454,908.0,0.908,2046,1.9854516517734262,1.657399037643375,0.03664158635254056
455,910.0,0.91,2045,1.9883371243078507,1.66140488289313,0.03673912649478179
456,912.0,0.912,2044,1.9915214622196709,1.665993962490848,0.036849616926637116
457,914.0,0.914,2043,1.9944232887515179,1.6699342208187842,0.036945809039865406
458,916.0,0.916,2042,1.9970660762620316,1.6733468325490677,0.037030373892231114
459,918.0,0.918,2041,1.9998721880382058,1.6767992414505921,0.03711586329651522
460,920.0,0.92,2040,2.002591447108065,1.6798914217888412,0.03719342123068282
461,922.0,0.922,2039,2.0052860389621503,1.6830039383282949,0.03727146978909744
462,924.0,0.924,2038,2.0079438080056473,1.686494412599777,0.0373579311064019
463,926.0,0.926,2037,2.0106610642113627,1.6901784546613654,0.0374487259254846
464,928.0,0.928,2036,2.0135117653068537,1.6948518623298914,0.03756149401493684
465,930.0,0.93,2035,2.0165146772109206,1.6989618530678086,0.03766183019518449
466,932.0,0.932,2034,2.0198251041204074,1.7043916320101289,0.037791481635437996
467,934.0,0.934,2033,2.0231962353330415,1.7100975891890882,0.03792732432459721
468,936.0,0.936,2032,2.0267956612036224,1.7163415941861164,0.03807517214956701
469,938.0,0.938,2031,2.0307985400830226,1.723386571683922,0.038240868136006044
470,940.0,0.94,2030,2.0347394909932675,1.7301934122904623,0.038401362634467785
471,942.0,0.942,2029,2.0387261746060776,1.7358153750208565,0.03853563389160345
472,944.0,0.944,2028,2.042399626383064,1.741047621841122,0.038661319736228064
473,946.0,0.946,2027,2.045631705367626,1.7447070697231448,0.038752136081563644
474,948.0,0.948,2026,2.0488956423281968,1.7489149120160619,0.03885518313433663
475,950.0,0.95,2025,2.052262527259779,1.7536865909730526,0.038970813132734504
476,952.0,0.952,2024,2.055407200424253,1.7587330206234277,0.03909260970203721
477,954.0,0.954,2023,2.0586912605702548,1.7635645909623094,0.03920969183769427
478,956.0,0.956,2022,2.062213306271106,1.7697729832014897,0.039357452990131055
479,958.0,0.958,2021,2.0665018372217405,1.7769988602440883,0.03952792278275498
480,960.0,0.96,2020,2.070765987697241,1.7843796760465975,0.03970192670766835
481,962.0,0.962,2019,2.074997707894205,1.7916734524526396,0.03987408214686277
482,964.0,0.964,2018,2.0790373876411796,1.8003159945551725,0.04007634983108539
483,966.0,0.966,2017,2.0831225285806316,1.8090032624320382,0.04027971610801237
484,968.0,0.968,2016,2.086532729752347,1.8171177063971187,0.04047042790939584
485,970.0,0.97,2015,2.0900792296437283,1.824947950426908,0.04065490561731804
486,972.0,0.972,2014,2.0938679002796445,1.831706715959402,0.04081560183524404
487,974.0,0.974,2013,2.097620921013677,1.837630566724649,0.040957771497981334
488,976.0,0.976,2012,2.1014689437180802,1.8438672374768312,0.04110698830847937
489,978.0,0.978,2011,2.105606019231602,1.8495217287762924,0.04124329956409511
490,980.0,0.98,2010,2.1095251776185164,1.8543189903705795,0.041360560672322105
491,982.0,0.982,2009,2.1134126869434726,1.8590704727161373,0.041476861334301195
492,984.0,0.984,2008,2.118088680969899,1.8649024030325092,0.04161733384675387
493,986.0,0.986,2007,2.1223425629467214,1.8708778546963234,0.04176108254753654
494,988.0,0.988,2006,2.12726007949541,1.8762842735197742,0.041892200564358516
495,990.0,0.99,2005,2.1323304393721947,1.8811800138853116,0.04201198169339617
496,992.0,0.992,2004,2.137414610025298,1.8870546942624882,0.042153693099007065
497,994.0,0.994,2003,2.1426348925989407,1.8921507440156322,0.04227808019461199
498,996.0,0.996,2002,2.147679584754662,1.8981469046868418,0.04242264907724867
499,998.0,0.998,2001,2.153104450850257,1.9044551389347584,0.042574269270365075
500,1000.0,1.0,2000,2.158372380181905,1.910136593125966,0.04271195268539517
501,1002.0,1.002,1999,2.163496587729529,1.9156140953338392,0.04284514598397391
502,1004.0,1.004,1998,2.1691416723694363,1.9216280474207985,0.04299040999651904
503,1006.0,1.006,1997,2.174792727164441,1.9273748266234916,0.0431297707719532
504,1008.0,1.008,1996,2.18033346653363,1.9331053577786639,0.043268840373076205
505,1010.0,1.01,1995,2.1860581355695285,1.9379956915205057,0.04338917146797938
506,1012.0,1.012,1994,2.191582106217898,1.9437616973622094,0.04352917568106047
507,1014.0,1.014,1993,2.1968607326600633,1.9492350855653753,0.04366269825222503
508,1016.0,1.016,1992,2.20204804183546,1.953682059135263,0.04377329321503075
509,1018.0,1.018,1991,2.2076159752901385,1.9584417440684265,0.04389095469482287
510,1020.0,1.02,1990,2.2130709137026803,1.962878792141973,0.044001445571506814
511,1022.0,1.022,1989,2.2184446533020985,1.9664340826128421,0.04409222361869187
512,1024.0,1.024,1988,2.2238801906581283,1.9715020603006912,0.04421697675196073
513,1026.0,1.026,1987,2.229512408600143,1.9760544474007204,0.04433022884304095
514,1028.0,1.028,1986,2.2352183663978065,1.9809720357921643,0.044451735634298765
515,1030.0,1.03,1985,2.2415092676247497,1.984566787118859,0.04454361535375762
516,1032.0,1.032,1984,2.2476998810059974,1.9882267875155526,0.04463700908368191
517,1034.0,1.034,1983,2.2535587530508026,1.990752021221525,0.04470497004749976
518,1036.0,1.036,1982,2.259407748427381,1.993380704262047,0.044775291812270676
519,1038.0,1.038,1981,2.2655608460255277,1.9970544493205864,0.044869132010162134
520,1040.0,1.04,1980,2.271395220424086,1.9998812306964278,0.04494398835594503
521,1042.0,1.042,1979,2.2774210273487183,2.0041885561322075,0.04505216654305309
522,1044.0,1.044,1978,2.2835397060199694,2.007859552975416,0.04514609463403312
523,1046.0,1.046,1977,2.289478113968548,2.0111061244744923,0.045230527624437834
524,1048.0,1.048,1976,2.295067972517383,2.014155462307588,0.045310569245999376
525,1050.0,1.05,1975,2.300270964438761,2.0165539551129763,0.0453760091292426
526,1052.0,1.052,1974,2.3055847798454,2.0188715921473537,0.04543966520621028
527,1054.0,1.054,1973,2.3114602711624435,2.022731351048628,0.04553807449091468
528,1056.0,1.056,1972,2.3169708900178434,2.0259785604120895,0.0456227426697104
529,1058.0,1.058,1971,2.3229368319907215,2.03014289487822,0.04572811458537839
530,1060.0,1.06,1970,2.329020902032879,2.034442012011752,0.045836579612552684
531,1062.0,1.062,1969,2.3345415454873946,2.0367697500622537,0.04590067563503277
532,1064.0,1.064,1968,2.3411633356422263,2.0403119896932314,0.04599218415885694
533,1066.0,1.066,1967,2.34785328278246,2.042554088925428,0.046054427285449326
534,1068.0,1.068,1966,2.3546657770132224,2.043300972513641,0.04608298313726772
535,1070.0,1.07,1965,2.361526223749475,2.0454404189908915,0.04614297124413937
536,1072.0,1.072,1964,2.36835883134008,2.0482271763879414,0.04621759924186157
537,1074.0,1.074,1963,2.375072778756091,2.0508281519807428,0.04628807506808074
538,1076.0,1.076,1962,2.3814651154649376,2.052824631906908,0.04634494260518999
539,1078.0,1.078,1961,2.387890647418984,2.0549249131939464,0.046404186180632086
540,1080.0,1.08,1960,2.3945959625384536,2.058025697832062,0.04648606205933407
541,1082.0,1.082,1959,2.401047300817326,2.060202891458211,0.04654711562967083
542,1084.0,1.084,1958,2.40788140292035,2.0631027037100607,0.04662453403172044
543,1086.0,1.086,1957,2.4143726540848873,2.0663736465579827,0.046710384433157635
544,1088.0,1.088,1956,2.4208598876691934,2.070117486823245,0.04680697434427412
545,1090.0,1.09,1955,2.427657403849306,2.074012922751328,0.046907045281636056
546,1092.0,1.092,1954,2.434275450281852,2.0783519964981068,0.04701720661834617
547,1094.0,1.094,1953,2.4408787814642974,2.0820335875408653,0.047112549814782106
548,1096.0,1.096,1952,2.44718537749709,2.0863636633139606,0.04722262269353284
549,1098.0,1.098,1951,2.4537046516482457,2.0912022428363413,0.047344267466498904
550,1100.0,1.1,1950,2.4601030724111532,2.096028452099171,0.047465697584510746
551,1102.0,1.102,1949,2.4662730165273716,2.101103748601442,0.04759283527395233
552,1104.0,1.104,1948,2.472251187119411,2.1059659624098854,0.04771521349620256
553,1106.0,1.106,1947,2.4784982429298092,2.110946670152565,0.04784034312714489
554,1108.0,1.108,1946,2.484547882011915,2.1153980975534963,0.047953542046722676
555,1110.0,1.11,1945,2.491005846589283,2.119886720124409,0.04806764570455179
556,1112.0,1.112,1944,2.4975031600264117,2.1250333730359334,0.04819673565114313
557,1114.0,1.114,1943,2.5040227563719446,2.1306527114133402,0.04833661869080871
558,1116.0,1.116,1942,2.5103082987256946,2.1362948407578024,0.04847709411978888
559,1118.0,1.118,1941,2.516457463970787,2.1419541573694203,0.04861803523343872
560,1120.0,1.12,1940,2.522747374632422,2.1473724575855395,0.04875358021004614
561,1122.0,1.122,1939,2.52919392067574,2.1533856615551716,0.04890270838893048
562,1124.0,1.124,1938,2.535557794287367,2.1581065471455587,0.049022561036992526
563,1126.0,1.126,1937,2.541707997714208,2.1623876059699114,0.049132485326181675
564,1128.0,1.128,1936,2.547730933266402,2.1664765499266267,0.049238103407423336
565,1130.0,1.13,1935,2.553182861230489,2.168864614596739,0.049305113007759534
566,1132.0,1.132,1934,2.5586921922292483,2.170231072985218,0.049348930213442894
567,1134.0,1.134,1933,2.5643265877291914,2.1728886104962046,0.04942213884883208
568,1136.0,1.136,1932,2.5695813815869237,2.1745318162768483,0.04947231182875234
569,1138.0,1.138,1931,2.5747902979094066,2.1773627253039027,0.04954954227947059
570,1140.0,1.14,1930,2.5798381233492256,2.1800122429690507,0.04962268712452525
571,1142.0,1.142,1929,2.584849620376336,2.182523350196794,0.04969272181545106
572,1144.0,1.144,1928,2.589720959152328,2.1853732229179195,0.04977051133420453
573,1146.0,1.146,1927,2.5948692192327756,2.188127722016824,0.04984617192063948
574,1148.0,1.148,1926,2.5997128524596045,2.192068574573572,0.049948907621716915
575,1150.0,1.15,1925,2.6041518684468037,2.1950270367576703,0.050029309290679
576,1152.0,1.152,1924,2.6082499275574174,2.1986550199575405,0.0501250198790121
577,1154.0,1.154,1923,2.6126669348060316,2.2019009742589395,0.05021207183851723
578,1156.0,1.156,1922,2.6164878631139987,2.204127496012461,0.050275919323552784
579,1158.0,1.158,1921,2.6205591455579,2.2060571769881334,0.05033303077044641
580,1160.0,1.16,1920,2.6240220291306455,2.2079736485691,0.050389873904095016
581,1162.0,1.162,1919,2.627842845866411,2.210712232479709,0.050465517018447835
582,1164.0,1.164,1918,2.631461578224988,2.21233330903685,0.05051568619507303
583,1166.0,1.166,1917,2.634905902356544,2.213559625993203,0.050556868808686546
584,1168.0,1.168,1916,2.63856221050841,2.2150892271202336,0.05060500505472543
585,1170.0,1.17,1915,2.6421642164829016,2.215994071683466,0.05063889322360717
586,1172.0,1.172,1914,2.645803071417652,2.217100505045514,0.05067741036551486
587,1174.0,1.174,1913,2.6492795477871565,2.217987650010124,0.05071093739787052
588,1176.0,1.176,1912,2.6524140655451225,2.218433885964853,0.05073440207152321
589,1178.0,1.178,1911,2.655238287713034,2.2191477191328253,0.050764003897929906
590,1180.0,1.18,1910,2.657903012367995,2.219264583318614,0.05077996518587535
591,1182.0,1.182,1909,2.660572065523793,2.2193183298640737,0.05079449371291042
592,1184.0,1.184,1908,2.663141059344633,2.21943203685073,0.05081040603793397
593,1186.0,1.186,1907,2.665600739011871,2.2188470025540483,0.050810329418719026
594,1188.0,1.188,1906,2.6677198751091655,2.217277672054526,0.05078771052006226
595,1190.0,1.19,1905,2.6700563091544436,2.216507219152305,0.050783386688419634
596,1192.0,1.192,1904,2.6722441571282682,2.215060572786811,0.05076356744750297
597,1194.0,1.194,1903,2.6748300820064554,2.215230771291728,0.050780805012196055
598,1196.0,1.196,1902,2.677312208580877,2.2154684377208063,0.05079960215022321
599,1198.0,1.198,1901,2.6799108319520473,2.2162772796470604,0.05083151290279738
600,1200.0,1.2,1900,2.682343748328703,2.215784378466977,0.05083357992849281
601,1202.0,1.202,1899,2.684930387161301,2.2148723521532228,0.05082603364226351
602,1204.0,1.204,1898,2.688004580135192,2.2143577315051046,0.050827608819124924
603,1206.0,1.206,1897,2.6911281553128954,2.214579384997124,0.05084609299264684
604,1208.0,1.208,1896,2.6945803944442717,2.2153594313393743,0.050877414362435106
605,1210.0,1.21,1895,2.6974972147416487,2.216512962646307,0.05091733542462324
606,1212.0,1.212,1894,2.7007966730612907,2.218545287172957,0.05097747391232943
607,1214.0,1.214,1893,2.70339675306135,2.2206887921113543,0.05104020307933554
608,1216.0,1.216,1892,2.7063632750349416,2.223723551030429,0.05112345890515169
609,1218.0,1.218,1891,2.7091467505167057,2.2273524609938526,0.051220425476403486
610,1220.0,1.22,1890,2.712212031073394,2.230716115747921,0.05131134547158644
611,1222.0,1.222,1889,2.7153025751239652,2.2342352001661494,0.051405893345529155
612,1224.0,1.224,1888,2.7181481977694038,2.2364746647789833,0.05147104524920484
613,1226.0,1.226,1887,2.721175283543215,2.2390669216998043,0.05154435672353008
614,1228.0,1.228,1886,2.723552279898688,2.2417043512425536,0.051618750849141706
615,1230.0,1.23,1885,2.7256969555772277,2.2435757678899906,0.05167554473585194
616,1232.0,1.232,1884,2.728067389349656,2.2456302806452064,0.051736590708382414
617,1234.0,1.234,1883,2.7303300411022904,2.247791840971579,0.05180013963742695
618,1236.0,1.236,1882,2.732644761002777,2.250106380659369,0.05186725230817613
619,1238.0,1.238,1881,2.7345161479324376,2.2514839688897754,0.0519128008814551
620,1240.0,1.24,1880,2.7366734243723627,2.2525811329313914,0.051951909843656774
621,1242.0,1.242,1879,2.7387852247204547,2.2527484330690815,0.05196959187205692
622,1244.0,1.244,1878,2.7409263054921045,2.2516441229964674,0.051957943879400545
623,1246.0,1.246,1877,2.7432627149367197,2.2520899910713568,0.0519820741195744
624,1248.0,1.248,1876,2.745028640929689,2.250663358694681,0.05196298888994715
625,1250.0,1.25,1875,2.747303889557697,2.251066309277057,0.05198614958499225
626,1252.0,1.252,1874,2.749358444003016,2.252904907395929,0.05204249003798345
627,1254.0,1.254,1873,2.750525423422694,2.253116383516159,0.05206126743906598
628,1256.0,1.256,1872,2.751745302563785,2.2548709097076163,0.05211572233655731
629,1258.0,1.258,1871,2.7531750880672656,2.257291237984834,0.05218560251780147
630,1260.0,1.26,1870,2.7546384276331053,2.258026636261467,0.05221656000803648
631,1262.0,1.262,1869,2.7565626271619013,2.259546906908662,0.052265692713695376
632,1264.0,1.264,1868,2.758531387741129,2.261270234101905,0.05231955362437239
633,1266.0,1.266,1867,2.760842400961956,2.2632198705936704,0.05237868470049069
634,1268.0,1.268,1866,2.7627593890395983,2.2638640237771073,0.05240762975016288
635,1270.0,1.27,1865,2.764700390442244,2.2642675809517714,0.052431022876399384
636,1272.0,1.272,1864,2.7666914284551187,2.2656316616989893,0.052476680016397895
637,1274.0,1.274,1863,2.7692217562637973,2.267978050026063,0.05254512379949906
638,1276.0,1.276,1862,2.771427902163868,2.270280660121096,0.05261259357864713
639,1278.0,1.278,1861,2.77354425166249,2.2726462011716433,0.052681562181924164
640,1280.0,1.28,1860,2.77552658914516,2.2744232417904926,0.052736926131959266
641,1282.0,1.282,1859,2.7778525479296277,2.2765551882321198,0.05280055506225771
642,1284.0,1.284,1858,2.7797547803589637,2.277652195137444,0.05284021205195524
643,1286.0,1.286,1857,2.781987021851451,2.278513875105505,0.05287443330049832
644,1288.0,1.288,1856,2.783881790332062,2.279894857145694,0.052920730813223876
645,1290.0,1.29,1855,2.786182033085948,2.281912332924991,0.05298183534093957
646,1292.0,1.292,1854,2.788500489060373,2.283624198666353,0.053035879048202936
647,1294.0,1.294,1853,2.79137805491759,2.285330767080114,0.05308983271089581
648,1296.0,1.296,1852,2.7939170099612975,2.286267333129419,0.05312592684255505
649,1298.0,1.298,1851,2.79644531968581,2.2878513101324867,0.053177092274532475
650,1300.0,1.3,1850,2.798811948880452,2.289195183145175,0.053222706932870296
651,1302.0,1.302,1849,2.800878547232007,2.28947865922107,0.05324368974932721
652,1304.0,1.304,1848,2.8023044923463365,2.288979682479176,0.053246486311744466
653,1306.0,1.306,1847,2.803294092158254,2.2873708407998627,0.053223463503616286
654,1308.0,1.308,1846,2.8045767941154587,2.286883501062341,0.05322653475343566
655,1310.0,1.31,1845,2.80568598134774,2.287046826576282,0.053244759717484935
656,1312.0,1.312,1844,2.806799242023396,2.2879239995132608,0.05327962206827237
657,1314.0,1.314,1843,2.807893995487228,2.289986741665114,0.053342123469094116
658,1316.0,1.316,1842,2.8088222147951774,2.2919588703147737,0.05340255142809858
659,1318.0,1.318,1841,2.8097481303026193,2.2942775955078223,0.053471094016309485
660,1320.0,1.32,1840,2.8107583815402033,2.2957449993350503,0.05351983125933976
661,1322.0,1.322,1839,2.811999982847946,2.297627617010088,0.053578281304468504
662,1324.0,1.324,1838,2.8135769552216097,2.2992754021279396,0.05363128956361238
663,1326.0,1.326,1837,2.8154440352675274,2.3010847773211798,0.05368810080355705
664,1328.0,1.328,1836,2.817807619829937,2.3025027270003986,0.053735811867314
665,1330.0,1.33,1835,2.819445496581567,2.3034130274339764,0.05377170216435982
666,1332.0,1.332,1834,2.821107376966833,2.3033428463470864,0.053784721066344285
667,1334.0,1.334,1833,2.823290818693323,2.3037227871837676,0.053808264606689325
668,1336.0,1.336,1832,2.8253789193500216,2.3055468289938035,0.053865564203146005
669,1338.0,1.338,1831,2.8272033376472883,2.307860872671521,0.0539343503662647
670,1340.0,1.34,1830,2.8292568247621634,2.309540627676001,0.05398835085281443
671,1342.0,1.342,1829,2.8309009961580407,2.3116624682197973,0.05405272200488894
672,1344.0,1.344,1828,2.8323940248475306,2.312582536644518,0.05408902413764348
673,1346.0,1.346,1827,2.834007537059512,2.3151869495189747,0.05416475611748927
674,1348.0,1.348,1826,2.835326267131406,2.317147695772868,0.05422547064844836
675,1350.0,1.35,1825,2.8368439968016284,2.3194771726712795,0.054294853836936795
676,1352.0,1.352,1824,2.838357765231649,2.3207594935730325,0.05433976034435049
677,1354.0,1.354,1823,2.840059005929458,2.322429450685972,0.05439377441615058
678,1356.0,1.356,1822,2.8420159454251035,2.32445610409521,0.05445617871816555
679,1358.0,1.358,1821,2.8437268454514713,2.326289532473826,0.054514093361370704
680,1360.0,1.36,1820,2.845734117056855,2.32781836274337,0.05456490403827507
681,1362.0,1.362,1819,2.8476462662114024,2.3305326334745744,0.05464354155016445
682,1364.0,1.364,1818,2.8498181377877185,2.333085233446619,0.0547184347299847
683,1366.0,1.366,1817,2.8514652054074823,2.3344572048735386,0.05476567605983309
684,1368.0,1.368,1816,2.8536289886263075,2.335842205121196,0.05481325328108436
685,1370.0,1.37,1815,2.855655154099706,2.3380019128474894,0.054879045283996425
686,1372.0,1.372,1814,2.857452036027754,2.338834212147382,0.05491371136292905
687,1374.0,1.374,1813,2.859625004531428,2.340575982632939,0.054969760179442384
688,1376.0,1.376,1812,2.861809896583371,2.3412684198784266,0.055001193113288216
689,1378.0,1.378,1811,2.8638587393010533,2.340963294747655,0.055009206334328646
690,1380.0,1.38,1810,2.865757396607863,2.3404604190112916,0.05501258004275479
691,1382.0,1.382,1809,2.868027353479684,2.341046365714471,0.0550415596859469
692,1384.0,1.384,1808,2.8707014758947653,2.341578190918025,0.05506928672871243
693,1386.0,1.386,1807,2.8730405213880714,2.34104403521148,0.05507195662622154
694,1388.0,1.388,1806,2.875383756698051,2.341994658126014,0.055109570604878
695,1390.0,1.39,1805,2.877277530285254,2.3425978754469816,0.05513903256258986
696,1392.0,1.392,1804,2.8797008462012714,2.343863673543072,0.055184114934515145
697,1394.0,1.394,1803,2.8821665306839974,2.346531647768272,0.05526224864529571
698,1396.0,1.396,1802,2.884652760193375,2.349068622132219,0.05533734397217355
699,1398.0,1.398,1801,2.887081925938426,2.3513576410476205,0.055406642502299173
700,1400.0,1.4,1800,2.8895128246441266,2.354708875917181,0.05550102046270638
701,1402.0,1.402,1799,2.891628359937499,2.3554775106208536,0.05553456576781524
702,1404.0,1.404,1798,2.8937066101691413,2.3567652960818157,0.05558037732020638
703,1406.0,1.406,1797,2.8955675999997252,2.3577260383954943,0.05561850374553012
704,1408.0,1.408,1796,2.8972842721348764,2.358678147326276,0.055656451983295545
705,1410.0,1.41,1795,2.8989353156731665,2.3595995446056617,0.05569370078303189
706,1412.0,1.412,1794,2.9008313326430613,2.359216890035997,0.055700186509233425
707,1414.0,1.414,1793,2.9029747488516353,2.358219703005937,0.05569216726348378
708,1416.0,1.416,1792,2.905081331266945,2.3576936868990397,0.05569527824287359
709,1418.0,1.418,1791,2.9073229550239916,2.3575584069706768,0.0557076281470302
710,1420.0,1.42,1790,2.9099271702198806,2.357389541581705,0.05571919546655956
711,1422.0,1.422,1789,2.912767420793717,2.3575122817137424,0.05573766790505508
712,1424.0,1.424,1788,2.9151809348805635,2.357089800016433,0.055743260973206595
713,1426.0,1.426,1787,2.917974823227452,2.3571038920285226,0.05575918903302485
714,1428.0,1.428,1786,2.9213696629164456,2.3581573896107537,0.055799725232698806
715,1430.0,1.43,1785,2.9240923187079013,2.358940083295904,0.05583387883798945
716,1432.0,1.432,1784,2.927232092485748,2.3594955215409996,0.05586267553593948
717,1434.0,1.434,1783,2.930731129888354,2.3596006148529463,0.055880827554485
718,1436.0,1.436,1782,2.9338506117840897,2.3593042767410597,0.05588948465578325
719,1438.0,1.438,1781,2.9366864381473374,2.35897276127401,0.05589731746861223
720,1440.0,1.44,1780,2.9392076964325007,2.3584729557394155,0.05590117023033011
721,1442.0,1.442,1779,2.9422465164785763,2.359968876430016,0.055952346110371774
722,1444.0,1.444,1778,2.944754923653498,2.3604973680277803,0.05598061202458257
723,1446.0,1.446,1777,2.947248205526848,2.360974450215503,0.056007678721126976
724,1448.0,1.448,1776,2.9493873107518014,2.3610883010665886,0.05602614599087591
725,1450.0,1.45,1775,2.9520609778228812,2.362055784622001,0.05606488961640163
726,1452.0,1.452,1774,2.954560326920144,2.3621518320118757,0.056082969607321925
727,1454.0,1.454,1773,2.9571303026641678,2.363383065767814,0.056128023809112866
728,1456.0,1.456,1772,2.9598122950376538,2.365339524884785,0.056190336142760755
729,1458.0,1.458,1771,2.962535468623417,2.365604292960074,0.05621248944852592
730,1460.0,1.46,1770,2.9657221909956064,2.367382280292073,0.05627062766054099
731,1462.0,1.462,1769,2.968807552442696,2.3689913038082984,0.05632478596122599
732,1464.0,1.464,1768,2.9716900765690424,2.3698367001492118,0.05636081836640641
733,1466.0,1.466,1767,2.974612738630138,2.371693501828777,0.056420936295091206
734,1468.0,1.468,1766,2.977820138837161,2.3726360835582407,0.05645933796237627
735,1470.0,1.47,1765,2.9803378910594382,2.373472950553864,0.056495249603556896
736,1472.0,1.472,1764,2.9827165812526983,2.3744104830338397,0.05653358292937714
737,1474.0,1.474,1763,2.9856110511757805,2.3753483415280505,0.0565719503000273
738,1476.0,1.476,1762,2.9883104829028984,2.37661064742973,0.05661807331217213
739,1478.0,1.478,1761,2.991074712193685,2.3775642215728574,0.05665687005391556
740,1480.0,1.48,1760,2.993276253346315,2.378688839808438,0.056699770505333674
741,1482.0,1.482,1759,2.9952330241351866,2.379398876706781,0.056732814912822956
742,1484.0,1.484,1758,2.9972588495909585,2.3808744883128288,0.056784141745329086
743,1486.0,1.486,1757,2.999424010132951,2.3804389145829856,0.0567899074080553
744,1488.0,1.488,1756,3.0016536083622993,2.380678997749349,0.056811804625728234
745,1490.0,1.49,1755,3.003957990935158,2.3810212354460125,0.056836157403554535
746,1492.0,1.492,1754,3.0059478150729566,2.380037132324408,0.05682885923931469
747,1494.0,1.494,1753,3.0083106667022075,2.378804635756664,0.056815628876184646
748,1496.0,1.496,1752,3.0102871120015458,2.3757612699499795,0.056759132247506394
749,1498.0,1.498,1751,3.0124924937871675,2.373081460190298,0.056711296156621974
750,1500.0,1.5,1750,3.014984900543829,2.3707660374948767,0.056672147881044244
751,1502.0,1.502,1749,3.0181416534229113,2.3687628163558867,0.056640447034104
752,1504.0,1.504,1748,3.0205205315044332,2.3663387790441948,0.05659866750341993
753,1506.0,1.506,1747,3.022736881678499,2.3634393966475216,0.05654549602368139
754,1508.0,1.508,1746,3.0249046911301094,2.361701608975017,0.056520097946141754
755,1510.0,1.51,1745,3.0272220097450453,2.359067962503625,0.05647324417430591
756,1512.0,1.512,1744,3.0299100800606276,2.357653651037363,0.056455565960280056
757,1514.0,1.514,1743,3.032421578743214,2.3560711241541115,0.05643385306444917
758,1516.0,1.516,1742,3.0351017820398947,2.3558104236411954,0.05644380251885846
759,1518.0,1.518,1741,3.0380971320185575,2.357124245678708,0.05649149778488407
760,1520.0,1.52,1740,3.0404358313713087,2.357261076668939,0.05651100891413404
761,1522.0,1.522,1739,3.042752376153108,2.3577277882529337,0.05653844648296718
762,1524.0,1.524,1738,3.044922699026541,2.3576490087793798,0.056552819840170604
763,1526.0,1.526,1737,3.0469613702475855,2.357008652648658,0.05655373176091543
764,1528.0,1.528,1736,3.0493983684272195,2.3565454915239594,0.05655890171038884
765,1530.0,1.53,1735,3.051145805467347,2.3545894330377832,0.05652823832434292
766,1532.0,1.532,1734,3.0531913184671575,2.352634966369357,0.056497600182694
767,1534.0,1.534,1733,3.055329818013374,2.3517804660064177,0.05649337194264736
768,1536.0,1.536,1732,3.0574918329439305,2.350240567914714,0.0564726769096307
769,1538.0,1.538,1731,3.0595905549322064,2.3499756008435866,0.056482618117173075
770,1540.0,1.54,1730,3.0620346814770305,2.350663602007519,0.056515481380983175
771,1542.0,1.542,1729,3.064423657069568,2.350904035638967,0.05653760468112348
772,1544.0,1.544,1728,3.0667238315508767,2.3509031831903298,0.05655394106890354
773,1546.0,1.546,1727,3.06845888018963,2.349192078728418,0.056529137470731974
774,1548.0,1.548,1726,3.0706581987395896,2.349010010597042,0.05654112844815428
775,1550.0,1.55,1725,3.072145470877204,2.348060408554094,0.05653465107614088
776,1552.0,1.552,1724,3.073545324625763,2.346649005042852,0.05651705260222423
777,1554.0,1.554,1723,3.0751773958837574,2.345258719530905,0.05649995742932741
778,1556.0,1.556,1722,3.0772432241563044,2.3438653340054425,0.05648278238656464
779,1558.0,1.558,1721,3.0788892430063126,2.3424799395144715,0.05646579475536375
780,1560.0,1.56,1720,3.0807809317411166,2.342929117252906,0.05649303748246369
781,1562.0,1.562,1719,3.08232224591794,2.3429746240453952,0.05651056462679356
782,1564.0,1.564,1718,3.0840166890069862,2.3435853240284197,0.05654174270074807
783,1566.0,1.566,1717,3.0863852480851364,2.3464375314399044,0.056627038458115245
784,1568.0,1.568,1716,3.089076368003631,2.3503472278365374,0.056737916735230084
785,1570.0,1.57,1715,3.091054030269577,2.353351469112427,0.05682700019977066
786,1572.0,1.572,1714,3.0928080320238656,2.3564224549756756,0.05691775262408812
787,1574.0,1.574,1713,3.0942682968520416,2.3592358679767,0.05700233954676674
788,1576.0,1.576,1712,3.0953875053623046,2.3621127009440164,0.0570885134810197
789,1578.0,1.578,1711,3.09624459745042,2.36423739310535,0.057156559275724265
790,1580.0,1.58,1710,3.0977645978793555,2.367240787645685,0.0572458989909554
791,1582.0,1.582,1709,3.098740177408713,2.369403003533041,0.05731494807432583
792,1584.0,1.584,1708,3.0998574378576507,2.371931003705319,0.057392893251242784
793,1586.0,1.586,1707,3.1009659647055408,2.374520992880483,0.0574723893650366
794,1588.0,1.588,1706,3.102789932974503,2.3767192425940293,0.05754245264038956
795,1590.0,1.59,1705,3.104361226048383,2.3781335529265415,0.057593576517212385
796,1592.0,1.592,1704,3.1058840829923184,2.3802715835775436,0.05766226752393294
797,1594.0,1.594,1703,3.107158762846308,2.3815976626900657,0.05771132845584014
798,1596.0,1.596,1702,3.1083541350580175,2.3826029825665977,0.05775264819895714
799,1598.0,1.598,1701,3.109484183733429,2.3825708563098744,0.057768842844633614
800,1600.0,1.6,1700,3.1105865040043676,2.3810811000149035,0.05774969928543139
801,1602.0,1.602,1699,3.1120106356856803,2.3809241489283504,0.057762884245174916
802,1604.0,1.604,1698,3.1132082750014582,2.3796714335509646,0.057749490137197775
803,1606.0,1.606,1697,3.1144684046299544,2.3779400954936336,0.05772447458632855
804,1608.0,1.608,1696,3.1154704892683087,2.3761771074199505,0.0576986807723494
805,1610.0,1.61,1695,3.116260717211784,2.3738330472687093,0.05765876292267195
806,1612.0,1.612,1694,3.117355511059124,2.3712260410382884,0.057612437871179485
807,1614.0,1.614,1693,3.118506015036276,2.3687174164924705,0.05756848151981945
808,1616.0,1.616,1692,3.1199881368180464,2.366640181830556,0.057534991666881606
809,1618.0,1.618,1691,3.1216073942451854,2.3653779373302055,0.057521305987130615
810,1620.0,1.62,1690,3.1231333287867495,2.364376601056686,0.05751396389035694
811,1622.0,1.622,1689,3.1247883388275484,2.363816560332573,0.05751736026912493
812,1624.0,1.624,1688,3.126664636776523,2.362428850421923,0.05750061854862979
813,1626.0,1.626,1687,3.128670220818293,2.3616989040250442,0.05749988641143955
814,1628.0,1.628,1686,3.131114868488207,2.3619076273931205,0.05752201930414727
815,1630.0,1.63,1685,3.132793622428297,2.3605461115293043,0.05750591735598334
816,1632.0,1.632,1684,3.1343561919799,2.3591991691127667,0.05749016604713624
817,1634.0,1.634,1683,3.1358025170573645,2.3580093669424973,0.05747824086261736
818,1636.0,1.636,1682,3.1363237758145455,2.3553582590440936,0.05743068265840757
819,1638.0,1.638,1681,3.1367433951531454,2.3521974997681525,0.0573706707260525
820,1640.0,1.64,1680,3.137421286516551,2.3500259106803987,0.05733476144159861
821,1642.0,1.642,1679,3.137747892360262,2.348852502008795,0.0573231962159745
822,1644.0,1.644,1678,3.138272121984457,2.3470155891752613,0.05729543169698854
823,1646.0,1.646,1677,3.1388093237949892,2.3439169504155166,0.05723684523332041
824,1648.0,1.648,1676,3.139339816140926,2.3418920288977674,0.05720445617340322
825,1650.0,1.65,1675,3.1402956883217716,2.339858943474644,0.05717185339928574
826,1652.0,1.652,1674,3.1409471597731704,2.3371438811946,0.05712256792783276
827,1654.0,1.654,1673,3.140735504539613,2.334453573640435,0.05707386331910362
828,1656.0,1.656,1672,3.14116247329787,2.3331713059377064,0.05705956942904204
829,1658.0,1.658,1671,3.1413279667242375,2.333373347875522,0.057081582930572784
830,1660.0,1.66,1670,3.141531861919585,2.332377958688212,0.05707431305660182
831,1662.0,1.662,1669,3.141097595911584,2.330279950636528,0.05704005429600695
832,1664.0,1.664,1668,3.140976675459773,2.327295569679111,0.05698407718956492
833,1666.0,1.666,1667,3.140977691739193,2.3244722791281336,0.056932017134000215
834,1668.0,1.668,1666,3.1407918437728823,2.321316794041059,0.05687179226365518
835,1670.0,1.67,1665,3.1403568117239615,2.317908982698105,0.056805352558740994
836,1672.0,1.672,1664,3.1393205367897115,2.3128931925572713,0.05669945923896847
837,1674.0,1.674,1663,3.1384921378757586,2.308831018253444,0.05661689184229104
838,1676.0,1.676,1662,3.137797331729112,2.3057662936139365,0.05655874660517882
839,1678.0,1.678,1661,3.137604103474403,2.303928812255841,0.05653068392590886
840,1680.0,1.68,1660,3.137631504460386,2.302334419162941,0.056508575837390336
841,1682.0,1.682,1659,3.1376326381783133,2.3008262506592754,0.05648857649201762
842,1684.0,1.684,1658,3.137074951974552,2.2981009608723526,0.05643867914147421
843,1686.0,1.686,1657,3.1366002918399785,2.2950406488747097,0.05638052658413358
844,1688.0,1.688,1656,3.1361499996312543,2.2923931698614157,0.05633248887341542
845,1690.0,1.69,1655,3.1351369319474776,2.2880051261114525,0.0562416423176052
846,1692.0,1.692,1654,3.133962113320526,2.2831734156624925,0.05613983688399449
847,1694.0,1.694,1653,3.1326074442639738,2.2795563278378794,0.05606784980792935
848,1696.0,1.696,1652,3.131310921403413,2.2764479381445315,0.05600834000008991
849,1698.0,1.698,1651,3.1301883039620364,2.275708613915801,0.05600710398530224
850,1700.0,1.7,1650,3.128879714392026,2.2749526348379168,0.05600546234591213
851,1702.0,1.702,1649,3.126965209593924,2.2738234394326864,0.055994634119349226
852,1704.0,1.704,1648,3.124859873658842,2.2723043664289886,0.05597420052857617
853,1706.0,1.706,1647,3.1225032114172055,2.269710657723254,0.05592727990337744
854,1708.0,1.708,1646,3.1199216972211405,2.2665124705468997,0.055865436634970685
855,1710.0,1.71,1645,3.117118552968594,2.2628185611062177,0.05579133856847764
856,1712.0,1.712,1644,3.113696644734286,2.257683736009209,0.05568166303589653
857,1714.0,1.714,1643,3.11058318009517,2.252031453053603,0.05555915988233289
858,1716.0,1.716,1642,3.1074121560211085,2.2470691563197485,0.055453614908179065
859,1718.0,1.718,1641,3.104053480669059,2.241456195049747,0.055331948660348344
860,1720.0,1.72,1640,3.1011850198592428,2.2376679797849603,0.055255272277717524
861,1722.0,1.722,1639,3.0985749046032587,2.2339641495781595,0.05518063864057075
862,1724.0,1.724,1638,3.0967288734400906,2.2305004217522044,0.055111897114537324
863,1726.0,1.726,1637,3.0952655177900463,2.228475395134311,0.05507867747792961
864,1728.0,1.728,1636,3.0936348811464627,2.225915900677356,0.0550322288151854
865,1730.0,1.73,1635,3.091705568670405,2.223874595604851,0.05499857221931386
866,1732.0,1.732,1634,3.0894315560622316,2.221411842646786,0.054954474173926876
867,1734.0,1.734,1633,3.087162915143642,2.2188936696494768,0.05490898284941148
868,1736.0,1.736,1632,3.084916086009855,2.217310133684725,0.054886604522130296
869,1738.0,1.738,1631,3.0829317821288997,2.215445148960596,0.05485724860151269
870,1740.0,1.74,1630,3.080954683243639,2.2144475236613506,0.054849363346713594
871,1742.0,1.742,1629,3.078764602967988,2.2127746029688384,0.054824746978371176
872,1744.0,1.744,1628,3.077161014856253,2.2115330780686837,0.05481081240845331
873,1746.0,1.746,1627,3.0757638593091383,2.2104961066616413,0.054801945676107855
874,1748.0,1.748,1626,3.074070895924858,2.2096418003700284,0.05479760863973686
875,1750.0,1.75,1625,3.072712197707453,2.2090293431294703,0.05479927365496747
876,1752.0,1.752,1624,3.0716686668997526,2.2083756154231753,0.054799920775421
877,1754.0,1.754,1623,3.0714209020269845,2.2093482379382268,0.05484094312473184
878,1756.0,1.756,1622,3.0711936924347163,2.210205242713335,0.05487912518960889
879,1758.0,1.758,1621,3.070821213052951,2.2116380011314374,0.054931636319638516
880,1760.0,1.76,1620,3.0703102205965918,2.2124763070151783,0.054969415789929255
881,1762.0,1.762,1619,3.0704624199585036,2.214169891013513,0.055028479943221346
882,1764.0,1.764,1618,3.0700471907377143,2.2135754962676395,0.0550307054286344
883,1766.0,1.766,1617,3.0694152042433105,2.212709646419646,0.05502618693704185
884,1768.0,1.768,1616,3.0695084714318166,2.2140841959517776,0.055077402930705
885,1770.0,1.77,1615,3.069443066984424,2.213660202701777,0.0550839016282593
886,1772.0,1.772,1614,3.0695322185520464,2.212651360530752,0.05507585196055783
887,1774.0,1.774,1613,3.0695868931158117,2.2111651944058996,0.05505591767708548
888,1776.0,1.776,1612,3.069969494386333,2.2098932495012766,0.055041311882678835
889,1778.0,1.778,1611,3.0705852338689335,2.20978520734586,0.0550557003804803
890,1780.0,1.78,1610,3.071593994489927,2.2109368644825165,0.05510149764469259
891,1782.0,1.782,1609,3.0726044544581037,2.212294714097631,0.05515246905420093
892,1784.0,1.784,1608,3.0735588829754343,2.2143808045399735,0.055221638155653875
893,1786.0,1.786,1607,3.074588355661107,2.216732197516194,0.05529747372902361
894,1788.0,1.788,1606,3.0760555670319873,2.219569060792116,0.055385475927602366
895,1790.0,1.79,1605,3.0769620293398288,2.219560029273919,0.05540250184725283
896,1792.0,1.792,1604,3.0773420075723994,2.2198470984242293,0.055426937037559895
897,1794.0,1.794,1603,3.0776690414581553,2.2185964790375845,0.055412986629581794
898,1796.0,1.796,1602,3.0774738104674166,2.2178604150476082,0.05541188876158987
899,1798.0,1.798,1601,3.077877809781447,2.2176648449652547,0.05542430373463375
900,1800.0,1.8,1600,3.07816507472377,2.2177559600206584,0.05544389900051646
901,1802.0,1.802,1599,3.0795065667972974,2.2198389213020895,0.05551332365765416
902,1804.0,1.804,1598,3.080630769445038,2.221983818087656,0.05558434653188202
903,1806.0,1.806,1597,3.0817204759322965,2.2236980534819657,0.05564464266571214
904,1808.0,1.808,1596,3.0831976462169317,2.224789069805074,0.055689382034468944
905,1810.0,1.81,1595,3.084067753020608,2.224134341583202,0.05569044294460774
906,1812.0,1.812,1594,3.0851905154650114,2.223521478722456,0.055692558596493844
907,1814.0,1.814,1593,3.086639270135758,2.2237866671901987,0.055716680517305384
908,1816.0,1.816,1592,3.087492685917231,2.2236529093471087,0.055730824390242004
909,1818.0,1.818,1591,3.088129738912954,2.2224059163049863,0.055717073163238665
910,1820.0,1.82,1590,3.089354631659333,2.2211668208468014,0.05570351685447165
911,1822.0,1.822,1589,3.090108283902521,2.2203917632557535,0.05570159855895208
912,1824.0,1.824,1588,3.0910557942302286,2.218757565311822,0.05567812506359438
913,1826.0,1.826,1587,3.0920996480415632,2.21636261306708,0.05563554570765656
914,1828.0,1.828,1586,3.09306171542328,2.212880717111722,0.055565651774299424
915,1830.0,1.83,1585,3.0938856013688127,2.2103327899954146,0.05551917872810123
916,1832.0,1.832,1584,3.094758150865161,2.2083164864444558,0.05548603942342588
917,1834.0,1.834,1583,3.0958590548578195,2.206406851897986,0.05545556572717952
918,1836.0,1.836,1582,3.0967760871705297,2.204739277686448,0.05543116414656186
919,1838.0,1.838,1581,3.097488191720861,2.203276562648531,0.05541190483704775
920,1840.0,1.84,1580,3.0987260073972225,2.2022157389343744,0.055402749559391715
921,1842.0,1.842,1579,3.0995581449140506,2.200589027213539,0.0553793530702594
922,1844.0,1.844,1578,3.0995929566825824,2.1977325793889166,0.05532499034543153
923,1846.0,1.846,1577,3.100072672083164,2.195857614063759,0.055295314062650175
924,1848.0,1.848,1576,3.101099325296609,2.192905244283781,0.055238485089926376
925,1850.0,1.85,1575,3.1015390758429584,2.189601179186162,0.05517276371943202
926,1852.0,1.852,1574,3.102375886696549,2.1855023300145486,0.05508697313301436
927,1854.0,1.854,1573,3.103934549187518,2.183011047098826,0.05504166619034372
928,1856.0,1.856,1572,3.105701860766822,2.1816546261153436,0.05502495910456992
929,1858.0,1.858,1571,3.1069834057507824,2.1792559503849134,0.05498195119217599
930,1860.0,1.86,1570,3.108629190471182,2.1787230001649243,0.05498600813019657
931,1862.0,1.862,1569,3.1098478779030114,2.176492852593278,0.054947226186954114
932,1864.0,1.864,1568,3.1121064233145717,2.176162561630267,0.05495640372475178
933,1866.0,1.866,1567,3.1140931526226496,2.1750482249175342,0.05494578624527658
934,1868.0,1.868,1566,3.116065554012928,2.174895051306733,0.054959456112835765
935,1870.0,1.87,1565,3.1177396786012586,2.173814634754259,0.05494970146332457
936,1872.0,1.872,1564,3.119734600882087,2.1737047671653196,0.05496448757490271
937,1874.0,1.874,1563,3.122244727733273,2.17423592846551,0.0549955030595158
938,1876.0,1.876,1562,3.1246145717566156,2.1749033636789727,0.05502999206312336
939,1878.0,1.878,1561,3.1272782378546298,2.1755126326165715,0.05506303658416867
940,1880.0,1.88,1560,3.129839568997504,2.175042217399534,0.05506877196573647
941,1882.0,1.882,1559,3.13185443889374,2.173449775464958,0.055046099558748104
942,1884.0,1.884,1558,3.133953845508782,2.17110066725962,0.05500424833268683
943,1886.0,1.886,1557,3.136039841466314,2.1707309608405914,0.0550125396130454
944,1888.0,1.888,1556,3.138000832862115,2.170150892154113,0.055015509000082015
945,1890.0,1.89,1555,3.1402022538260383,2.1709915588377346,0.05505451462920805
946,1892.0,1.892,1554,3.1428851818131376,2.1727676657604174,0.05511728065105151
947,1894.0,1.894,1553,3.1459283598896914,2.174682797731898,0.05518362061102744
948,1896.0,1.896,1552,3.148545386482129,2.176704522093431,0.05525271472841431
949,1898.0,1.898,1551,3.1510043488530797,2.178129422396182,0.055306704657595344
950,1900.0,1.9,1550,3.1529176079403056,2.1783136018982563,0.05532922081746419
951,1902.0,1.902,1549,3.15529460714475,2.179495749676163,0.05537711386832164
952,1904.0,1.904,1548,3.157746766480154,2.1813197204352313,0.05544135646744828
953,1906.0,1.906,1547,3.1608476829309344,2.183148034389579,0.055505756790478034
954,1908.0,1.908,1546,3.1635822468876533,2.184232012728391,0.055551273970388775
955,1910.0,1.91,1545,3.1665078818274384,2.1845499425533816,0.055577337302980874
956,1912.0,1.912,1544,3.169899256440669,2.1859105922948037,0.05562995985634249
957,1914.0,1.914,1543,3.1731098036637886,2.187020686947923,0.0556762438134125
958,1916.0,1.916,1542,3.176116460701927,2.1864757861445283,0.0556804177936782
959,1918.0,1.918,1541,3.1794013440186326,2.1864806094728597,0.05569860405993182
960,1920.0,1.92,1540,3.1824068779173067,2.186645817602259,0.05572089498049109
961,1922.0,1.922,1539,3.185585206609476,2.189074164152813,0.055800895096244904
962,1924.0,1.924,1538,3.188788089168895,2.191608614576143,0.05588365863699003
963,1926.0,1.926,1537,3.192185411307234,2.1936895981800566,0.055954915239580974
964,1928.0,1.928,1536,3.1958118487981952,2.1941193835523802,0.05598409296305527
965,1930.0,1.93,1535,3.1989259447245932,2.193678790202903,0.05599108022602278
966,1932.0,1.932,1534,3.20191376766502,2.192622169434366,0.05598234948309485
967,1934.0,1.934,1533,3.204674343633354,2.1908035841624973,0.055954158063120485
968,1936.0,1.936,1532,3.2072701801402235,2.189098913999486,0.055928864596800916
969,1938.0,1.938,1531,3.210257222342269,2.187961837258405,0.05591806664400963
970,1940.0,1.94,1530,3.2134020355640684,2.186988067196792,0.055911442618897335
971,1942.0,1.942,1529,3.216916278298084,2.1859579651939414,0.05590337961095007
972,1944.0,1.944,1528,3.2204807311845483,2.1852355212817636,0.05590318788660037
973,1946.0,1.946,1527,3.224018771681586,2.184514687984465,0.055903043241204146
974,1948.0,1.948,1526,3.227230238190437,2.1842659311442842,0.05591498917454063
975,1950.0,1.95,1525,3.229571329085804,2.183345646827168,0.055909752886964245
976,1952.0,1.952,1524,3.231750099660794,2.1824795266999986,0.055905906634543964
977,1954.0,1.954,1523,3.234303269476934,2.1823928023537493,0.05592203525823382
978,1956.0,1.956,1522,3.2367907640825315,2.1829771417285415,0.055955381613191295
979,1958.0,1.958,1521,3.239609966788971,2.1827184144504375,0.0559671388320625
980,1960.0,1.96,1520,3.2422826123646993,2.183470290564007,0.056004831263493815
981,1962.0,1.962,1519,3.244872820956049,2.1825459936746365,0.05599954748303723
982,1964.0,1.964,1518,3.2474616356983184,2.1820533460686042,0.05600534515409674
983,1966.0,1.966,1517,3.249823799427315,2.1824255745451024,0.05603335825143594
984,1968.0,1.968,1516,3.2519729805176296,2.1819438365638946,0.056039463254916946
985,1970.0,1.97,1515,3.2540885242000863,2.181983010522345,0.05605896152386429
986,1972.0,1.972,1514,3.2560337764655154,2.1813694766149476,0.05606170403096569
987,1974.0,1.974,1513,3.2587773168547867,2.1807068094343007,0.05606319131272588
988,1976.0,1.976,1512,3.26103275615219,2.1797137013596473,0.05605618767967739
989,1978.0,1.978,1511,3.2633128735622257,2.178197388125763,0.05603572570854762
990,1980.0,1.98,1510,3.2651300062427517,2.1769326720031206,0.056021730991948133
991,1982.0,1.982,1509,3.2664575638672733,2.175736709826598,0.05600950306619743
992,1984.0,1.984,1508,3.2678534145572367,2.1745514702732405,0.055997549307328906
993,1986.0,1.986,1507,3.269713011875974,2.1742888512368848,0.056009360345622775
994,1988.0,1.988,1506,3.2714212172179007,2.1720619123241707,0.055970568004223085
995,1990.0,1.99,1505,3.27294675900728,2.168275822773068,0.05589156589879566
996,1992.0,1.992,1504,3.2750410399798566,2.1657752777173243,0.05584566590149217
997,1994.0,1.994,1503,3.2760437598676604,2.16289926622793,0.05579005672794032
998,1996.0,1.996,1502,3.2770243596909103,2.1603044518297287,0.0557416723617079
999,1998.0,1.998,1501,3.2779512009293175,2.159338634342265,0.05573530845675446
1000,2000.0,2.0,1500,3.2789286408963063,2.1575802081588846,0.05570848142870728
1001,2002.0,2.002,1499,3.279920639277705,2.1559699735097464,0.055685470266934475
1002,2004.0,2.004,1498,3.2813915147507213,2.1556316041141828,0.05569531128113203
1003,2006.0,2.006,1497,3.282094459099299,2.1530453490603523,0.0556470667884474
1004,2008.0,2.008,1496,3.2827622132117207,2.1498676832618577,0.055583505706640876
1005,2010.0,2.01,1495,3.2834164779973536,2.1463143864855687,0.05551019337911345
1006,2012.0,2.012,1494,3.284427340093502,2.1429173444330245,0.055440880780897026
1007,2014.0,2.014,1493,3.2853148162696098,2.1401179735224156,0.05538699592151066
1008,2016.0,2.016,1492,3.28604086728916,2.136933574807871,0.05532311318039936
1009,2018.0,2.018,1491,3.287492339800232,2.1348991401764326,0.055288975246913716
1010,2020.0,2.02,1490,3.2887543584012118,2.1327352710059566,0.05525146744805053
1011,2022.0,2.022,1489,3.289901914615586,2.1299520908836485,0.055197891195080076
1012,2024.0,2.024,1488,3.2913638413078,2.12844016675559,0.05517724095123795
1013,2026.0,2.026,1487,3.2922671673895345,2.1272255033646412,0.05516429177341786
1014,2028.0,2.028,1486,3.293039199933735,2.1261987210902995,0.05515621399112227
1015,2030.0,2.03,1485,3.2941080068958866,2.1254506733756835,0.055155370169678926
1016,2032.0,2.032,1484,3.2944586303038297,2.124027479603374,0.05513700611631471
1017,2034.0,2.034,1483,3.2954795010591083,2.1224100229287917,0.055113591431740175
1018,2036.0,2.036,1482,3.2962390421690824,2.120202642452853,0.05507484323167242
1019,2038.0,2.038,1481,3.2970956197134633,2.1179670786065494,0.055035342803533734
1020,2040.0,2.04,1480,3.297495312557182,2.1152559544875547,0.054983460369331515
1021,2042.0,2.042,1479,3.297694747922761,2.1113241176566317,0.054899807503862516
1022,2044.0,2.044,1478,3.297583227990475,2.107236352122543,0.05481204842034567
1023,2046.0,2.046,1477,3.297459340862021,2.103500930836012,0.05473340426407297
1024,2048.0,2.048,1476,3.2969819761446786,2.0976130230207204,0.05459868613194619
1025,2050.0,2.05,1475,3.2971698853559355,2.0942195641646704,0.05452883288266681
1026,2052.0,2.052,1474,3.297279014114688,2.090258535210868,0.05444415524847832
1027,2054.0,2.054,1473,3.297735763931479,2.0868257524656184,0.054373190108254026
1028,2056.0,2.056,1472,3.2984710232172176,2.084287830537937,0.054325506963863686
1029,2058.0,2.058,1471,3.2988124408638506,2.08167734501084,0.05427590572283035
1030,2060.0,2.06,1470,3.2994547226894584,2.080062258521726,0.054252239047975805
1031,2062.0,2.062,1469,3.3001301986299545,2.0794611737711084,0.054255018767086986
1032,2064.0,2.064,1468,3.3008130217228193,2.0774183360487566,0.05422017722042626
1033,2066.0,2.066,1467,3.301999910536313,2.077562660249902,0.054242422138183866
1034,2068.0,2.068,1466,3.3026871095197565,2.0769549793943907,0.05424504797204249
1035,2070.0,2.07,1465,3.3036350900267677,2.077362592507161,0.05427420798489613
1036,2072.0,2.072,1464,3.304352048842612,2.0770768542734346,0.05428527320547867
1037,2074.0,2.074,1463,3.304159557265986,2.076105006315299,0.054278414428724886
1038,2076.0,2.076,1462,3.303766255850171,2.074663102811902,0.054259263805676534
1039,2078.0,2.078,1461,3.3035103086676765,2.0736002637540683,0.05425002360191478
1040,2080.0,2.08,1460,3.303306267111379,2.073535710900201,0.05426690977151353
1041,2082.0,2.082,1459,3.3036540483205785,2.0751374336136355,0.05432743724444774
1042,2084.0,2.084,1458,3.304324072278389,2.075874951983007,0.05436537983120306
1043,2086.0,2.086,1457,3.305020217412091,2.0761135409388234,0.054390283830865915
1044,2088.0,2.088,1456,3.3059164606395903,2.0773453743564123,0.0544412414143061
1045,2090.0,2.09,1455,3.307231098298676,2.0779982433948616,0.05447706222779029
1046,2092.0,2.092,1454,3.3091745764916842,2.081139937517513,0.05457818388775711
1047,2094.0,2.094,1453,3.3111766546868466,2.084109999612246,0.05467487895272708
1048,2096.0,2.096,1452,3.313200069653786,2.085653255232186,0.05473420310656917
1049,2098.0,2.098,1451,3.3152812724317102,2.0864276973451346,0.054773391550547924
1050,2100.0,2.1,1450,3.317358128992079,2.0874658677859736,0.05481953936308028
1051,2102.0,2.102,1449,3.3190779612520394,2.0883781195872224,0.054862417606957835
1052,2104.0,2.104,1448,3.3208047329758847,2.0905118520113057,0.05493743178551092
1053,2106.0,2.106,1447,3.322533994273038,2.092344709701663,0.055004594795924205
1054,2108.0,2.108,1446,3.323455758088555,2.0937908904917695,0.055061642139211664
1055,2110.0,2.11,1445,3.3247803599338086,2.096010504668756,0.05513908199991739
1056,2112.0,2.112,1444,3.326627040242171,2.0984813359780032,0.05522319305205272
1057,2114.0,2.114,1443,3.3284755850986683,2.1014714821196105,0.05532103991068604
1058,2116.0,2.116,1442,3.329873928301034,2.10463714288394,0.055423583252864055
1059,2118.0,2.118,1441,3.331050547336453,2.1071252235630307,0.055508354791092895
1060,2120.0,2.12,1440,3.3328128274089623,2.110272607553318,0.05561056603109276
1061,2122.0,2.122,1439,3.3347747984768676,2.1145452110128224,0.05574251742053741
1062,2124.0,2.124,1438,3.33728746530972,2.1198743724186135,0.055902429372627634
1063,2126.0,2.126,1437,3.339201960778729,2.1239300733050586,0.05602886568583641
1064,2128.0,2.128,1436,3.3411675644480114,2.127557373519175,0.05614409174024383
1065,2130.0,2.13,1435,3.3439331677832187,2.1316449728355478,0.056271555932980125
1066,2132.0,2.132,1434,3.345923941813884,2.1341033476686833,0.056356092255063994
1067,2134.0,2.134,1433,3.347562458212129,2.136848473813916,0.05644826939741305
1068,2136.0,2.136,1432,3.348934303324825,2.140218663258499,0.05655703557239743
1069,2138.0,2.138,1431,3.3503846150918526,2.1450022585811914,0.05670324808456048
1070,2140.0,2.14,1430,3.3527317940177106,2.150062905524665,0.056856896167109386
1071,2142.0,2.142,1429,3.355106280077643,2.155602117325448,0.05702331842412662
1072,2144.0,2.144,1428,3.357153530215859,2.1608293789841397,0.057181609090020694
1073,2146.0,2.146,1427,3.3592753093047705,2.1654294309868685,0.0573234141132141
1074,2148.0,2.148,1426,3.36079134942943,2.169691829310246,0.057456384056489965
1075,2150.0,2.15,1425,3.362298842427441,2.1739215544228068,0.057588588811082884
1076,2152.0,2.152,1424,3.3635824060828083,2.178256244443538,0.05772367503051915
1077,2154.0,2.154,1423,3.3643855105929794,2.1818692948402294,0.05783973313632087
1078,2156.0,2.156,1422,3.365237559047337,2.185799798011692,0.05796429836860136
1079,2158.0,2.158,1421,3.3660766856194497,2.19048443704464,0.05810896404408193
1080,2160.0,2.16,1420,3.367226354318638,2.1934220294363507,0.05820737695380828
1081,2162.0,2.162,1419,3.3689655284661315,2.197945615012758,0.058347969128731164
1082,2164.0,2.164,1418,3.3712068421931893,2.2021461126809174,0.05848008775669544
1083,2166.0,2.166,1417,3.372893020193449,2.2051579839012825,0.058580730620010964
1084,2168.0,2.168,1416,3.3744301482068066,2.2092755026478827,0.05871083408161871
1085,2170.0,2.17,1415,3.376208783452858,2.2151773386899514,0.05888847122915541
1086,2172.0,2.172,1414,3.3781568690546315,2.222029519360802,0.05909151429320876
1087,2174.0,2.174,1413,3.379786372352087,2.228330035769123,0.059280032527086815
1088,2176.0,2.176,1412,3.3821375975866683,2.2350306156940807,0.05947933826681785
1089,2178.0,2.178,1411,3.3843943384602095,2.2404836998604747,0.05964558215684998
1090,2180.0,2.18,1410,3.3861525498271243,2.243773975650154,0.05975435325727293
1091,2182.0,2.182,1409,3.387669416410605,2.246664604837817,0.0598525622068011
1092,2184.0,2.184,1408,3.3895269665455046,2.250297017079851,0.0599706170067897
1093,2186.0,2.186,1407,3.391310093694138,2.2534530435849383,0.06007606301426293
1094,2188.0,2.188,1406,3.39286943800614,2.255372348939623,0.060148609419094674
1095,2190.0,2.19,1405,3.3943600189629675,2.2589419998353026,0.06026524383652734
1096,2192.0,2.192,1404,3.3958435957878246,2.261359793832612,0.06035122814591145
1097,2194.0,2.194,1403,3.3978377718644523,2.265050089920861,0.06047125404540237
1098,2196.0,2.196,1402,3.3999946606500764,2.2700347054933854,0.0606259406688758
1099,2198.0,2.198,1401,3.402924636722572,2.275332251338857,0.060789105806163035
1100,2200.0,2.2,1400,3.4056702764922338,2.280618321931839,0.06095208850477325
1101,2202.0,2.202,1399,3.4083157276223948,2.285679135005738,0.06110917302680858
1102,2204.0,2.204,1398,3.410849133503752,2.2896317548557326,0.06123673879298125
1103,2206.0,2.206,1397,3.413544321372064,2.293781885255857,0.061369688032888475
1104,2208.0,2.208,1396,3.4158787956727896,2.2977978192937063,0.061499148655502996
1105,2210.0,2.21,1395,3.4186572631028427,2.302280205820499,0.0616411987288216
1106,2212.0,2.212,1394,3.4209375795039736,2.307234071756181,0.061795986494463884
1107,2214.0,2.214,1393,3.4230151899453753,2.311450994621768,0.06193114823501239
1108,2216.0,2.216,1392,3.424655431911189,2.314326952505247,0.06203047338734573
1109,2218.0,2.218,1391,3.4261038287542505,2.316143879177884,0.062101482708573796
1110,2220.0,2.22,1390,3.4280823353483023,2.319426211460585,0.06221185636386122
1111,2222.0,2.222,1389,3.4299502034387257,2.3211169137345533,0.06227961129938944
1112,2224.0,2.224,1388,3.43176017318958,2.322278902596714,0.062333231693663504
1113,2226.0,2.226,1387,3.4337592448945973,2.3246322004373585,0.06241888675841814
1114,2228.0,2.228,1386,3.4358183041227783,2.327246403494871,0.0625116198293881
1115,2230.0,2.23,1385,3.43831768863973,2.328715816379871,0.06257366693034941
1116,2232.0,2.232,1384,3.441884015914415,2.3296383395279134,0.06262106651774332
1117,2234.0,2.234,1383,3.4448052302374395,2.330289558631704,0.0626612132078962
1118,2236.0,2.236,1382,3.447315334688436,2.330637384990307,0.06269323598398475
1119,2238.0,2.238,1381,3.450074422486157,2.331642779304416,0.06274298487337052
1120,2240.0,2.24,1380,3.4527346551936593,2.331483201767063,0.06276141803920066
1121,2242.0,2.242,1379,3.455371821581562,2.3309847424710837,0.06277074711192974
1122,2244.0,2.244,1378,3.4581516383693582,2.3307666413134926,0.06278764366956319
1123,2246.0,2.246,1377,3.461155681594176,2.3314751987990556,0.06282953273304863
1124,2248.0,2.248,1376,3.465205635891397,2.3332602690555135,0.06290048135441421
1125,2250.0,2.25,1375,3.4687177881464106,2.3346731621279404,0.0629614529921312
1126,2252.0,2.252,1374,3.472626629631746,2.337204356685888,0.06305264663847254
1127,2254.0,2.254,1373,3.4764507238727798,2.3399576538364344,0.06314990905499833
1128,2256.0,2.256,1372,3.4802824187145016,2.343306878380758,0.06326333924186289
1129,2258.0,2.258,1371,3.484711105098965,2.3470201331497353,0.06338669201487043
1130,2260.0,2.26,1370,3.489098882907051,2.35080136724453,0.06351197983574455
1131,2262.0,2.262,1369,3.493738667590519,2.3538154286006527,0.06361663320542305
1132,2264.0,2.264,1368,3.4986110980798553,2.356415776413364,0.06371018600412084
1133,2266.0,2.266,1367,3.5031212914840135,2.357887714695262,0.06377329587184281
1134,2268.0,2.268,1366,3.507596537409401,2.3586252716628096,0.0638165905312447
1135,2270.0,2.27,1365,3.5119760067196633,2.359227297839628,0.06385625709254619
1136,2272.0,2.272,1364,3.516532875815486,2.358762442830978,0.06386707386768861
1137,2274.0,2.274,1363,3.5212908561476985,2.3596560811864493,0.06391470392219323
1138,2276.0,2.276,1362,3.5260344587974424,2.3604808803688497,0.06396051224557059
1139,2278.0,2.278,1361,3.5312237614478303,2.3615801346287966,0.06401380231101733
1140,2280.0,2.28,1360,3.536636892815033,2.3643030122720714,0.06411116685927604
1141,2282.0,2.282,1359,3.5424193474342967,2.3686428313194208,0.06425247330262622
1142,2284.0,2.284,1358,3.547624931021909,2.371614569147884,0.06435676784494455
1143,2286.0,2.286,1357,3.5516925118407667,2.3730596610520673,0.06441970520922037
1144,2288.0,2.288,1356,3.5554279380131995,2.3733718672677644,0.0644519327671208
1145,2290.0,2.29,1355,3.559584431415863,2.3749777668510865,0.06451933771754544
1146,2292.0,2.292,1354,3.5632610242653033,2.375110746972594,0.06454677268764475
1147,2294.0,2.294,1353,3.5670673670295865,2.3758085430841995,0.0645895920247567
1148,2296.0,2.296,1352,3.5707280114647357,2.3741258568426833,0.06456771126014554
1149,2298.0,2.298,1351,3.5747251295053,2.372072822064791,0.06453574726031604
1150,2300.0,2.3,1350,3.5782131741323515,2.3691345615374115,0.06447967564176679
1151,2302.0,2.302,1349,3.5818975364897256,2.3665941115418154,0.06443440236506133
1152,2304.0,2.304,1348,3.5850679450866623,2.363555432184474,0.06437553422905716
1153,2306.0,2.306,1347,3.5882408469476603,2.360575689570309,0.06431823710652924
1154,2308.0,2.308,1346,3.5922605339596196,2.3573249085140455,0.06425351861192076
1155,2310.0,2.31,1345,3.5958358443010794,2.3539421943364016,0.06418516345419006
1156,2312.0,2.312,1344,3.5985797849617494,2.3496086609436992,0.06409083060891865
1157,2314.0,2.314,1343,3.6016993448541177,2.3454388510858366,0.0640009040108741
1158,2316.0,2.316,1342,3.6046650232529744,2.342538412375208,0.06394557003082647
1159,2318.0,2.318,1341,3.6075507548055876,2.340471577081484,0.06391296750042305
1160,2320.0,2.32,1340,3.6109652609590484,2.338636816275504,0.06388668932932828
1161,2322.0,2.322,1339,3.6148735096579894,2.338329462077693,0.06390214158534784
1162,2324.0,2.324,1338,3.6186922416741316,2.3382184199647447,0.0639229811435827
1163,2326.0,2.326,1337,3.622963257050226,2.338189524773951,0.06394609181187261
1164,2328.0,2.328,1336,3.627263699135277,2.3370974519492043,0.06394014147268914
1165,2330.0,2.33,1335,3.63161110642756,2.3346513295393514,0.06389713661663675
1166,2332.0,2.332,1334,3.635919085160222,2.3316439344240965,0.06383874125685657
1167,2334.0,2.334,1333,3.6401204600847987,2.329946240457813,0.06381618320518191
1168,2336.0,2.336,1332,3.6441683177828863,2.329218701115866,0.063820199279358
1169,2338.0,2.338,1331,3.648681671728902,2.3288340501402836,0.06383362597784326
1170,2340.0,2.34,1330,3.6532325781664747,2.3295850719468416,0.06387821240947301
1171,2342.0,2.342,1329,3.658064463459732,2.3298259844823583,0.06390884873437473
1172,2344.0,2.344,1328,3.663145315867051,2.3305316508257934,0.06395227050886115
1173,2346.0,2.346,1327,3.666924479848828,2.3273114090325575,0.06388796237718965
1174,2348.0,2.348,1326,3.67140774233354,2.324506987575229,0.06383503399444891
1175,2350.0,2.35,1325,3.6754300702273235,2.3220938562204614,0.06379282432644572
1176,2352.0,2.352,1324,3.6801694594054206,2.318565915051833,0.06371995413301157
1177,2354.0,2.354,1323,3.6847374385761476,2.315463971527868,0.06365874986954737
1178,2356.0,2.356,1322,3.6894991407382416,2.3110933180368156,0.06356261475473388
1179,2358.0,2.358,1321,3.6941953501883207,2.3058278283023124,0.06344179575587988
1180,2360.0,2.36,1320,3.6986238109145266,2.300823714906778,0.06332808850139467
1181,2362.0,2.362,1319,3.703875088309189,2.297093165822975,0.06324937115163314
1182,2364.0,2.364,1318,3.708391684003866,2.2925269395519163,0.06314758448933011
1183,2366.0,2.366,1317,3.7125735628901624,2.2889633600943706,0.0630733580199823
1184,2368.0,2.368,1316,3.716587075044008,2.2842136364096333,0.06296638713942451
1185,2370.0,2.37,1315,3.721037918673404,2.2814280742900865,0.06291350848530686
1186,2372.0,2.372,1314,3.725362306773041,2.2786746961351594,0.06286148655768897
1187,2374.0,2.374,1313,3.7297843690152597,2.2757970085811414,0.06280600351787993
1188,2376.0,2.376,1312,3.7336575866902573,2.271204872115069,0.06270315501407343
1189,2378.0,2.378,1311,3.7373386606650594,2.2679686637523067,0.06263768577663649
1190,2380.0,2.38,1310,3.7416732137547495,2.265855714586986,0.06260321016649227
1191,2382.0,2.382,1309,3.7463360377089483,2.2657271785178734,0.06262356553756387
1192,2384.0,2.384,1308,3.750979080428999,2.263704596188536,0.06259157510652555
1193,2386.0,2.386,1307,3.7557870870752823,2.262686281698487,0.06258734804831062
1194,2388.0,2.388,1306,3.760504225104659,2.260664682997165,0.0625553648129729
1195,2390.0,2.39,1305,3.7654277298191037,2.2602336779119665,0.06256739678792761
1196,2392.0,2.392,1304,3.7710027696350092,2.2591024340922865,0.06256005585630203
1197,2394.0,2.394,1303,3.776155603264108,2.2570691042485898,0.06252772794815761
1198,2396.0,2.396,1302,3.781870625628397,2.2552963244016806,0.06250260523516271
1199,2398.0,2.398,1301,3.787685262496994,2.253965264881113,0.06248971884871447
1200,2400.0,2.4,1300,3.793410702982191,2.252178114002973,0.06246418208858078
1201,2402.0,2.402,1299,3.7983531859025144,2.2486642938524453,0.06239072730228319
1202,2404.0,2.404,1298,3.803603305402572,2.2445767200591704,0.0623012998763277
1203,2406.0,2.406,1297,3.809022493815665,2.240368253756392,0.06220845594520661
1204,2408.0,2.408,1296,3.814256042225699,2.236769442101078,0.06213248450280773
1205,2410.0,2.41,1295,3.819240113602204,2.232577611489993,0.062039984561747766
1206,2412.0,2.412,1294,3.8246277489708462,2.2295203926074336,0.06197896375596372
1207,2414.0,2.414,1293,3.830136628470198,2.225627168568419,0.06189465574255555
1208,2416.0,2.416,1292,3.8359813969821004,2.223098701898045,0.06184826032515608
1209,2418.0,2.418,1291,3.841964714534153,2.222224769646271,0.061847886453273125
1210,2420.0,2.42,1290,3.847245102462858,2.2200347637156677,0.06181087905113857
1211,2422.0,2.422,1289,3.8527004287444244,2.217782652843297,0.061772122424337446
1212,2424.0,2.424,1288,3.8583054335153917,2.2171473260985457,0.06177839494522102
1213,2426.0,2.426,1287,3.8631812325226034,2.217439894595185,0.0618105464842063
1214,2428.0,2.428,1286,3.867963414207302,2.217284008698115,0.061830226941441496
1215,2430.0,2.43,1285,3.8728472375836187,2.2157726308475523,0.061812118688971664
1216,2432.0,2.432,1284,3.8780066193379854,2.214486615267542,0.061800294948831234
1217,2434.0,2.434,1283,3.882817306519737,2.2128268260921518,0.06177803630339474
1218,2436.0,2.436,1282,3.8878409130222726,2.2107928128423286,0.061745317969847544
1219,2438.0,2.438,1281,3.8933380940270768,2.2110649889877325,0.061777018289182965
1220,2440.0,2.44,1280,3.8981918580273396,2.209898489346001,0.06176854056939691
1221,2442.0,2.442,1279,3.9040800133449554,2.2107291849924087,0.061815910776741714
1222,2444.0,2.444,1278,3.9094270340346853,2.2111814435821526,0.061852741575523486
1223,2446.0,2.446,1277,3.9150874753605986,2.2115117116679435,0.061886196934863205
1224,2448.0,2.448,1276,3.920669016553319,2.2093723422597056,0.06185055141721019
1225,2450.0,2.45,1275,3.925988690156013,2.2084101961802025,0.06184785630151056
1226,2452.0,2.452,1274,3.9310440056360867,2.207066226745999,0.06183447119763432
1227,2454.0,2.454,1273,3.935680099052587,2.204330482948915,0.06178207702626498
1228,2456.0,2.456,1272,3.9408873105388063,2.203409631223691,0.0617805382624233
1229,2458.0,2.458,1271,3.94608505633588,2.2037963316087983,0.06181568419837298
1230,2460.0,2.46,1270,3.9514708824426132,2.203225102716669,0.06182398722383294
1231,2462.0,2.462,1269,3.9571202741070675,2.2037890518227576,0.06186417278726326
1232,2464.0,2.464,1268,3.962780007505872,2.2029935451987734,0.061866222317757825
1233,2466.0,2.466,1267,3.96804757276595,2.200806337587269,0.06182918481079971
1234,2468.0,2.468,1266,3.973865122560209,2.2010273385261168,0.061859810324987365
1235,2470.0,2.47,1265,3.9799823648574697,2.2014077461673267,0.06189495158355039
1236,2472.0,2.472,1264,3.9864526196823005,2.2041143129623544,0.06199555864429552
1237,2474.0,2.474,1263,3.9926766731621455,2.2061179221592537,0.06207647498221168
1238,2476.0,2.476,1262,3.9983135147396447,2.208305110720354,0.06216263280796412
1239,2478.0,2.478,1261,4.004707656300936,2.2108127810711444,0.06225789366426658
1240,2480.0,2.48,1260,4.010612299121714,2.2118568109648042,0.06231200648790508
1241,2482.0,2.482,1259,4.016749651579066,2.2113862980895678,0.06232348774104612
1242,2484.0,2.484,1258,4.022709085429654,2.210017814486038,0.06230967039009381
1243,2486.0,2.486,1257,4.028252636973293,2.2081175554138825,0.06228085295506673
1244,2488.0,2.488,1256,4.033723156811196,2.206785107570233,0.062268044164239034
1245,2490.0,2.49,1255,4.039045239035517,2.204372743314755,0.06222475130104825
1246,2492.0,2.492,1254,4.043494478817916,2.2016220751185354,0.06217188040134343
1247,2494.0,2.494,1253,4.048793966732811,2.200089895674303,0.06215339999488615
1248,2496.0,2.496,1252,4.0541191993491825,2.1999878380943794,0.06217533236808963
1249,2498.0,2.498,1251,4.059142636350816,2.2003913886102504,0.062211587226078446
1250,2500.0,2.5,1250,4.064300180711069,2.2011509845449577,0.0622579515034874
