site,orientation,O_graphene_distance_A,interaction_energy_kJ_mol,tile_radius,far_reference_A
top,0-leg,2.5,46.106371166540015,3,15.0
top,0-leg,2.55,33.36602768841371,3,15.0
top,0-leg,2.5999999999999996,23.541809224544853,3,15.0
top,0-leg,2.6499999999999995,15.961272836776873,3,15.0
top,0-leg,2.6999999999999993,10.113968853854802,3,15.0
top,0-leg,2.749999999999999,5.6103788015798415,3,15.0
top,0-leg,2.799999999999999,2.151798387041297,3,15.0
top,0-leg,2.8499999999999988,-0.49189337245383213,3,15.0
top,0-leg,2.8999999999999986,-2.4987445197881133,3,15.0
top,0-leg,2.9499999999999984,-4.007064028167573,3,15.0
top,0-leg,2.9999999999999982,-5.124687421603247,3,15.0
top,0-leg,3.049999999999998,-5.935974813710478,3,15.0
top,0-leg,3.099999999999998,-6.507123451434285,3,15.0
top,0-leg,3.1499999999999977,-6.890220504782229,3,15.0
top,0-leg,3.1999999999999975,-7.1263493077418545,3,15.0
top,0-leg,3.2499999999999973,-7.247980761888689,3,15.0
top,0-leg,3.299999999999997,-7.28082225153466,3,15.0
top,0-leg,3.349999999999997,-7.245252933881426,3,15.0
top,0-leg,3.399999999999997,-7.157442237728224,3,15.0
top,0-leg,3.4499999999999966,-7.030224686950625,3,15.0
top,0-leg,3.4999999999999964,-6.873786514489931,3,15.0
top,0-leg,3.5499999999999963,-6.696206330513903,3,15.0
top,0-leg,3.599999999999996,-6.503882188980979,3,15.0
top,0-leg,3.649999999999996,-6.301869906958238,3,15.0
top,0-leg,3.6999999999999957,-6.094151813076183,3,15.0
top,0-leg,3.7499999999999956,-5.883850776682219,3,15.0
top,0-leg,3.7999999999999954,-5.673401062879497,3,15.0
top,0-leg,3.849999999999995,-5.464685020173733,3,15.0
top,0-leg,3.899999999999995,-5.259142650858253,3,15.0
top,0-leg,3.949999999999995,-5.057859601203762,3,15.0
top,0-leg,3.9999999999999947,-4.861637933733014,3,15.0
top,0-leg,4.0499999999999945,-4.6710531287762285,3,15.0
top,0-leg,4.099999999999994,-4.486500046961155,3,15.0
top,0-leg,4.149999999999994,-4.308230024001873,3,15.0
top,0-leg,4.199999999999994,-4.136380827597465,3,15.0
top,0-leg,4.249999999999994,-3.9710008582418697,3,15.0
top,0-leg,4.299999999999994,-3.812068700806395,3,15.0
top,0-leg,4.349999999999993,-3.659508915069006,3,15.0
top,0-leg,4.399999999999993,-3.513204779313167,3,15.0
top,0-leg,4.449999999999993,-3.3730085631663016,3,15.0
top,0-leg,4.499999999999993,-3.2387497944623735,3,15.0
top,0-leg,4.549999999999993,-3.110241896696648,3,15.0
top,0-leg,4.5999999999999925,-2.9872875013813545,3,15.0
top,0-leg,4.649999999999992,-2.8696826834822806,3,15.0
top,0-leg,4.699999999999992,-2.7572203205877184,3,15.0
top,0-leg,4.749999999999992,-2.649692739795783,3,15.0
top,0-leg,4.799999999999992,-2.546893785745178,3,15.0
top,0-leg,4.849999999999992,-2.448620418515784,3,15.0
top,0-leg,4.8999999999999915,-2.3546739303148865,3,15.0
top,0-leg,4.949999999999991,-2.264860853675102,3,15.0
top,0-leg,4.999999999999991,-2.1789936201388125,3,15.0
top,0-leg,5.049999999999991,-2.096891018536109,3,15.0
top,0-leg,5.099999999999991,-2.0183784918447394,3,15.0
top,0-leg,5.149999999999991,-1.943288305753753,3,15.0
top,0-leg,5.19999999999999,-1.8714596148752853,3,15.0
top,0-leg,5.24999999999999,-1.8027384487539655,3,15.0
top,0-leg,5.29999999999999,-1.7369776350582555,3,15.0
top,0-leg,5.34999999999999,-1.6740366744532553,3,15.0
top,0-leg,5.39999999999999,-1.6137815789251821,3,15.0
top,0-leg,5.4499999999999895,-1.556084683005581,3,15.0
top,0-leg,5.499999999999989,-1.500824435805421,3,15.0
top,0-leg,5.549999999999989,-1.447885179629077,3,15.0
top,0-leg,5.599999999999989,-1.3971569208416976,3,15.0
top,0-leg,5.649999999999989,-1.3485350962806424,3,15.0
top,0-leg,5.699999999999989,-1.301920338870756,3,15.0
top,0-leg,5.7499999999999885,-1.2572182446983844,3,15.0
top,0-leg,5.799999999999988,-1.214339143553816,3,15.0
top,0-leg,5.849999999999988,-1.1731978745170821,3,15.0
top,0-leg,5.899999999999988,-1.1337135673731382,3,15.0
top,0-leg,5.949999999999988,-1.0958094311181628,3,15.0
top,0-leg,5.999999999999988,-1.0594125497842815,3,15.0
top,1-leg,2.5,40.059505606690294,3,15.0
top,1-leg,2.55,28.32850867852161,3,15.0
top,1-leg,2.5999999999999996,19.332031754342427,3,15.0
top,1-leg,2.6499999999999995,12.433139101400586,3,15.0
top,1-leg,2.6999999999999993,7.149331529525314,3,15.0
top,1-leg,2.749999999999999,3.1132310825742167,3,15.0
top,1-leg,2.799999999999999,0.043773301477402216,3,15.0
top,1-leg,2.8499999999999988,-2.275033251660661,3,15.0
top,1-leg,2.8999999999999986,-4.009862034526657,3,15.0
top,1-leg,2.9499999999999984,-5.289822085695217,3,15.0
top,1-leg,2.9999999999999982,-6.215274815836145,3,15.0
top,1-leg,3.049999999999998,-6.864482778010958,3,15.0
top,1-leg,3.099999999999998,-7.298648877597673,3,15.0
top,1-leg,3.1499999999999977,-7.565754121698484,3,15.0
top,1-leg,3.1999999999999975,-7.703493837867988,3,15.0
top,1-leg,3.2499999999999973,-7.741534012903108,3,15.0
top,1-leg,3.299999999999997,-7.7032524283018535,3,15.0
top,1-leg,3.349999999999997,-7.6070875703169865,3,15.0
top,1-leg,3.399999999999997,-7.467587608800619,3,15.0
top,1-leg,3.4499999999999966,-7.296229043567202,3,15.0
top,1-leg,3.4999999999999964,-7.102057745033145,3,15.0
top,1-leg,3.5499999999999963,-6.892192510346192,3,15.0
top,1-leg,3.599999999999996,-6.6722217973154425,3,15.0
top,1-leg,3.649999999999996,-6.446517163532228,3,15.0
top,1-leg,3.6999999999999957,-6.21848153718243,3,15.0
top,1-leg,3.7499999999999956,-5.990746336223263,3,15.0
top,1-leg,3.7999999999999954,-5.765328315606643,3,15.0
top,1-leg,3.849999999999995,-5.543754615882194,3,15.0
top,1-leg,3.899999999999995,-5.327162635041846,3,15.0
top,1-leg,3.949999999999995,-5.116379915199121,3,15.0
top,1-leg,3.9999999999999947,-4.91198812642991,3,15.0
top,1-leg,4.0499999999999945,-4.714374367813369,3,15.0
top,1-leg,4.099999999999994,-4.523772332244662,3,15.0
top,1-leg,4.149999999999994,-4.3402953545580525,3,15.0
top,1-leg,4.199999999999994,-4.163962948569067,3,15.0
top,1-leg,4.249999999999994,-3.994722112560713,3,15.0
top,1-leg,4.299999999999994,-3.832464425297604,3,15.0
top,1-leg,4.349999999999993,-3.6770397504872623,3,15.0
top,1-leg,4.399999999999993,-3.52826720617308,3,15.0
top,1-leg,4.449999999999993,-3.3859439261199142,3,15.0
top,1-leg,4.499999999999993,-3.2498520377735165,3,15.0
top,1-leg,4.549999999999993,-3.1197641990266174,3,15.0
top,1-leg,4.5999999999999925,-2.9954479702098187,3,15.0
top,1-leg,4.649999999999992,-2.876669244910956,3,15.0
top,1-leg,4.699999999999992,-2.7631949201872583,3,15.0
top,1-leg,4.749999999999992,-2.6547949533997874,3,15.0
top,1-leg,4.799999999999992,-2.5512439240158162,3,15.0
top,1-leg,4.849999999999992,-2.452322197407593,3,15.0
top,1-leg,4.8999999999999915,-2.3578167688312828,3,15.0
top,1-leg,4.949999999999991,-2.2675218513517867,3,15.0
top,1-leg,4.999999999999991,-2.181239259761555,3,15.0
top,1-leg,5.049999999999991,-2.0987786320170123,3,15.0
top,1-leg,5.099999999999991,-2.0199575229774176,3,15.0
top,1-leg,5.149999999999991,-1.9446013979326147,3,15.0
top,1-leg,5.19999999999999,-1.8725435483079955,3,15.0
top,1-leg,5.24999999999999,-1.8036249481018365,3,15.0
top,1-leg,5.29999999999999,-1.7376940653925061,3,15.0
top,1-leg,5.34999999999999,-1.6746066412777696,3,15.0
top,1-leg,5.39999999999999,-1.6142254453315676,3,15.0
top,1-leg,5.4499999999999895,-1.5564200155802312,3,15.0
top,1-leg,5.499999999999989,-1.50106638906565,3,15.0
top,1-leg,5.549999999999989,-1.4480468275684986,3,15.0
top,1-leg,5.599999999999989,-1.3972495427607636,3,15.0
top,1-leg,5.649999999999989,-1.3485684233561133,3,15.0
top,1-leg,5.699999999999989,-1.3019027667737342,3,15.0
top,1-leg,5.7499999999999885,-1.2571570169775497,3,15.0
top,1-leg,5.799999999999988,-1.2142405098474864,3,15.0
top,1-leg,5.849999999999988,-1.173067226981057,3,15.0
top,1-leg,5.899999999999988,-1.1335555583602173,3,15.0
top,1-leg,5.949999999999988,-1.095628074745058,3,15.0
top,1-leg,5.999999999999988,-1.0592113095250515,3,15.0
top,2-leg,2.5,46.436364851725415,3,15.0
top,2-leg,2.55,33.619345397814726,3,15.0
top,2-leg,2.5999999999999996,23.736111248442615,3,15.0
top,2-leg,2.6499999999999995,16.110178158856243,3,15.0
top,2-leg,2.6999999999999993,10.227975593159188,3,15.0
top,2-leg,2.749999999999999,5.697575956049164,3,15.0
top,2-leg,2.799999999999999,2.2184159276599056,3,15.0
top,2-leg,2.8499999999999988,-0.4410595218604969,3,15.0
top,2-leg,2.8999999999999986,-2.460004280416422,3,15.0
top,2-leg,2.9499999999999984,-3.977579785353722,3,15.0
top,2-leg,2.9999999999999982,-5.102278465974613,3,15.0
top,2-leg,3.049999999999998,-5.918966451334333,3,15.0
top,2-leg,3.099999999999998,-6.494230611673532,3,15.0
top,2-leg,3.1499999999999977,-6.880457983387424,3,15.0
top,2-leg,3.1999999999999975,-7.118962569933153,3,15.0
top,2-leg,3.2499999999999973,-7.2423926119857835,3,15.0
top,2-leg,3.299999999999997,-7.276591744734647,3,15.0
top,2-leg,3.349999999999997,-7.24204373164576,3,15.0
top,2-leg,3.399999999999997,-7.154998246086739,3,15.0
top,2-leg,3.4499999999999966,-7.028351310304153,3,15.0
top,2-leg,3.4999999999999964,-6.87233623791648,3,15.0
top,2-leg,3.5499999999999963,-6.695067637706686,3,15.0
top,2-leg,3.599999999999996,-6.502971049818198,3,15.0
top,2-leg,3.649999999999996,-6.301123243813201,3,15.0
top,2-leg,3.6999999999999957,-6.093522490183619,3,15.0
top,2-leg,3.7499999999999956,-5.883303761584965,3,15.0
top,2-leg,3.7999999999999954,-5.672910488864295,3,15.0
top,2-leg,3.849999999999995,-5.464231941336352,3,15.0
top,2-leg,3.899999999999995,-5.25871332889014,3,15.0
top,2-leg,3.949999999999995,-5.05744420036537,3,15.0
top,2-leg,3.9999999999999947,-4.861229528718773,3,15.0
top,2-leg,4.0499999999999945,-4.67064695198217,3,15.0
top,2-leg,4.099999999999994,-4.486092919272196,3,15.0
top,2-leg,4.149999999999994,-4.307819925430281,3,15.0
top,2-leg,4.199999999999994,-4.135966574654164,3,15.0
top,2-leg,4.249999999999994,-3.9705818626784195,3,15.0
top,2-leg,4.299999999999994,-3.8116447901353068,3,15.0
top,2-leg,4.349999999999993,-3.659080199615625,3,15.0
top,2-leg,4.399999999999993,-3.512771554927024,3,15.0
top,2-leg,4.449999999999993,-3.372571240369659,3,15.0
top,2-leg,4.499999999999993,-3.2383088476694954,3,15.0
top,2-leg,4.549999999999993,-3.109797828206906,3,15.0
top,2-leg,4.5999999999999925,-2.9868408166246017,3,15.0
top,2-leg,4.649999999999992,-2.869233874227759,3,15.0
top,2-leg,4.699999999999992,-2.7567698543029717,3,15.0
top,2-leg,4.749999999999992,-2.649241053201977,3,15.0
top,2-leg,4.799999999999992,-2.5464412814774366,3,15.0
top,2-leg,4.849999999999992,-2.4481674639972333,3,15.0
top,2-leg,4.8999999999999915,-2.3542208580386,3,15.0
top,2-leg,4.949999999999991,-2.2644079624828484,3,15.0
top,2-leg,4.999999999999991,-2.178541177176471,3,15.0
top,2-leg,5.049999999999991,-2.0964392614564638,3,15.0
top,2-leg,5.099999999999991,-2.017927631237651,3,15.0
top,2-leg,5.149999999999991,-1.9428385276036118,3,15.0
top,2-leg,5.19999999999999,-1.871011082978449,3,15.0
top,2-leg,5.24999999999999,-1.8022913070106859,3,15.0
top,2-leg,5.29999999999999,-1.736532009586344,3,15.0
top,2-leg,5.34999999999999,-1.673592675596247,3,15.0
top,2-leg,5.39999999999999,-1.6133393030567735,3,15.0
top,2-leg,5.4499999999999895,-1.5556442141812725,3,15.0
top,2-leg,5.499999999999989,-1.5003858472286222,3,15.0
top,2-leg,5.549999999999989,-1.4474485350189867,3,15.0
top,2-leg,5.599999999999989,-1.3967222755538014,3,15.0
top,2-leg,5.649999999999989,-1.3481024983726402,3,15.0
top,2-leg,5.699999999999989,-1.301489830032066,3,15.0
top,2-leg,5.7499999999999885,-1.256789861095973,3,15.0
top,2-leg,5.799999999999988,-1.2139129165088616,3,15.0
top,2-leg,5.849999999999988,-1.172773831096147,3,15.0
top,2-leg,5.899999999999988,-1.1332917310375479,3,15.0
top,2-leg,5.949999999999988,-1.0953898221150882,3,15.0
top,2-leg,5.999999999999988,-1.0589951856233146,3,15.0
bridge,0-leg,2.5,41.80119153640146,3,15.0
bridge,0-leg,2.55,30.219049627966644,3,15.0
bridge,0-leg,2.5999999999999996,21.2271196861366,3,15.0
bridge,0-leg,2.6499999999999995,14.248315225119205,3,15.0
bridge,0-leg,2.6999999999999993,8.838662435199808,3,15.0
bridge,0-leg,2.749999999999999,4.655261871790221,3,15.0
bridge,0-leg,2.799999999999999,1.432294491521331,3,15.0
bridge,0-leg,2.8499999999999988,-1.0370297386089176,3,15.0
bridge,0-leg,2.8999999999999986,-2.9141127442924595,3,15.0
bridge,0-leg,2.9499999999999984,-4.325320877913335,3,15.0
bridge,0-leg,2.9999999999999982,-5.369874760887847,3,15.0
bridge,0-leg,3.049999999999998,-6.12588675186457,3,15.0
bridge,0-leg,3.099999999999998,-6.654999182109221,3,15.0
bridge,0-leg,3.1499999999999977,-7.00596126671243,3,15.0
bridge,0-leg,3.1999999999999975,-7.217397746764396,3,15.0
bridge,0-leg,3.2499999999999973,-7.3199595609569155,3,15.0
bridge,0-leg,3.299999999999997,-7.338000234476141,3,15.0
bridge,0-leg,3.349999999999997,-7.290886911013418,3,15.0
bridge,0-leg,3.399999999999997,-7.194028920875093,3,15.0
bridge,0-leg,3.4499999999999966,-7.059687207262188,3,15.0
bridge,0-leg,3.4999999999999964,-6.897613159972212,3,15.0
bridge,0-leg,3.5499999999999963,-6.715554213791772,3,15.0
bridge,0-leg,3.599999999999996,-6.519655057872314,3,15.0
bridge,0-leg,3.649999999999996,-6.31477680559857,3,15.0
bridge,0-leg,3.6999999999999957,-6.104751499238159,3,15.0
bridge,0-leg,3.7499999999999956,-5.892585498803696,3,15.0
bridge,0-leg,3.7999999999999954,-5.680622354878259,3,15.0
bridge,0-leg,3.849999999999995,-5.470673483367245,3,15.0
bridge,0-leg,3.899999999999995,-5.264123187668663,3,15.0
bridge,0-leg,3.949999999999995,-5.062013194732713,3,15.0
bridge,0-leg,3.9999999999999947,-4.865110793626765,3,15.0
bridge,0-leg,4.0499999999999945,-4.6739638208414025,3,15.0
bridge,0-leg,4.099999999999994,-4.488945073404755,3,15.0
bridge,0-leg,4.149999999999994,-4.310288208238584,3,15.0
bridge,0-leg,4.199999999999994,-4.138116773283111,3,15.0
bridge,0-leg,4.249999999999994,-3.9724676886329213,3,15.0
bridge,0-leg,4.299999999999994,-3.8133102365262035,3,15.0
bridge,0-leg,4.349999999999993,-3.660561411807893,3,15.0
bridge,0-leg,4.399999999999993,-3.514098319779735,3,15.0
bridge,0-leg,4.449999999999993,-3.3737681760889835,3,15.0
bridge,0-leg,4.499999999999993,-3.239396357414835,3,15.0
bridge,0-leg,4.549999999999993,-3.1107928669982208,3,15.0
bridge,0-leg,4.5999999999999925,-2.9877575100005664,3,15.0
bridge,0-leg,4.649999999999992,-2.870084019164994,3,15.0
bridge,0-leg,4.699999999999992,-2.757563325694382,3,15.0
bridge,0-leg,4.749999999999992,-2.6499861352215524,3,15.0
bridge,0-leg,4.799999999999992,-2.547144938150083,3,15.0
bridge,0-leg,4.849999999999992,-2.448835560947367,3,15.0
bridge,0-leg,4.8999999999999915,-2.3548583448485902,3,15.0
bridge,0-leg,4.949999999999991,-2.2650190228605074,3,15.0
bridge,0-leg,4.999999999999991,-2.179129353221295,3,15.0
bridge,0-leg,5.049999999999991,-2.0970075564883977,3,15.0
bridge,0-leg,5.099999999999991,-2.0184785953815365,3,15.0
bridge,0-leg,5.149999999999991,-1.9433743289787646,3,15.0
bridge,0-leg,5.19999999999999,-1.8715335671486097,3,15.0
bridge,0-leg,5.24999999999999,-1.8028020467479555,3,15.0
bridge,0-leg,5.29999999999999,-1.7370323466174238,3,15.0
bridge,0-leg,5.34999999999999,-1.6740837556127057,3,15.0
bridge,0-leg,5.39999999999999,-1.6138221052579151,3,15.0
bridge,0-leg,5.4499999999999895,-1.5561195761952833,3,15.0
bridge,0-leg,5.499999999999989,-1.500854486062523,3,15.0
bridge,0-leg,5.549999999999989,-1.4479110649246962,3,15.0
bridge,0-leg,5.599999999999989,-1.397179223063735,3,15.0
bridge,0-leg,5.649999999999989,-1.3485543151078865,3,15.0
bridge,0-leg,5.699999999999989,-1.3019369036036101,3,15.0
bridge,0-leg,5.7499999999999885,-1.2572325242995293,3,15.0
bridge,0-leg,5.799999999999988,-1.2143514552626353,3,15.0
bridge,0-leg,5.849999999999988,-1.1732084911558291,3,15.0
bridge,0-leg,5.899999999999988,-1.1337227236855423,3,15.0
bridge,0-leg,5.949999999999988,-1.0958173290731992,3,15.0
bridge,0-leg,5.999999999999988,-1.0594193632974749,3,15.0
bridge,1-leg,2.5,39.84609523462234,3,15.0
bridge,1-leg,2.55,28.448531966290222,3,15.0
bridge,1-leg,2.5999999999999996,19.635361783282885,3,15.0
bridge,1-leg,2.6499999999999995,12.825785496929148,3,15.0
bridge,1-leg,2.6999999999999993,7.573654138493225,3,15.0
bridge,1-leg,2.749999999999999,3.534991673535491,3,15.0
bridge,1-leg,2.799999999999999,0.443670287803995,3,15.0
bridge,1-leg,2.8499999999999988,-1.9068874261847766,3,15.0
bridge,1-leg,2.8999999999999986,-3.6775308283211317,3,15.0
bridge,1-leg,2.9499999999999984,-4.993865665692291,3,15.0
bridge,1-leg,2.9999999999999982,-5.954238360743198,3,15.0
bridge,1-leg,3.049999999999998,-6.635839865473869,3,15.0
bridge,1-leg,3.099999999999998,-7.099389449521238,3,15.0
bridge,1-leg,3.1499999999999977,-7.392741846241362,3,15.0
bridge,1-leg,3.1999999999999975,-7.553674987542541,3,15.0
bridge,1-leg,3.2499999999999973,-7.612051767915757,3,15.0
bridge,1-leg,3.299999999999997,-7.59150187085973,3,15.0
bridge,1-leg,3.349999999999997,-7.510734322287222,3,15.0
bridge,1-leg,3.399999999999997,-7.3845649428467315,3,15.0
bridge,1-leg,3.4499999999999966,-7.224722951958258,3,15.0
bridge,1-leg,3.4999999999999964,-7.040485943882419,3,15.0
bridge,1-leg,3.5499999999999963,-6.839181070107013,3,15.0
bridge,1-leg,3.599999999999996,-6.626581606543568,3,15.0
bridge,1-leg,3.649999999999996,-6.407221482637227,3,15.0
bridge,1-leg,3.6999999999999957,-6.184645296117491,3,15.0
bridge,1-leg,3.7499999999999956,-5.961607456359074,3,15.0
bridge,1-leg,3.7999999999999954,-5.74023111084255,3,15.0
bridge,1-leg,3.849999999999995,-5.52213519772169,3,15.0
bridge,1-leg,3.899999999999995,-5.30853617711269,3,15.0
bridge,1-leg,3.949999999999995,-5.1003296010532315,3,15.0
bridge,1-leg,3.9999999999999947,-4.898155595886375,3,15.0
bridge,1-leg,4.0499999999999945,-4.702451481638002,3,15.0
bridge,1-leg,4.099999999999994,-4.513494087356156,3,15.0
bridge,1-leg,4.149999999999994,-4.331433796680452,3,15.0
bridge,1-leg,4.199999999999994,-4.156321946696773,3,15.0
bridge,1-leg,4.249999999999994,-3.9881328749237106,3,15.0
bridge,1-leg,4.299999999999994,-3.826781652809413,3,15.0
bridge,1-leg,4.349999999999993,-3.6721383368975777,3,15.0
bridge,1-leg,4.399999999999993,-3.524039406744053,3,15.0
bridge,1-leg,4.449999999999993,-3.38229692800493,3,15.0
bridge,1-leg,4.499999999999993,-3.246705874259378,3,15.0
bridge,1-leg,4.549999999999993,-3.11704995837243,3,15.0
bridge,1-leg,4.5999999999999925,-2.993106257074661,3,15.0
bridge,1-leg,4.649999999999992,-2.8746488579745226,3,15.0
bridge,1-leg,4.699999999999992,-2.761451715459434,3,15.0
bridge,1-leg,4.749999999999992,-2.653290866531534,3,15.0
bridge,1-leg,4.799999999999992,-2.549946129209999,3,15.0
bridge,1-leg,4.849999999999992,-2.451202383584126,3,15.0
bridge,1-leg,4.8999999999999915,-2.3568505165079574,3,15.0
bridge,1-leg,4.949999999999991,-2.2666880960723224,3,15.0
bridge,1-leg,4.999999999999991,-2.180519829795965,3,15.0
bridge,1-leg,5.049999999999991,-2.0981578502588767,3,15.0
bridge,1-leg,5.099999999999991,-2.019421863774339,3,15.0
bridge,1-leg,5.149999999999991,-1.944139191289226,3,15.0
bridge,1-leg,5.19999999999999,-1.872144724967249,3,15.0
bridge,1-leg,5.24999999999999,-1.803280819647397,3,15.0
bridge,1-leg,5.29999999999999,-1.7373971347541453,3,15.0
bridge,1-leg,5.34999999999999,-1.6743504392098525,3,15.0
bridge,1-leg,5.39999999999999,-1.6140043893892848,3,15.0
bridge,1-leg,5.4499999999999895,-1.5562292885266062,3,15.0
bridge,1-leg,5.499999999999989,-1.5009018339237779,3,15.0
bridge,1-leg,5.549999999999989,-1.4479048570812978,3,15.0
bridge,1-leg,5.599999999999989,-1.3971270613416111,3,15.0
bridge,1-leg,5.649999999999989,-1.3484627596450274,3,15.0
bridge,1-leg,5.699999999999989,-1.3018116155079502,3,15.0
bridge,1-leg,5.7499999999999885,-1.2570783888181767,3,15.0
bridge,1-leg,5.799999999999988,-1.2141726881272685,3,15.0
bridge,1-leg,5.849999999999988,-1.1730087302670387,3,15.0
bridge,1-leg,5.899999999999988,-1.1335051082716117,3,15.0
bridge,1-leg,5.949999999999988,-1.0955845681004774,3,15.0
bridge,1-leg,5.999999999999988,-1.0591737943547015,3,15.0
bridge,2-leg,2.5,39.77854561509514,3,15.0
bridge,2-leg,2.55,28.495998925328724,3,15.0
bridge,2-leg,2.5999999999999996,19.75755938931982,3,15.0
bridge,2-leg,2.6499999999999995,12.993592641871492,3,15.0
bridge,2-leg,2.6999999999999993,7.766303969369915,3,15.0
bridge,2-leg,2.749999999999999,3.7379292296624174,3,15.0
bridge,2-leg,2.799999999999999,0.64692722049878,3,15.0
bridge,2-leg,2.8499999999999988,-1.7099201566361542,3,15.0
bridge,2-leg,2.8999999999999986,-3.4910253866508256,3,15.0
bridge,2-leg,2.9499999999999984,-4.820247214254786,3,15.0
bridge,2-leg,2.9999999999999982,-5.7946982221301875,3,15.0
bridge,2-leg,3.049999999999998,-6.490714919087665,3,15.0
bridge,2-leg,3.099999999999998,-6.968440652285478,3,15.0
bridge,2-leg,3.1499999999999977,-7.275356979017117,3,15.0
bridge,2-leg,3.1999999999999975,-7.449014723260694,3,15.0
bridge,2-leg,3.2499999999999973,-7.519153543562636,3,15.0
bridge,2-leg,3.299999999999997,-7.509352512777269,3,15.0
bridge,2-leg,3.349999999999997,-7.438319677766318,3,15.0
bridge,2-leg,3.399999999999997,-7.32090271674951,3,15.0
bridge,2-leg,3.4499999999999966,-7.168883388063707,3,15.0
bridge,2-leg,3.4999999999999964,-6.991603808892438,3,15.0
bridge,2-leg,3.5499999999999963,-6.796461505266204,3,15.0
bridge,2-leg,3.599999999999996,-6.589301739098318,3,15.0
bridge,2-leg,3.649999999999996,-6.374729183676949,3,15.0
bridge,2-leg,3.6999999999999957,-6.156356092361715,3,15.0
bridge,2-leg,3.7499999999999956,-5.937000321317923,3,15.0
bridge,2-leg,3.7999999999999954,-5.71884365003364,3,15.0
bridge,2-leg,3.849999999999995,-5.503558587908737,3,15.0
bridge,2-leg,3.899999999999995,-5.292410105102097,3,15.0
bridge,2-leg,3.949999999999995,-5.086337364397109,3,15.0
bridge,2-leg,3.9999999999999947,-4.886019467360849,3,15.0
bridge,2-leg,4.0499999999999945,-4.691928396852257,3,15.0
bridge,2-leg,4.099999999999994,-4.504371683559219,3,15.0
bridge,2-leg,4.149999999999994,-4.323526811154901,3,15.0
bridge,2-leg,4.199999999999994,-4.149468967601644,3,15.0
bridge,2-leg,4.249999999999994,-3.9821934297036456,3,15.0
bridge,2-leg,4.299999999999994,-3.8216336123858214,3,15.0
bridge,2-leg,4.349999999999993,-3.6676756122932685,3,15.0
bridge,2-leg,4.399999999999993,-3.5201699124826726,3,15.0
bridge,2-leg,4.449999999999993,-3.3789407870576404,3,15.0
bridge,2-leg,4.499999999999993,-3.2437938402679993,3,15.0
bridge,2-leg,4.549999999999993,-3.114522032095177,3,15.0
bridge,2-leg,4.5999999999999925,-2.990910475308457,3,15.0
bridge,2-leg,4.649999999999992,-2.8727402355434486,3,15.0
bridge,2-leg,4.699999999999992,-2.7597913221594625,3,15.0
bridge,2-leg,4.749999999999992,-2.651845022804337,3,15.0
bridge,2-leg,4.799999999999992,-2.5486857062503954,3,15.0
bridge,2-leg,4.849999999999992,-2.4501021947607966,3,15.0
bridge,2-leg,4.8999999999999915,-2.355888788606872,3,15.0
bridge,2-leg,4.949999999999991,-2.265846010511233,3,15.0
bridge,2-leg,4.999999999999991,-2.179781124476729,3,15.0
bridge,2-leg,5.049999999999991,-2.0975084745178996,3,15.0
bridge,2-leg,5.099999999999991,-2.018849679304337,3,15.0
bridge,2-leg,5.149999999999991,-1.9436337131915327,3,15.0
bridge,2-leg,5.19999999999999,-1.871696897499525,3,15.0
bridge,2-leg,5.24999999999999,-1.802882822213859,3,15.0
bridge,2-leg,5.29999999999999,-1.7370422140364905,3,15.0
bridge,2-leg,5.34999999999999,-1.6740327639446018,3,15.0
bridge,2-leg,5.39999999999999,-1.6137189248684276,3,15.0
bridge,2-leg,5.4499999999999895,-1.5559716880257612,3,15.0
bridge,2-leg,5.499999999999989,-1.5006683448896334,3,15.0
bridge,2-leg,5.549999999999989,-1.4476922401229189,3,15.0
bridge,2-leg,5.599999999999989,-1.3969325201065788,3,15.0
bridge,2-leg,5.649999999999989,-1.3482838803689638,3,15.0
bridge,2-leg,5.699999999999989,-1.3016463147476776,3,15.0
bridge,2-leg,5.7499999999999885,-1.2569248683043996,3,15.0
bridge,2-leg,5.799999999999988,-1.214029395745433,3,15.0
bridge,2-leg,5.849999999999988,-1.1728743263714665,3,15.0
bridge,2-leg,5.899999999999988,-1.133378436718095,3,15.0
bridge,2-leg,5.949999999999988,-1.0954646310569132,3,15.0
bridge,2-leg,5.999999999999988,-1.0590597306496603,3,15.0
hollow,0-leg,2.5,21.128822220411262,3,15.0
hollow,0-leg,2.55,14.541677653969238,3,15.0
hollow,0-leg,2.5999999999999996,9.302276956273879,3,15.0
hollow,0-leg,2.6499999999999995,5.150839421638328,3,15.0
hollow,0-leg,2.6999999999999993,1.8776365897673086,3,15.0
hollow,0-leg,2.749999999999999,-0.6867830113574596,3,15.0
hollow,0-leg,2.799999999999999,-2.6794306607083036,3,15.0
hollow,0-leg,2.8499999999999988,-4.211164953213916,3,15.0
hollow,0-leg,2.8999999999999986,-5.371740531969857,3,15.0
hollow,0-leg,2.9499999999999984,-6.2338657663465264,3,15.0
hollow,0-leg,2.9999999999999982,-6.8564670298014585,3,15.0
hollow,0-leg,3.049999999999998,-7.287317325730776,3,15.0
hollow,0-leg,3.099999999999998,-7.5651552150098285,3,15.0
hollow,0-leg,3.1499999999999977,-7.7213946678341,3,15.0
hollow,0-leg,3.1999999999999975,-7.781506279551569,3,15.0
hollow,0-leg,3.2499999999999973,-7.766134203831645,3,15.0
hollow,0-leg,3.299999999999997,-7.692000331061059,3,15.0
hollow,0-leg,3.349999999999997,-7.572637007384601,3,15.0
hollow,0-leg,3.399999999999997,-7.418981421967389,3,15.0
hollow,0-leg,3.4499999999999966,-7.2398582643135265,3,15.0
hollow,0-leg,3.4999999999999964,-7.042372036309782,3,15.0
hollow,0-leg,3.5499999999999963,-6.832226228094592,3,15.0
hollow,0-leg,3.599999999999996,-6.61398322267831,3,15.0
hollow,0-leg,3.649999999999996,-6.391276111625533,3,15.0
hollow,0-leg,3.6999999999999957,-6.1669814523926325,3,15.0
hollow,0-leg,3.7499999999999956,-5.94336026723019,3,15.0
hollow,0-leg,3.7999999999999954,-5.7221731925400325,3,15.0
hollow,0-leg,3.849999999999995,-5.504774566457646,3,15.0
hollow,0-leg,3.899999999999995,-5.292189338982384,3,15.0
hollow,0-leg,3.949999999999995,-5.085175959552995,3,15.0
hollow,0-leg,3.9999999999999947,-4.884277806796529,3,15.0
hollow,0-leg,4.0499999999999945,-4.689865249052232,3,15.0
hollow,0-leg,4.099999999999994,-4.502170036943245,3,15.0
hollow,0-leg,4.149999999999994,-4.321313416030378,3,15.0
hollow,0-leg,4.199999999999994,-4.147329093395874,3,15.0
hollow,0-leg,4.249999999999994,-3.980181984555692,3,15.0
hollow,0-leg,4.299999999999994,-3.819783498993316,3,15.0
hollow,0-leg,4.349999999999993,-3.6660039850828516,3,15.0
hollow,0-leg,4.399999999999993,-3.5186828436463786,3,15.0
hollow,0-leg,4.449999999999993,-3.3776367273632486,3,15.0
hollow,0-leg,4.499999999999993,-3.2426661692677428,3,15.0
hollow,0-leg,4.549999999999993,-3.1135609214551314,3,15.0
hollow,0-leg,4.5999999999999925,-2.9901042361474772,3,15.0
hollow,0-leg,4.649999999999992,-2.872076279050748,3,15.0
hollow,0-leg,4.699999999999992,-2.759256831957832,3,15.0
hollow,0-leg,4.749999999999992,-2.651427413885621,3,15.0
hollow,0-leg,4.799999999999992,-2.5483729265248636,3,15.0
hollow,0-leg,4.849999999999992,-2.4498829120222525,3,15.0
hollow,0-leg,4.8999999999999915,-2.355752494838782,3,15.0
hollow,0-leg,4.949999999999991,-2.265783067374769,3,15.0
hollow,0-leg,4.999999999999991,-2.1797827680286463,3,15.0
hollow,0-leg,5.049999999999991,-2.097566792185764,3,15.0
hollow,0-leg,5.099999999999991,-2.0189575690334327,3,15.0
hollow,0-leg,5.149999999999991,-1.9437848316508344,3,15.0
hollow,0-leg,5.19999999999999,-1.871885602585948,3,15.0
hollow,0-leg,5.24999999999999,-1.803104113271785,3,15.0
hollow,0-leg,5.29999999999999,-1.7372916725251613,3,15.0
hollow,0-leg,5.34999999999999,-1.6743064959615142,3,15.0
hollow,0-leg,5.39999999999999,-1.6140135067635653,3,15.0
hollow,0-leg,5.4499999999999895,-1.5562841157485678,3,15.0
hollow,0-leg,5.499999999999989,-1.500995987211713,3,15.0
hollow,0-leg,5.549999999999989,-1.4480327959931802,3,15.0
hollow,0-leg,5.599999999999989,-1.397283980037681,3,15.0
hollow,0-leg,5.649999999999989,-1.3486444916528235,3,15.0
hollow,0-leg,5.699999999999989,-1.3020145503701706,3,15.0
hollow,0-leg,5.7499999999999885,-1.2572993991903614,3,15.0
hollow,0-leg,5.799999999999988,-1.2144090661095301,3,15.0
hollow,0-leg,5.849999999999988,-1.1732581320063131,3,15.0
hollow,0-leg,5.899999999999988,-1.1337655056404863,3,15.0
hollow,0-leg,5.949999999999988,-1.095854206680925,3,15.0
hollow,0-leg,5.999999999999988,-1.0594511568674205,3,15.0
hollow,1-leg,2.5,28.231340198307503,3,15.0
hollow,1-leg,2.55,20.764945349278246,3,15.0
hollow,1-leg,2.5999999999999996,14.747450611542142,3,15.0
hollow,1-leg,2.6499999999999995,9.90907073905996,3,15.0
hollow,1-leg,2.6999999999999993,6.03070718166403,3,15.0
hollow,1-leg,2.749999999999999,2.9342171693519563,3,15.0
hollow,1-leg,2.799999999999999,0.4745944448501995,3,15.0
hollow,1-leg,2.8499999999999988,-1.4663213600128762,3,15.0
hollow,1-leg,2.8999999999999986,-2.9849119446002925,3,15.0
hollow,1-leg,2.9499999999999984,-4.159867482898108,3,15.0
hollow,1-leg,2.9999999999999982,-5.055487755497304,3,15.0
hollow,1-leg,3.049999999999998,-5.724352151897158,3,15.0
hollow,1-leg,3.099999999999998,-6.209482258220808,3,15.0
hollow,1-leg,3.1499999999999977,-6.546095947880711,3,15.0
hollow,1-leg,3.1999999999999975,-6.763032152541119,3,15.0
hollow,1-leg,3.2499999999999973,-6.883909767097796,3,15.0
hollow,1-leg,3.299999999999997,-6.928071605474066,3,15.0
hollow,1-leg,3.349999999999997,-6.9113543195155405,3,15.0
hollow,1-leg,3.399999999999997,-6.8467172005878325,3,15.0
hollow,1-leg,3.4499999999999966,-6.744756388981743,3,15.0
hollow,1-leg,3.4999999999999964,-6.614125896376347,3,15.0
hollow,1-leg,3.5499999999999963,-6.461882739418038,3,15.0
hollow,1-leg,3.599999999999996,-6.293770184243097,3,15.0
hollow,1-leg,3.649999999999996,-6.114450449529844,3,15.0
hollow,1-leg,3.6999999999999957,-5.92769607915909,3,15.0
hollow,1-leg,3.7499999999999956,-5.736547472232331,3,15.0
hollow,1-leg,3.7999999999999954,-5.543442666556877,3,15.0
hollow,1-leg,3.849999999999995,-5.35032434533675,3,15.0
hollow,1-leg,3.899999999999995,-5.1587281242867125,3,15.0
hollow,1-leg,3.949999999999995,-4.969855436888334,3,15.0
hollow,1-leg,3.9999999999999947,-4.784633732748301,3,15.0
hollow,1-leg,4.0499999999999945,-4.603766215616375,3,15.0
hollow,1-leg,4.099999999999994,-4.427772947995256,3,15.0
hollow,1-leg,4.149999999999994,-4.257024824136195,3,15.0
hollow,1-leg,4.199999999999994,-4.091771646656944,3,15.0
hollow,1-leg,4.249999999999994,-3.932165324872166,3,15.0
hollow,1-leg,4.299999999999994,-3.7782790341489507,3,15.0
hollow,1-leg,4.349999999999993,-3.6301230290798676,3,15.0
hollow,1-leg,4.399999999999993,-3.4876576833904567,3,15.0
hollow,1-leg,4.449999999999993,-3.350804230192959,3,15.0
hollow,1-leg,4.499999999999993,-3.2194535950427436,3,15.0
hollow,1-leg,4.549999999999993,-3.0934736464640755,3,15.0
hollow,1-leg,4.5999999999999925,-2.9727151340879807,3,15.0
hollow,1-leg,4.649999999999992,-2.85701653762128,3,15.0
hollow,1-leg,4.699999999999992,-2.7462080129162176,3,15.0
hollow,1-leg,4.749999999999992,-2.64011458930171,3,15.0
hollow,1-leg,4.799999999999992,-2.538558746615892,3,15.0
hollow,1-leg,4.849999999999992,-2.441362478838704,3,15.0
hollow,1-leg,4.8999999999999915,-2.3483489331670735,3,15.0
hollow,1-leg,4.949999999999991,-2.259343698152889,3,15.0
hollow,1-leg,4.999999999999991,-2.174175803206028,3,15.0
hollow,1-leg,5.049999999999991,-2.092678479788494,3,15.0
hollow,1-leg,5.099999999999991,-2.014689727687824,3,15.0
hollow,1-leg,5.149999999999991,-1.940052721441777,3,15.0
hollow,1-leg,5.19999999999999,-1.8686160865733967,3,15.0
hollow,1-leg,5.24999999999999,-1.8002340701314656,3,15.0
hollow,1-leg,5.29999999999999,-1.7347666259182275,3,15.0
hollow,1-leg,5.34999999999999,-1.672079431425641,3,15.0
hollow,1-leg,5.39999999999999,-1.6120438502103367,3,15.0
hollow,1-leg,5.4499999999999895,-1.5545368516574314,3,15.0
hollow,1-leg,5.499999999999989,-1.4994408975357096,3,15.0
hollow,1-leg,5.549999999999989,-1.4466438031527051,3,15.0
hollow,1-leg,5.599999999999989,-1.3960385797795958,3,15.0
hollow,1-leg,5.649999999999989,-1.3475232636240726,3,15.0
hollow,1-leg,5.699999999999989,-1.3010007355792759,3,15.0
hollow,1-leg,5.7499999999999885,-1.2563785354710317,3,15.0
hollow,1-leg,5.799999999999988,-1.21356867335364,3,15.0
hollow,1-leg,5.849999999999988,-1.172487440654268,3,15.0
hollow,1-leg,5.899999999999988,-1.1330552221825663,3,15.0
hollow,1-leg,5.949999999999988,-1.09519631148025,3,15.0
hollow,1-leg,5.999999999999988,-1.0588387294878556,3,15.0
hollow,2-leg,2.5,21.465093001903465,3,15.0
hollow,2-leg,2.55,14.807760023613447,3,15.0
hollow,2-leg,2.5999999999999996,9.513013034100247,3,15.0
hollow,2-leg,2.6499999999999995,5.317925201383649,3,15.0
hollow,2-leg,2.6999999999999993,2.0102847054084405,3,15.0
hollow,2-leg,2.749999999999999,-0.5813179103356956,3,15.0
hollow,2-leg,2.799999999999999,-2.595436289844938,3,15.0
hollow,2-leg,2.8499999999999988,-4.144143157394388,3,15.0
hollow,2-leg,2.8999999999999986,-5.3181484242018024,3,15.0
hollow,2-leg,2.9499999999999984,-6.190911812293735,3,15.0
hollow,2-leg,2.9999999999999982,-6.82195056320186,3,15.0
hollow,2-leg,3.049999999999998,-7.259502335612062,3,15.0
hollow,2-leg,3.099999999999998,-7.542671139746337,3,15.0
hollow,2-leg,3.1499999999999977,-7.703158446743326,3,15.0
hollow,2-leg,3.1999999999999975,-7.766661120852324,3,15.0
hollow,2-leg,3.2499999999999973,-7.754001488386895,3,15.0
hollow,2-leg,3.299999999999997,-7.682041832384562,3,15.0
hollow,2-leg,3.349999999999997,-7.564425209935707,3,15.0
hollow,2-leg,3.399999999999997,-7.412176195120325,3,15.0
hollow,2-leg,3.4499999999999966,-7.2341885233662575,3,15.0
hollow,2-leg,3.4999999999999964,-7.037621316677498,3,15.0
hollow,2-leg,3.5499999999999963,-6.828221330393867,3,15.0
hollow,2-leg,3.599999999999996,-6.610585267697554,3,15.0
hollow,2-leg,3.649999999999996,-6.388373487926632,3,15.0
hollow,2-leg,3.6999999999999957,-6.1644842500578525,3,15.0
hollow,2-leg,3.7499999999999956,-5.941195879736796,3,15.0
hollow,2-leg,3.7999999999999954,-5.720282837040833,3,15.0
hollow,2-leg,3.849999999999995,-5.503110527104374,3,15.0
hollow,2-leg,3.899999999999995,-5.290712779523632,3,15.0
hollow,2-leg,3.949999999999995,-5.08385518470595,3,15.0
hollow,2-leg,3.9999999999999947,-4.883086878137913,3,15.0
hollow,2-leg,4.0499999999999945,-4.688782880738941,3,15.0
hollow,2-leg,4.099999999999994,-4.50117871302955,3,15.0
hollow,2-leg,4.149999999999994,-4.3203986834140125,3,15.0
hollow,2-leg,4.199999999999994,-4.1464789941150775,3,15.0
hollow,2-leg,4.249999999999994,-3.9793865988590724,3,15.0
hollow,2-leg,4.299999999999994,-3.8190345767107337,3,15.0
hollow,2-leg,4.349999999999993,-3.665294647514883,3,15.0
hollow,2-leg,4.399999999999993,-3.518007341664192,3,15.0
hollow,2-leg,4.449999999999993,-3.37699024484679,3,15.0
hollow,2-leg,4.499999999999993,-3.2420446627218027,3,15.0
hollow,2-leg,4.549999999999993,-3.1129609889857184,3,15.0
hollow,2-leg,4.5999999999999925,-2.989523009870414,3,15.0
hollow,2-leg,4.649999999999992,-2.8715113367324423,3,15.0
hollow,2-leg,4.699999999999992,-2.7587061242102253,3,15.0
hollow,2-leg,4.749999999999992,-2.6508892038266723,3,15.0
hollow,2-leg,4.799999999999992,-2.547845739932783,3,15.0
hollow,2-leg,4.849999999999992,-2.4493654957388515,3,15.0
hollow,2-leg,4.8999999999999915,-2.355243782241416,3,15.0
hollow,2-leg,4.949999999999991,-2.2652821494944244,3,15.0
hollow,2-leg,4.999999999999991,-2.1792888693719323,3,15.0
hollow,2-leg,5.049999999999991,-2.0970792504186213,3,15.0
hollow,2-leg,5.099999999999991,-2.0184758179372015,3,15.0
hollow,2-leg,5.149999999999991,-1.9433083867449632,3,15.0
hollow,2-leg,5.19999999999999,-1.8714140489807818,3,15.0
hollow,2-leg,5.24999999999999,-1.8026370954422068,3,15.0
hollow,2-leg,5.29999999999999,-1.7368288855521583,3,15.0
hollow,2-leg,5.34999999999999,-1.6738476781889178,3,15.0
hollow,2-leg,5.39999999999999,-1.613558433584383,3,15.0
hollow,2-leg,5.4499999999999895,-1.5558325941771187,3,15.0
hollow,2-leg,5.499999999999989,-1.5005478513670774,3,15.0
hollow,2-leg,5.549999999999989,-1.447587903273865,3,15.0
hollow,2-leg,5.599999999999989,-1.3968422077855926,3,15.0
hollow,2-leg,5.649999999999989,-1.348205734299274,3,15.0
hollow,2-leg,5.699999999999989,-1.3015787170220783,3,15.0
hollow,2-leg,5.7499999999999885,-1.2568664115929833,3,15.0
hollow,2-leg,5.799999999999988,-1.213978856860214,3,15.0
hollow,2-leg,5.849999999999988,-1.1728306429992612,3,15.0
hollow,2-leg,5.899999999999988,-1.1333406868262053,3,15.0
hollow,2-leg,5.949999999999988,-1.0954320148602354,3,15.0
hollow,2-leg,5.999999999999988,-1.0590315548056095,3,15.0
